<?xml version="1.0" encoding="UTF-8"?>
<vivadoHLSLog:LogRoot xmlns:vivadoHLSLog="www.xilinx.com/vivadoHLSLog">
  <errorLogs>
    <logs>
      <synLog/>
      <simLog/>
      <mgLog/>
      <packageLog/>
      <csimLog/>
    </logs>
  </errorLogs>
  <warningLogs>
    <logs>
      <synLog>
        <logs message="WARNING: [SCHED 204-69] Unable to schedule 'load' operation ('iencrypted_load_33', ../shiftrows.cpp:26->../aes_main.cpp:52) on array 'iencrypted', ../aes_main.cpp:19 due to limited memory ports. Please consider using a memory core with more ports or partitioning the array 'iencrypted'." projectName="aes_hw_impl_hls" solutionName="solution11" date="2022-04-13T14:23:22.895-0400" type="Warning"/>
        <logs message="WARNING: [SCHED 204-68] The II Violation in module 'aes_encrypt' (Loop: aes_round_loop): Unable to enforce a carried dependence constraint (II = 50, distance = 1, offset = 1)&#xD;&#xA;   between 'call' operation ('_ln54', ../aes_main.cpp:54) to 'addRoundKey' and 'call' operation ('_ln51', ../aes_main.cpp:51) to 'forwardSubst1'." projectName="aes_hw_impl_hls" solutionName="solution11" date="2022-04-13T14:23:22.850-0400" type="Warning"/>
        <logs message="WARNING: [SCHED 204-68] The II Violation in module 'aes_encrypt' (Loop: aes_round_loop): Unable to enforce a carried dependence constraint (II = 21, distance = 1, offset = 1)&#xD;&#xA;   between 'call' operation ('_ln164', ../mixcolumn.cpp:164->../aes_main.cpp:53) to 'mixColViaLUT' and 'load' operation ('tmp', ../shiftrows.cpp:18->../aes_main.cpp:52) on array 'iencrypted', ../aes_main.cpp:19." projectName="aes_hw_impl_hls" solutionName="solution11" date="2022-04-13T14:23:22.810-0400" type="Warning"/>
        <logs message="WARNING: [SCHED 204-68] The II Violation in module 'aes_encrypt' (Loop: aes_round_loop): Unable to enforce a carried dependence constraint (II = 20, distance = 1, offset = 1)&#xD;&#xA;   between 'call' operation ('_ln164', ../mixcolumn.cpp:164->../aes_main.cpp:53) to 'mixColViaLUT' and 'load' operation ('tmp', ../shiftrows.cpp:18->../aes_main.cpp:52) on array 'iencrypted', ../aes_main.cpp:19." projectName="aes_hw_impl_hls" solutionName="solution11" date="2022-04-13T14:23:22.800-0400" type="Warning"/>
        <logs message="WARNING: [SCHED 204-68] The II Violation in module 'aes_encrypt' (Loop: aes_round_loop): Unable to enforce a carried dependence constraint (II = 19, distance = 1, offset = 1)&#xD;&#xA;   between 'load' operation ('tmp', ../shiftrows.cpp:18->../aes_main.cpp:52) on array 'iencrypted', ../aes_main.cpp:19 and 'call' operation ('_ln51', ../aes_main.cpp:51) to 'forwardSubst1'." projectName="aes_hw_impl_hls" solutionName="solution11" date="2022-04-13T14:23:22.790-0400" type="Warning"/>
        <logs message="WARNING: [SCHED 204-68] The II Violation in module 'aes_encrypt' (Loop: aes_round_loop): Unable to enforce a carried dependence constraint (II = 18, distance = 1, offset = 1)&#xD;&#xA;   between 'load' operation ('tmp', ../shiftrows.cpp:18->../aes_main.cpp:52) on array 'iencrypted', ../aes_main.cpp:19 and 'call' operation ('_ln51', ../aes_main.cpp:51) to 'forwardSubst1'." projectName="aes_hw_impl_hls" solutionName="solution11" date="2022-04-13T14:23:22.780-0400" type="Warning"/>
        <logs message="WARNING: [SCHED 204-69] Unable to schedule 'load' operation ('mx2_load_1', ../mixcolumn.cpp:140) on array 'mx2' due to limited memory ports. Please consider using a memory core with more ports or partitioning the array 'mx2'." projectName="aes_hw_impl_hls" solutionName="solution11" date="2022-04-13T14:23:22.540-0400" type="Warning"/>
        <logs message="WARNING: [SCHED 204-69] Unable to schedule 'load' operation ('mx3_load_1', ../mixcolumn.cpp:140) on array 'mx3' due to limited memory ports. Please consider using a memory core with more ports or partitioning the array 'mx3'." projectName="aes_hw_impl_hls" solutionName="solution11" date="2022-04-13T14:23:22.540-0400" type="Warning"/>
        <logs message="WARNING: [SCHED 204-69] Unable to schedule 'load' operation ('r_load_2', ../mixcolumn.cpp:137) on array 'r' due to limited memory ports. Please consider using a memory core with more ports or partitioning the array 'r'." projectName="aes_hw_impl_hls" solutionName="solution11" date="2022-04-13T14:23:22.520-0400" type="Warning"/>
        <logs message="WARNING: [SCHED 204-68] The II Violation in module 'mixColViaLUT' (Function: mixColViaLUT): Unable to enforce a carried dependence constraint (II = 2, distance = 1, offset = 1)&#xD;&#xA;   between 'store' operation ('r_addr_write_ln139', ../mixcolumn.cpp:139) of variable 'xor_ln139_2', ../mixcolumn.cpp:139 on array 'r' and 'load' operation ('r_load', ../mixcolumn.cpp:137) on array 'r'." projectName="aes_hw_impl_hls" solutionName="solution11" date="2022-04-13T14:23:22.510-0400" type="Warning"/>
        <logs message="WARNING: [SCHED 204-68] The II Violation in module 'mixColViaLUT' (Function: mixColViaLUT): Unable to enforce a carried dependence constraint (II = 1, distance = 1, offset = 1)&#xD;&#xA;   between 'store' operation ('r_addr_write_ln139', ../mixcolumn.cpp:139) of variable 'xor_ln139_2', ../mixcolumn.cpp:139 on array 'r' and 'load' operation ('r_load', ../mixcolumn.cpp:137) on array 'r'." projectName="aes_hw_impl_hls" solutionName="solution11" date="2022-04-13T14:23:22.500-0400" type="Warning"/>
        <logs message="WARNING: [SCHED 204-69] Unable to schedule 'load' operation ('sbox_load', ../sbox.cpp:68) on array 'sbox' due to limited memory ports. Please consider using a memory core with more ports or partitioning the array 'sbox'." projectName="aes_hw_impl_hls" solutionName="solution11" date="2022-04-13T14:23:22.241-0400" type="Warning"/>
        <logs message="WARNING: [SCHED 204-69] Unable to schedule 'load' operation ('state_load_6', ../sbox.cpp:68) on array 'state' due to limited memory ports. Please consider using a memory core with more ports or partitioning the array 'state'." projectName="aes_hw_impl_hls" solutionName="solution11" date="2022-04-13T14:23:22.241-0400" type="Warning"/>
        <logs message="WARNING: [SCHED 204-68] The II Violation in module 'forwardSubst1' (Function: forwardSubst1): Unable to enforce a carried dependence constraint (II = 2, distance = 1, offset = 1)&#xD;&#xA;   between 'store' operation ('state_addr_write_ln68', ../sbox.cpp:68) of variable 'sbox_load', ../sbox.cpp:68 on array 'state' and 'load' operation ('state_load', ../sbox.cpp:68) on array 'state'." projectName="aes_hw_impl_hls" solutionName="solution11" date="2022-04-13T14:23:21.916-0400" type="Warning"/>
        <logs message="WARNING: [SCHED 204-68] The II Violation in module 'forwardSubst1' (Function: forwardSubst1): Unable to enforce a carried dependence constraint (II = 1, distance = 1, offset = 1)&#xD;&#xA;   between 'store' operation ('state_addr_write_ln68', ../sbox.cpp:68) of variable 'sbox_load', ../sbox.cpp:68 on array 'state' and 'load' operation ('state_load', ../sbox.cpp:68) on array 'state'." projectName="aes_hw_impl_hls" solutionName="solution11" date="2022-04-13T14:23:21.906-0400" type="Warning"/>
        <logs message="WARNING: [SCHED 204-69] Unable to schedule 'load' operation ('state_load_4', ../addRoundKey.cpp:12) on array 'state' due to limited memory ports. Please consider using a memory core with more ports or partitioning the array 'state'." projectName="aes_hw_impl_hls" solutionName="solution11" date="2022-04-13T14:23:21.628-0400" type="Warning"/>
        <logs message="WARNING: [SCHED 204-68] The II Violation in module 'addRoundKey' (Function: addRoundKey): Unable to enforce a carried dependence constraint (II = 1, distance = 1, offset = 1)&#xD;&#xA;   between 'store' operation ('state_addr_write_ln12', ../addRoundKey.cpp:12) of variable 'xor_ln12', ../addRoundKey.cpp:12 on array 'state' and 'load' operation ('state_load', ../addRoundKey.cpp:12) on array 'state'." projectName="aes_hw_impl_hls" solutionName="solution11" date="2022-04-13T14:23:21.578-0400" type="Warning"/>
        <logs message="WARNING: [XFORM 203-1103] Ignored data pack directive on non-struct variable 'block.data.V' (../aes_main.cpp:87)." projectName="aes_hw_impl_hls" solutionName="solution11" date="2022-04-13T14:23:17.310-0400" type="Warning"/>
        <logs message="WARNING: [XFORM 203-1103] Ignored data pack directive on non-struct variable 'encrypted.data.V' (../aes_main.cpp:87)." projectName="aes_hw_impl_hls" solutionName="solution11" date="2022-04-13T14:23:17.250-0400" type="Warning"/>
        <logs message="WARNING: [XFORM 203-1103] Ignored data pack directive on non-struct variable 'block.data.V' (../aes_main.cpp:87)." projectName="aes_hw_impl_hls" solutionName="solution3" date="2022-04-13T14:14:03.369-0400" type="Warning"/>
        <logs message="WARNING: [XFORM 203-1103] Ignored data pack directive on non-struct variable 'encrypted.data.V' (../aes_main.cpp:87)." projectName="aes_hw_impl_hls" solutionName="solution3" date="2022-04-13T14:14:03.309-0400" type="Warning"/>
        <logs message="WARNING: [XFORM 203-1103] Ignored data pack directive on non-struct variable 'block.data.V' (../aes_main.cpp:82)." projectName="aes_hw_impl_hls" solutionName="solution2" date="2022-04-02T16:28:43.966-0400" type="Warning"/>
        <logs message="WARNING: [XFORM 203-1103] Ignored data pack directive on non-struct variable 'encrypted.data.V' (../aes_main.cpp:82)." projectName="aes_hw_impl_hls" solutionName="solution2" date="2022-04-02T16:28:43.628-0400" type="Warning"/>
      </synLog>
      <simLog/>
      <mgLog/>
      <packageLog/>
      <csimLog/>
    </logs>
  </warningLogs>
</vivadoHLSLog:LogRoot>
