{
  "Top": "aes_encrypt_impl",
  "RtlTop": "aes_encrypt_impl",
  "RtlPrefix": "",
  "SourceLanguage": "cpp",
  "ResetStyle": "control",
  "GenerateBdFiles": "1",
  "HostMachineBits": "64",
  "Target": {
    "Family": "zynq",
    "Device": "xc7z020",
    "Package": "-clg400",
    "Speed": "-1"
  },
  "HlsSolution": {
    "Config": [
      "config_export -format=ip_catalog",
      "config_export -rtl=verilog"
    ],
    "DirectiveTcl": [
      "set_directive_unroll aes_encrypt\/aes_encrypt_label0 ",
      "set_directive_unroll arrToBigInt\/arr_to_int_loop ",
      "set_directive_unroll bigIntToArr\/int_to_arr_loop ",
      "set_directive_unroll aes_encrypt\/aes_input_loop ",
      "set_directive_unroll aes_encrypt\/aes_output_loop ",
      "set_directive_unroll keyExpand\/key_expand_work_loop ",
      "set_directive_unroll keyExpand\/key_expand_loop ",
      "set_directive_unroll addRoundKey\/round_key_loop ",
      "set_directive_unroll forwardSubst1\/forward_subst_loop ",
      "set_directive_unroll mixColViaLUT\/mix_col_lut_loop ",
      "set_directive_unroll mixColumnsInBlock\/mix_col_block_loop ",
      "set_directive_pipeline aes_encrypt\/aes_round_loop "
    ],
    "DirectiveInfo": [
      "unroll aes_encrypt\/aes_encrypt_label0 {} {}",
      "unroll arrToBigInt\/arr_to_int_loop {} {}",
      "unroll bigIntToArr\/int_to_arr_loop {} {}",
      "unroll aes_encrypt\/aes_input_loop {} {}",
      "unroll aes_encrypt\/aes_output_loop {} {}",
      "unroll keyExpand\/key_expand_work_loop {} {}",
      "unroll keyExpand\/key_expand_loop {} {}",
      "unroll addRoundKey\/round_key_loop {} {}",
      "unroll forwardSubst1\/forward_subst_loop {} {}",
      "unroll mixColViaLUT\/mix_col_lut_loop {} {}",
      "unroll mixColumnsInBlock\/mix_col_block_loop {} {}",
      "pipeline aes_encrypt\/aes_round_loop {} {}"
    ]
  },
  "Args": {
    "block": {
      "index": "0",
      "type": {
        "kinds": [
          "struct",
          "pointer"
        ],
        "dataType": "ap_axis<128, 1, 1, 1>",
        "structImpl": "flat-interface",
        "fields": {
          "data": {
            "order": "0",
            "dataType": "ap_int",
            "dataWidth": "128",
            "portRef": "TDATA",
            "structImpl": "interface"
          },
          "keep": {
            "order": "1",
            "dataType": "ap_uint",
            "dataWidth": "16",
            "portRef": "TDATA",
            "structImpl": "interface"
          },
          "strb": {
            "order": "2",
            "dataType": "ap_uint",
            "dataWidth": "16",
            "portRef": "TDATA",
            "structImpl": "interface"
          },
          "user": {
            "order": "3",
            "dataType": "ap_uint",
            "dataWidth": "1",
            "portRef": "TDATA",
            "structImpl": "interface"
          },
          "last": {
            "order": "4",
            "dataType": "ap_uint",
            "dataWidth": "1",
            "portRef": "TDATA",
            "structImpl": "interface"
          },
          "id": {
            "order": "5",
            "dataType": "ap_uint",
            "dataWidth": "1",
            "portRef": "TDATA",
            "structImpl": "interface"
          },
          "dest": {
            "order": "6",
            "dataType": "ap_uint",
            "dataWidth": "1",
            "portRef": "TDATA",
            "structImpl": "interface"
          }
        }
      }
    },
    "encrypted": {
      "index": "1",
      "type": {
        "kinds": [
          "struct",
          "pointer"
        ],
        "dataType": "ap_axis<128, 1, 1, 1>",
        "structImpl": "flat-field",
        "dataPack": true,
        "fields": {
          "data": {
            "order": "0",
            "dataType": "ap_int",
            "dataWidth": "128",
            "interfaceRef": "encrypted",
            "bitMap": "127:0",
            "portRef": "TDATA",
            "structImpl": "interface",
            "dataPack": true
          },
          "keep": {
            "order": "1",
            "dataType": "ap_uint",
            "dataWidth": "16",
            "interfaceRef": "encrypted",
            "bitMap": "15:0",
            "portRef": "TDATA",
            "structImpl": "interface",
            "dataPack": true
          },
          "strb": {
            "order": "2",
            "dataType": "ap_uint",
            "dataWidth": "16",
            "interfaceRef": "encrypted",
            "bitMap": "15:0",
            "portRef": "TDATA",
            "structImpl": "interface",
            "dataPack": true
          },
          "user": {
            "order": "3",
            "dataType": "ap_uint",
            "dataWidth": "1",
            "interfaceRef": "encrypted",
            "bitMap": "0:0",
            "portRef": "TDATA",
            "structImpl": "interface",
            "dataPack": true
          },
          "last": {
            "order": "4",
            "dataType": "ap_uint",
            "dataWidth": "1",
            "interfaceRef": "encrypted",
            "bitMap": "0:0",
            "portRef": "TDATA",
            "structImpl": "interface",
            "dataPack": true
          },
          "id": {
            "order": "5",
            "dataType": "ap_uint",
            "dataWidth": "1",
            "interfaceRef": "encrypted",
            "bitMap": "0:0",
            "portRef": "TDATA",
            "structImpl": "interface",
            "dataPack": true
          },
          "dest": {
            "order": "6",
            "dataType": "ap_uint",
            "dataWidth": "1",
            "interfaceRef": "encrypted",
            "bitMap": "0:0",
            "portRef": "TDATA",
            "structImpl": "interface",
            "dataPack": true
          }
        }
      }
    },
    "key_const": {
      "index": "2",
      "type": {
        "dataType": "ap_uint",
        "dataWidth": "128",
        "interfaceRef": "s_axi_AXILiteS",
        "registerRefs": [
          "key_const_V_1",
          "key_const_V_2",
          "key_const_V_3",
          "key_const_V_4"
        ]
      }
    }
  },
  "Return": {
    
  },
  "ClockInfo": {
    "ClockName": "ap_clk",
    "ClockPeriod": "10",
    "IsCombLogic": "0",
    "II": "x",
    "Latency": "771",
    "Uncertainty": "1.25"
  },
  "Xdc": {"OocClocks": ["create_clock -name ap_clk -period 10.000 [get_ports ap_clk]"]},
  "Ipx": {
    "Vendor": "xilinx.com",
    "Library": "hls",
    "Name": "aes_encrypt_impl",
    "Version": "1.0",
    "DisplayName": "Aes_encrypt_impl",
    "Revision": "",
    "Description": "An IP generated by Vivado HLS",
    "Taxonomy": "\/VIVADO_HLS_IP",
    "AutoFamilySupport": ""
  },
  "Files": {
    "CSource": [
      "..\/..\/..\/shiftrows.cpp",
      "..\/..\/..\/sbox.cpp",
      "..\/..\/..\/mixcolumn.cpp",
      "..\/..\/..\/aes_main.cpp",
      "..\/..\/..\/aes_key_expand.cpp",
      "..\/..\/..\/addRoundKey.cpp"
    ],
    "Vhdl": [
      "impl\/vhdl\/addRoundKey.vhd",
      "impl\/vhdl\/aes_encrypt.vhd",
      "impl\/vhdl\/aes_encrypt_iencrbkb.vhd",
      "impl\/vhdl\/aes_encrypt_impl_AXILiteS_s_axi.vhd",
      "impl\/vhdl\/aes_encrypt_roundcud.vhd",
      "impl\/vhdl\/deconWord.vhd",
      "impl\/vhdl\/forwardSubst1.vhd",
      "impl\/vhdl\/forwardSubst1_sbox.vhd",
      "impl\/vhdl\/keyExpand.vhd",
      "impl\/vhdl\/mixColViaLUT.vhd",
      "impl\/vhdl\/mixColViaLUT_mx2.vhd",
      "impl\/vhdl\/mixColViaLUT_mx3.vhd",
      "impl\/vhdl\/regslice_core.vhd",
      "impl\/vhdl\/subWord.vhd",
      "impl\/vhdl\/subWord_sbox.vhd",
      "impl\/vhdl\/aes_encrypt_impl.vhd"
    ],
    "Verilog": [
      "impl\/verilog\/addRoundKey.v",
      "impl\/verilog\/aes_encrypt.v",
      "impl\/verilog\/aes_encrypt_iencrbkb.v",
      "impl\/verilog\/aes_encrypt_impl_AXILiteS_s_axi.v",
      "impl\/verilog\/aes_encrypt_roundcud.v",
      "impl\/verilog\/deconWord.v",
      "impl\/verilog\/forwardSubst1.v",
      "impl\/verilog\/forwardSubst1_sbox.v",
      "impl\/verilog\/forwardSubst1_sbox_rom.dat",
      "impl\/verilog\/keyExpand.v",
      "impl\/verilog\/mixColViaLUT.v",
      "impl\/verilog\/mixColViaLUT_mx2.v",
      "impl\/verilog\/mixColViaLUT_mx2_rom.dat",
      "impl\/verilog\/mixColViaLUT_mx3.v",
      "impl\/verilog\/mixColViaLUT_mx3_rom.dat",
      "impl\/verilog\/regslice_core.v",
      "impl\/verilog\/subWord.v",
      "impl\/verilog\/subWord_sbox.v",
      "impl\/verilog\/subWord_sbox_rom.dat",
      "impl\/verilog\/aes_encrypt_impl.v"
    ],
    "SwDriver": [
      "impl\/misc\/drivers\/aes_encrypt_impl_v1_0\/data\/aes_encrypt_impl.mdd",
      "impl\/misc\/drivers\/aes_encrypt_impl_v1_0\/data\/aes_encrypt_impl.tcl",
      "impl\/misc\/drivers\/aes_encrypt_impl_v1_0\/src\/Makefile",
      "impl\/misc\/drivers\/aes_encrypt_impl_v1_0\/src\/xaes_encrypt_impl.c",
      "impl\/misc\/drivers\/aes_encrypt_impl_v1_0\/src\/xaes_encrypt_impl.h",
      "impl\/misc\/drivers\/aes_encrypt_impl_v1_0\/src\/xaes_encrypt_impl_hw.h",
      "impl\/misc\/drivers\/aes_encrypt_impl_v1_0\/src\/xaes_encrypt_impl_linux.c",
      "impl\/misc\/drivers\/aes_encrypt_impl_v1_0\/src\/xaes_encrypt_impl_sinit.c"
    ],
    "Misc": ["impl\/misc\/logo.png"],
    "DesignXml": "C:\/Users\/briasco-stewart.a\/Desktop\/aes_hw_impl\/aes_hw_impl\/aes_hw_impl_hls\/aes_hw_impl_hls\/solution11\/.autopilot\/db\/aes_encrypt_impl.design.xml",
    "DebugDir": "C:\/Users\/briasco-stewart.a\/Desktop\/aes_hw_impl\/aes_hw_impl\/aes_hw_impl_hls\/aes_hw_impl_hls\/solution11\/.debug",
    "ProtoInst": ["C:\/Users\/briasco-stewart.a\/Desktop\/aes_hw_impl\/aes_hw_impl\/aes_hw_impl_hls\/aes_hw_impl_hls\/solution11\/.debug\/aes_encrypt_impl.protoinst"]
  },
  "SubcoreInfo": {
    "HasXpmMemory": false,
    "HasClockedDsp": false,
    "IP": []
  },
  "Interfaces": {
    "ap_clk": {
      "type": "clock",
      "ctype": {"CLK": {"Type": "bool"}},
      "bundle_name": "ap_clk",
      "bundle_role": "default",
      "buses": "s_axi_AXILiteS block_r encrypted",
      "reset": "ap_rst_n"
    },
    "ap_rst_n": {
      "type": "reset",
      "polarity": "ACTIVE_LOW",
      "ctype": {"RST": {"Type": "bool"}},
      "bundle_name": "ap_rst_n",
      "bundle_role": "default"
    },
    "block_r": {
      "type": "axi4stream",
      "mode": "slave",
      "port_prefix": "block_r",
      "has_tready": "1",
      "ctype": {
        "TDATA": {
          "Type": "integer signed",
          "Width": "128"
        },
        "TVALID": {"Type": "bool"},
        "TREADY": {"Type": "bool"},
        "TDEST": {
          "Type": "integer unsigned",
          "Width": "1"
        },
        "TKEEP": {
          "Type": "integer unsigned",
          "Width": "16"
        },
        "TSTRB": {
          "Type": "integer unsigned",
          "Width": "16"
        },
        "TUSER": {
          "Type": "integer unsigned",
          "Width": "1"
        },
        "TLAST": {
          "Type": "integer unsigned",
          "Width": "1"
        },
        "TID": {
          "Type": "integer unsigned",
          "Width": "1"
        }
      },
      "port_width": {
        "TDATA": "128",
        "TDEST": "1",
        "TID": "1",
        "TKEEP": "16",
        "TLAST": "1",
        "TSTRB": "16",
        "TUSER": "1"
      }
    },
    "encrypted": {
      "type": "axi4stream",
      "mode": "master",
      "port_prefix": "encrypted",
      "has_tready": "1",
      "ctype": {
        "TDATA": {
          "Type": "integer signed",
          "Width": "128"
        },
        "TVALID": {"Type": "bool"},
        "TREADY": {"Type": "bool"},
        "TDEST": {
          "Type": "integer unsigned",
          "Width": "1"
        },
        "TKEEP": {
          "Type": "integer unsigned",
          "Width": "16"
        },
        "TSTRB": {
          "Type": "integer unsigned",
          "Width": "16"
        },
        "TUSER": {
          "Type": "integer unsigned",
          "Width": "1"
        },
        "TLAST": {
          "Type": "integer unsigned",
          "Width": "1"
        },
        "TID": {
          "Type": "integer unsigned",
          "Width": "1"
        }
      },
      "port_width": {
        "TDATA": "128",
        "TDEST": "1",
        "TID": "1",
        "TKEEP": "16",
        "TLAST": "1",
        "TSTRB": "16",
        "TUSER": "1"
      }
    },
    "s_axi_AXILiteS": {
      "type": "axi4lite",
      "is_adaptor": "true",
      "mode": "slave",
      "port_prefix": "s_axi_AXILiteS",
      "param_prefix": "C_S_AXI_AXILITES",
      "addr_bits": "6",
      "registers": [
        {
          "offset": "0x10",
          "name": "key_const_V_1",
          "access": "W",
          "reset_value": "0x0",
          "description": "Data signal of key_const_V",
          "fields": [{
              "offset": "0",
              "width": "32",
              "name": "key_const_V",
              "access": "W",
              "reset_value": "0",
              "description": "Bit 31 to 0 Data signal of key_const_V"
            }]
        },
        {
          "offset": "0x14",
          "name": "key_const_V_2",
          "access": "W",
          "reset_value": "0x0",
          "description": "Data signal of key_const_V",
          "fields": [{
              "offset": "0",
              "width": "32",
              "name": "key_const_V",
              "access": "W",
              "reset_value": "0",
              "description": "Bit 63 to 32 Data signal of key_const_V"
            }]
        },
        {
          "offset": "0x18",
          "name": "key_const_V_3",
          "access": "W",
          "reset_value": "0x0",
          "description": "Data signal of key_const_V",
          "fields": [{
              "offset": "0",
              "width": "32",
              "name": "key_const_V",
              "access": "W",
              "reset_value": "0",
              "description": "Bit 95 to 64 Data signal of key_const_V"
            }]
        },
        {
          "offset": "0x1c",
          "name": "key_const_V_4",
          "access": "W",
          "reset_value": "0x0",
          "description": "Data signal of key_const_V",
          "fields": [{
              "offset": "0",
              "width": "32",
              "name": "key_const_V",
              "access": "W",
              "reset_value": "0",
              "description": "Bit 127 to 96 Data signal of key_const_V"
            }]
        }
      ],
      "ctype": {
        "AWVALID": {"Type": "bool"},
        "AWREADY": {"Type": "bool"},
        "WVALID": {"Type": "bool"},
        "WREADY": {"Type": "bool"},
        "BVALID": {"Type": "bool"},
        "BREADY": {"Type": "bool"},
        "BRESP": {
          "Type": "integer unsigned",
          "Width": "2"
        },
        "ARVALID": {"Type": "bool"},
        "ARREADY": {"Type": "bool"},
        "RVALID": {"Type": "bool"},
        "RREADY": {"Type": "bool"},
        "RRESP": {
          "Type": "integer unsigned",
          "Width": "2"
        },
        "AWADDR": {
          "Type": "integer unsigned",
          "Width": "6"
        },
        "WDATA": {
          "Type": "integer unsigned",
          "Width": "128"
        },
        "WSTRB": {
          "Type": "integer unsigned",
          "Width": "4"
        },
        "ARADDR": {
          "Type": "integer unsigned",
          "Width": "6"
        },
        "RDATA": {
          "Type": "integer unsigned",
          "Width": "128"
        }
      },
      "data_width": "32",
      "port_width": {
        "ARADDR": "6",
        "AWADDR": "6",
        "RDATA": "32",
        "WDATA": "32",
        "WSTRB": "4"
      }
    }
  },
  "RtlPorts": {
    "s_axi_AXILiteS_AWVALID": {
      "dir": "in",
      "width": "1"
    },
    "s_axi_AXILiteS_AWREADY": {
      "dir": "out",
      "width": "1"
    },
    "s_axi_AXILiteS_AWADDR": {
      "dir": "in",
      "width": "6"
    },
    "s_axi_AXILiteS_WVALID": {
      "dir": "in",
      "width": "1"
    },
    "s_axi_AXILiteS_WREADY": {
      "dir": "out",
      "width": "1"
    },
    "s_axi_AXILiteS_WDATA": {
      "dir": "in",
      "width": "32"
    },
    "s_axi_AXILiteS_WSTRB": {
      "dir": "in",
      "width": "4"
    },
    "s_axi_AXILiteS_ARVALID": {
      "dir": "in",
      "width": "1"
    },
    "s_axi_AXILiteS_ARREADY": {
      "dir": "out",
      "width": "1"
    },
    "s_axi_AXILiteS_ARADDR": {
      "dir": "in",
      "width": "6"
    },
    "s_axi_AXILiteS_RVALID": {
      "dir": "out",
      "width": "1"
    },
    "s_axi_AXILiteS_RREADY": {
      "dir": "in",
      "width": "1"
    },
    "s_axi_AXILiteS_RDATA": {
      "dir": "out",
      "width": "32"
    },
    "s_axi_AXILiteS_RRESP": {
      "dir": "out",
      "width": "2"
    },
    "s_axi_AXILiteS_BVALID": {
      "dir": "out",
      "width": "1"
    },
    "s_axi_AXILiteS_BREADY": {
      "dir": "in",
      "width": "1"
    },
    "s_axi_AXILiteS_BRESP": {
      "dir": "out",
      "width": "2"
    },
    "ap_clk": {
      "dir": "in",
      "width": "1"
    },
    "ap_rst_n": {
      "dir": "in",
      "width": "1"
    },
    "block_r_TDATA": {
      "dir": "in",
      "width": "128"
    },
    "block_r_TVALID": {
      "dir": "in",
      "width": "1"
    },
    "block_r_TREADY": {
      "dir": "out",
      "width": "1"
    },
    "block_r_TDEST": {
      "dir": "in",
      "width": "1",
      "isVector": "true"
    },
    "block_r_TKEEP": {
      "dir": "in",
      "width": "16"
    },
    "block_r_TSTRB": {
      "dir": "in",
      "width": "16"
    },
    "block_r_TUSER": {
      "dir": "in",
      "width": "1",
      "isVector": "true"
    },
    "block_r_TLAST": {
      "dir": "in",
      "width": "1",
      "isVector": "true"
    },
    "block_r_TID": {
      "dir": "in",
      "width": "1",
      "isVector": "true"
    },
    "encrypted_TDATA": {
      "dir": "out",
      "width": "128"
    },
    "encrypted_TVALID": {
      "dir": "out",
      "width": "1"
    },
    "encrypted_TREADY": {
      "dir": "in",
      "width": "1"
    },
    "encrypted_TDEST": {
      "dir": "out",
      "width": "1",
      "isVector": "true"
    },
    "encrypted_TKEEP": {
      "dir": "out",
      "width": "16"
    },
    "encrypted_TSTRB": {
      "dir": "out",
      "width": "16"
    },
    "encrypted_TUSER": {
      "dir": "out",
      "width": "1",
      "isVector": "true"
    },
    "encrypted_TLAST": {
      "dir": "out",
      "width": "1",
      "isVector": "true"
    },
    "encrypted_TID": {
      "dir": "out",
      "width": "1",
      "isVector": "true"
    }
  },
  "ModuleInfo": {
    "Hierarchy": {
      "ModuleName": "aes_encrypt_impl",
      "Instances": [{
          "ModuleName": "aes_encrypt",
          "InstanceName": "grp_aes_encrypt_fu_183",
          "Instances": [
            {
              "ModuleName": "keyExpand",
              "InstanceName": "grp_keyExpand_fu_526",
              "Instances": [
                {
                  "ModuleName": "subWord",
                  "InstanceName": "grp_subWord_fu_2127"
                },
                {
                  "ModuleName": "deconWord",
                  "InstanceName": "grp_deconWord_fu_2134"
                }
              ]
            },
            {
              "ModuleName": "addRoundKey",
              "InstanceName": "grp_addRoundKey_fu_565"
            },
            {
              "ModuleName": "forwardSubst1",
              "InstanceName": "grp_forwardSubst1_fu_574"
            },
            {
              "ModuleName": "mixColViaLUT",
              "InstanceName": "grp_mixColViaLUT_fu_581"
            }
          ]
        }]
    },
    "Info": {
      "subWord": {
        "FunctionProtocol": "ap_ctrl_hs",
        "isTaskLevelControl": "1",
        "isPipelined": "0",
        "isCombinational": "0",
        "isOneStateSeq": "0"
      },
      "deconWord": {
        "FunctionProtocol": "ap_ctrl_hs",
        "isTaskLevelControl": "1",
        "isPipelined": "0",
        "isCombinational": "1",
        "isOneStateSeq": "0"
      },
      "keyExpand": {
        "FunctionProtocol": "ap_ctrl_hs",
        "isTaskLevelControl": "1",
        "isPipelined": "0",
        "isCombinational": "0",
        "isOneStateSeq": "0"
      },
      "addRoundKey": {
        "FunctionProtocol": "ap_ctrl_hs",
        "isTaskLevelControl": "1",
        "isPipelined": "0",
        "isCombinational": "0",
        "isOneStateSeq": "0"
      },
      "forwardSubst1": {
        "FunctionProtocol": "ap_ctrl_hs",
        "isTaskLevelControl": "1",
        "isPipelined": "0",
        "isCombinational": "0",
        "isOneStateSeq": "0"
      },
      "mixColViaLUT": {
        "FunctionProtocol": "ap_ctrl_hs",
        "isTaskLevelControl": "1",
        "isPipelined": "0",
        "isCombinational": "0",
        "isOneStateSeq": "0"
      },
      "aes_encrypt": {
        "FunctionProtocol": "ap_ctrl_hs",
        "isTaskLevelControl": "1",
        "isPipelined": "0",
        "isCombinational": "0",
        "isOneStateSeq": "0"
      },
      "aes_encrypt_impl": {
        "FunctionProtocol": "ap_ctrl_none",
        "isTaskLevelControl": "1",
        "isPipelined": "0",
        "isCombinational": "0",
        "isOneStateSeq": "0"
      }
    },
    "Metrics": {
      "subWord": {
        "Latency": {
          "LatencyBest": "1",
          "LatencyAvg": "1",
          "LatencyWorst": "1",
          "PipelineII": "1",
          "PipelineDepth": "",
          "PipelineType": "none"
        },
        "Timing": {
          "Target": "10.00",
          "Uncertainty": "1.25",
          "Estimate": "3.254"
        },
        "Area": {
          "BRAM_18K": "2",
          "FF": "34",
          "LUT": "24",
          "DSP48E": "0",
          "URAM": "0"
        }
      },
      "deconWord": {
        "Latency": {
          "LatencyBest": "0",
          "LatencyAvg": "0",
          "LatencyWorst": "0",
          "PipelineII": "0",
          "PipelineDepth": "",
          "PipelineType": "none"
        },
        "Timing": {
          "Target": "10.00",
          "Uncertainty": "1.25",
          "Estimate": "0.000"
        },
        "Area": {
          "BRAM_18K": "0",
          "DSP48E": "0",
          "FF": "0",
          "LUT": "0",
          "URAM": "0"
        }
      },
      "keyExpand": {
        "Latency": {
          "LatencyBest": "97",
          "LatencyAvg": "97",
          "LatencyWorst": "97",
          "PipelineII": "97",
          "PipelineDepth": "",
          "PipelineType": "none"
        },
        "Timing": {
          "Target": "10.00",
          "Uncertainty": "1.25",
          "Estimate": "9.345"
        },
        "Area": {
          "BRAM_18K": "2",
          "FF": "2715",
          "LUT": "4605",
          "DSP48E": "0",
          "URAM": "0"
        }
      },
      "addRoundKey": {
        "Latency": {
          "LatencyBest": "15",
          "LatencyAvg": "15",
          "LatencyWorst": "15",
          "PipelineII": "16",
          "PipelineDepth": "16",
          "PipelineType": "function"
        },
        "Timing": {
          "Target": "10.00",
          "Uncertainty": "1.25",
          "Estimate": "5.169"
        },
        "Area": {
          "FF": "136",
          "LUT": "666",
          "BRAM_18K": "0",
          "DSP48E": "0",
          "URAM": "0"
        }
      },
      "forwardSubst1": {
        "Latency": {
          "LatencyBest": "17",
          "LatencyAvg": "17",
          "LatencyWorst": "17",
          "PipelineII": "18",
          "PipelineDepth": "18",
          "PipelineType": "function"
        },
        "Timing": {
          "Target": "10.00",
          "Uncertainty": "1.25",
          "Estimate": "5.576"
        },
        "Area": {
          "BRAM_18K": "1",
          "FF": "130",
          "LUT": "444",
          "DSP48E": "0",
          "URAM": "0"
        }
      },
      "mixColViaLUT": {
        "Latency": {
          "LatencyBest": "5",
          "LatencyAvg": "5",
          "LatencyWorst": "5",
          "PipelineII": "6",
          "PipelineDepth": "6",
          "PipelineType": "function"
        },
        "Timing": {
          "Target": "10.00",
          "Uncertainty": "1.25",
          "Estimate": "6.566"
        },
        "Area": {
          "BRAM_18K": "2",
          "FF": "90",
          "LUT": "311",
          "DSP48E": "0",
          "URAM": "0"
        }
      },
      "aes_encrypt": {
        "Latency": {
          "LatencyBest": "769",
          "LatencyAvg": "769",
          "LatencyWorst": "769",
          "PipelineII": "769",
          "PipelineDepth": "",
          "PipelineType": "none"
        },
        "Timing": {
          "Target": "10.00",
          "Uncertainty": "1.25",
          "Estimate": "9.345"
        },
        "Loops": [{
            "Name": "aes_round_loop",
            "TripCount": "9",
            "Latency": "594",
            "PipelineII": "66",
            "PipelineDepth": "67"
          }],
        "Area": {
          "BRAM_18K": "7",
          "FF": "3478",
          "LUT": "7598",
          "URAM": "0",
          "DSP48E": "0"
        }
      },
      "aes_encrypt_impl": {
        "Latency": {
          "LatencyBest": "771",
          "LatencyAvg": "771",
          "LatencyWorst": "771",
          "PipelineII": "772",
          "PipelineDepth": "",
          "PipelineType": "none"
        },
        "Timing": {
          "Target": "10.00",
          "Uncertainty": "1.25",
          "Estimate": "9.345"
        },
        "Area": {
          "BRAM_18K": "7",
          "FF": "3938",
          "LUT": "8061",
          "URAM": "0",
          "DSP48E": "0"
        }
      }
    }
  },
  "Sdx": {
    "Target": "none",
    "ProfileOption": "0",
    "ProfileType": "none",
    "XO": "",
    "KernelName": "aes_encrypt_impl",
    "EnableXoSwEmu": "1"
  },
  "GenData": {
    "DataVersion": "0.2",
    "Time": "2022-04-13 14:23:29 -0400",
    "ToolName": "vivado_hls",
    "ToolVersion": "2020.1"
  }
}
