<stg><name>addRoundKey</name>


<trans_list>

<trans id="195" from="1" to="2">
<condition id="-1">
<or_exp><and_exp></and_exp></or_exp>
</condition>
</trans>

<trans id="196" from="2" to="3">
<condition id="-1">
<or_exp><and_exp></and_exp></or_exp>
</condition>
</trans>

<trans id="197" from="3" to="4">
<condition id="-1">
<or_exp><and_exp></and_exp></or_exp>
</condition>
</trans>

<trans id="198" from="4" to="5">
<condition id="-1">
<or_exp><and_exp></and_exp></or_exp>
</condition>
</trans>

<trans id="199" from="5" to="6">
<condition id="-1">
<or_exp><and_exp></and_exp></or_exp>
</condition>
</trans>

<trans id="200" from="6" to="7">
<condition id="-1">
<or_exp><and_exp></and_exp></or_exp>
</condition>
</trans>

<trans id="201" from="7" to="8">
<condition id="-1">
<or_exp><and_exp></and_exp></or_exp>
</condition>
</trans>

<trans id="202" from="8" to="9">
<condition id="-1">
<or_exp><and_exp></and_exp></or_exp>
</condition>
</trans>

<trans id="203" from="9" to="10">
<condition id="-1">
<or_exp><and_exp></and_exp></or_exp>
</condition>
</trans>

<trans id="204" from="10" to="11">
<condition id="-1">
<or_exp><and_exp></and_exp></or_exp>
</condition>
</trans>

<trans id="205" from="11" to="12">
<condition id="-1">
<or_exp><and_exp></and_exp></or_exp>
</condition>
</trans>

<trans id="206" from="12" to="13">
<condition id="-1">
<or_exp><and_exp></and_exp></or_exp>
</condition>
</trans>

<trans id="207" from="13" to="14">
<condition id="-1">
<or_exp><and_exp></and_exp></or_exp>
</condition>
</trans>

<trans id="208" from="14" to="15">
<condition id="-1">
<or_exp><and_exp></and_exp></or_exp>
</condition>
</trans>

<trans id="209" from="15" to="16">
<condition id="-1">
<or_exp><and_exp></and_exp></or_exp>
</condition>
</trans>
</trans_list>



<state_list>

<state id="1" st_id="1">

<operation id="17" st_id="1" stage="1" lat="1">
<core>NULL</core>
<MemPortIdVec></MemPortIdVec>
<condition id="-1">
<or_exp><and_exp></and_exp></or_exp>
</condition>

<Node id="4" bw="10" op_0_bw="10" op_1_bw="10">
<![CDATA[
:0  %roundKey_offset_read = call i10 @_ssdm_op_Read.ap_auto.i10(i10 %roundKey_offset)

]]></Node>
<StgValue><ssdm name="roundKey_offset_read"/></StgValue>
</operation>

<operation id="18" st_id="1" stage="1" lat="1">
<core>NULL</core>
<MemPortIdVec></MemPortIdVec>
<condition id="-1">
<or_exp><and_exp></and_exp></or_exp>
</condition>

<Node id="5" bw="64" op_0_bw="10">
<![CDATA[
:1  %roundKey_offset_cast = zext i10 %roundKey_offset_read to i64

]]></Node>
<StgValue><ssdm name="roundKey_offset_cast"/></StgValue>
</operation>

<operation id="19" st_id="1" stage="1" lat="1">
<core>NULL</core>
<MemPortIdVec></MemPortIdVec>
<condition id="-1">
<or_exp><and_exp></and_exp></or_exp>
</condition>

<Node id="6" bw="4" op_0_bw="8" op_1_bw="64" op_2_bw="64">
<![CDATA[
:2  %state_addr = getelementptr [16 x i8]* %state, i64 0, i64 0

]]></Node>
<StgValue><ssdm name="state_addr"/></StgValue>
</operation>

<operation id="20" st_id="1" stage="2" lat="2">
<core>RAM</core>
<MemPortIdVec>0 </MemPortIdVec>
<condition id="-1">
<or_exp><and_exp></and_exp></or_exp>
</condition>

<Node id="7" bw="8" op_0_bw="4">
<![CDATA[
:3  %state_load = load i8* %state_addr, align 1

]]></Node>
<StgValue><ssdm name="state_load"/></StgValue>
</operation>

<operation id="21" st_id="1" stage="1" lat="1">
<core>NULL</core>
<MemPortIdVec></MemPortIdVec>
<condition id="-1">
<or_exp><and_exp></and_exp></or_exp>
</condition>

<Node id="8" bw="8" op_0_bw="8" op_1_bw="64" op_2_bw="64">
<![CDATA[
:4  %roundKey_addr = getelementptr [176 x i8]* %roundKey, i64 0, i64 %roundKey_offset_cast

]]></Node>
<StgValue><ssdm name="roundKey_addr"/></StgValue>
</operation>

<operation id="22" st_id="1" stage="2" lat="2">
<core>RAM</core>
<MemPortIdVec>0 </MemPortIdVec>
<condition id="-1">
<or_exp><and_exp></and_exp></or_exp>
</condition>

<Node id="9" bw="8" op_0_bw="8">
<![CDATA[
:5  %roundKey_load = load i8* %roundKey_addr, align 1

]]></Node>
<StgValue><ssdm name="roundKey_load"/></StgValue>
</operation>

<operation id="23" st_id="1" stage="1" lat="1">
<core>NULL</core>
<MemPortIdVec></MemPortIdVec>
<condition id="-1">
<or_exp><and_exp></and_exp></or_exp>
</condition>

<Node id="12" bw="4" op_0_bw="8" op_1_bw="64" op_2_bw="64">
<![CDATA[
:8  %state_addr_16 = getelementptr [16 x i8]* %state, i64 0, i64 1

]]></Node>
<StgValue><ssdm name="state_addr_16"/></StgValue>
</operation>

<operation id="24" st_id="1" stage="2" lat="2">
<core>RAM</core>
<MemPortIdVec>1 </MemPortIdVec>
<condition id="-1">
<or_exp><and_exp></and_exp></or_exp>
</condition>

<Node id="13" bw="8" op_0_bw="4">
<![CDATA[
:9  %state_load_1 = load i8* %state_addr_16, align 1

]]></Node>
<StgValue><ssdm name="state_load_1"/></StgValue>
</operation>

<operation id="25" st_id="1" stage="1" lat="1">
<core>NULL</core>
<MemPortIdVec></MemPortIdVec>
<condition id="-1">
<or_exp><and_exp></and_exp></or_exp>
</condition>

<Node id="14" bw="8" op_0_bw="10">
<![CDATA[
:10  %trunc_ln12 = trunc i10 %roundKey_offset_read to i8

]]></Node>
<StgValue><ssdm name="trunc_ln12"/></StgValue>
</operation>

<operation id="26" st_id="1" stage="1" lat="1">
<core>AddSub</core>
<MemPortIdVec></MemPortIdVec>
<condition id="-1">
<or_exp><and_exp></and_exp></or_exp>
</condition>

<Node id="15" bw="8" op_0_bw="8" op_1_bw="8">
<![CDATA[
:11  %add_ln12 = add i8 1, %trunc_ln12

]]></Node>
<StgValue><ssdm name="add_ln12"/></StgValue>
</operation>

<operation id="27" st_id="1" stage="1" lat="1">
<core>NULL</core>
<MemPortIdVec></MemPortIdVec>
<condition id="-1">
<or_exp><and_exp></and_exp></or_exp>
</condition>

<Node id="16" bw="64" op_0_bw="8">
<![CDATA[
:12  %zext_ln12 = zext i8 %add_ln12 to i64

]]></Node>
<StgValue><ssdm name="zext_ln12"/></StgValue>
</operation>

<operation id="28" st_id="1" stage="1" lat="1">
<core>NULL</core>
<MemPortIdVec></MemPortIdVec>
<condition id="-1">
<or_exp><and_exp></and_exp></or_exp>
</condition>

<Node id="17" bw="8" op_0_bw="8" op_1_bw="64" op_2_bw="64">
<![CDATA[
:13  %roundKey_addr_1 = getelementptr [176 x i8]* %roundKey, i64 0, i64 %zext_ln12

]]></Node>
<StgValue><ssdm name="roundKey_addr_1"/></StgValue>
</operation>

<operation id="29" st_id="1" stage="2" lat="2">
<core>RAM</core>
<MemPortIdVec>1 </MemPortIdVec>
<condition id="-1">
<or_exp><and_exp></and_exp></or_exp>
</condition>

<Node id="18" bw="8" op_0_bw="8">
<![CDATA[
:14  %roundKey_load_1 = load i8* %roundKey_addr_1, align 1

]]></Node>
<StgValue><ssdm name="roundKey_load_1"/></StgValue>
</operation>
</state>

<state id="2" st_id="2">

<operation id="30" st_id="2" stage="1" lat="2">
<core>RAM</core>
<MemPortIdVec>0 </MemPortIdVec>
<condition id="-1">
<or_exp><and_exp></and_exp></or_exp>
</condition>

<Node id="7" bw="8" op_0_bw="4">
<![CDATA[
:3  %state_load = load i8* %state_addr, align 1

]]></Node>
<StgValue><ssdm name="state_load"/></StgValue>
</operation>

<operation id="31" st_id="2" stage="1" lat="2">
<core>RAM</core>
<MemPortIdVec>0 </MemPortIdVec>
<condition id="-1">
<or_exp><and_exp></and_exp></or_exp>
</condition>

<Node id="9" bw="8" op_0_bw="8">
<![CDATA[
:5  %roundKey_load = load i8* %roundKey_addr, align 1

]]></Node>
<StgValue><ssdm name="roundKey_load"/></StgValue>
</operation>

<operation id="32" st_id="2" stage="1" lat="1">
<core>LogicGate</core>
<MemPortIdVec></MemPortIdVec>
<condition id="-1">
<or_exp><and_exp></and_exp></or_exp>
</condition>

<Node id="10" bw="8" op_0_bw="8" op_1_bw="8">
<![CDATA[
:6  %xor_ln12 = xor i8 %roundKey_load, %state_load

]]></Node>
<StgValue><ssdm name="xor_ln12"/></StgValue>
</operation>

<operation id="33" st_id="2" stage="1" lat="2">
<core>RAM</core>
<MemPortIdVec>1 </MemPortIdVec>
<condition id="-1">
<or_exp><and_exp></and_exp></or_exp>
</condition>

<Node id="13" bw="8" op_0_bw="4">
<![CDATA[
:9  %state_load_1 = load i8* %state_addr_16, align 1

]]></Node>
<StgValue><ssdm name="state_load_1"/></StgValue>
</operation>

<operation id="34" st_id="2" stage="1" lat="2">
<core>RAM</core>
<MemPortIdVec>1 </MemPortIdVec>
<condition id="-1">
<or_exp><and_exp></and_exp></or_exp>
</condition>

<Node id="18" bw="8" op_0_bw="8">
<![CDATA[
:14  %roundKey_load_1 = load i8* %roundKey_addr_1, align 1

]]></Node>
<StgValue><ssdm name="roundKey_load_1"/></StgValue>
</operation>

<operation id="35" st_id="2" stage="1" lat="1">
<core>LogicGate</core>
<MemPortIdVec></MemPortIdVec>
<condition id="-1">
<or_exp><and_exp></and_exp></or_exp>
</condition>

<Node id="19" bw="8" op_0_bw="8" op_1_bw="8">
<![CDATA[
:15  %xor_ln12_1 = xor i8 %roundKey_load_1, %state_load_1

]]></Node>
<StgValue><ssdm name="xor_ln12_1"/></StgValue>
</operation>

<operation id="36" st_id="2" stage="1" lat="1">
<core>NULL</core>
<MemPortIdVec></MemPortIdVec>
<condition id="-1">
<or_exp><and_exp></and_exp></or_exp>
</condition>

<Node id="21" bw="4" op_0_bw="8" op_1_bw="64" op_2_bw="64">
<![CDATA[
:17  %state_addr_17 = getelementptr [16 x i8]* %state, i64 0, i64 2

]]></Node>
<StgValue><ssdm name="state_addr_17"/></StgValue>
</operation>

<operation id="37" st_id="2" stage="2" lat="2">
<core>RAM</core>
<MemPortIdVec>0 </MemPortIdVec>
<condition id="-1">
<or_exp><and_exp></and_exp></or_exp>
</condition>

<Node id="22" bw="8" op_0_bw="4">
<![CDATA[
:18  %state_load_2 = load i8* %state_addr_17, align 1

]]></Node>
<StgValue><ssdm name="state_load_2"/></StgValue>
</operation>

<operation id="38" st_id="2" stage="1" lat="1">
<core>AddSub</core>
<MemPortIdVec></MemPortIdVec>
<condition id="-1">
<or_exp><and_exp></and_exp></or_exp>
</condition>

<Node id="23" bw="8" op_0_bw="8" op_1_bw="8">
<![CDATA[
:19  %add_ln12_1 = add i8 2, %trunc_ln12

]]></Node>
<StgValue><ssdm name="add_ln12_1"/></StgValue>
</operation>

<operation id="39" st_id="2" stage="1" lat="1">
<core>NULL</core>
<MemPortIdVec></MemPortIdVec>
<condition id="-1">
<or_exp><and_exp></and_exp></or_exp>
</condition>

<Node id="24" bw="64" op_0_bw="8">
<![CDATA[
:20  %zext_ln12_1 = zext i8 %add_ln12_1 to i64

]]></Node>
<StgValue><ssdm name="zext_ln12_1"/></StgValue>
</operation>

<operation id="40" st_id="2" stage="1" lat="1">
<core>NULL</core>
<MemPortIdVec></MemPortIdVec>
<condition id="-1">
<or_exp><and_exp></and_exp></or_exp>
</condition>

<Node id="25" bw="8" op_0_bw="8" op_1_bw="64" op_2_bw="64">
<![CDATA[
:21  %roundKey_addr_2 = getelementptr [176 x i8]* %roundKey, i64 0, i64 %zext_ln12_1

]]></Node>
<StgValue><ssdm name="roundKey_addr_2"/></StgValue>
</operation>

<operation id="41" st_id="2" stage="2" lat="2">
<core>RAM</core>
<MemPortIdVec>0 </MemPortIdVec>
<condition id="-1">
<or_exp><and_exp></and_exp></or_exp>
</condition>

<Node id="26" bw="8" op_0_bw="8">
<![CDATA[
:22  %roundKey_load_2 = load i8* %roundKey_addr_2, align 1

]]></Node>
<StgValue><ssdm name="roundKey_load_2"/></StgValue>
</operation>

<operation id="42" st_id="2" stage="1" lat="1">
<core>NULL</core>
<MemPortIdVec></MemPortIdVec>
<condition id="-1">
<or_exp><and_exp></and_exp></or_exp>
</condition>

<Node id="29" bw="4" op_0_bw="8" op_1_bw="64" op_2_bw="64">
<![CDATA[
:25  %state_addr_18 = getelementptr [16 x i8]* %state, i64 0, i64 3

]]></Node>
<StgValue><ssdm name="state_addr_18"/></StgValue>
</operation>

<operation id="43" st_id="2" stage="2" lat="2">
<core>RAM</core>
<MemPortIdVec>1 </MemPortIdVec>
<condition id="-1">
<or_exp><and_exp></and_exp></or_exp>
</condition>

<Node id="30" bw="8" op_0_bw="4">
<![CDATA[
:26  %state_load_3 = load i8* %state_addr_18, align 1

]]></Node>
<StgValue><ssdm name="state_load_3"/></StgValue>
</operation>

<operation id="44" st_id="2" stage="1" lat="1">
<core>AddSub</core>
<MemPortIdVec></MemPortIdVec>
<condition id="-1">
<or_exp><and_exp></and_exp></or_exp>
</condition>

<Node id="31" bw="8" op_0_bw="8" op_1_bw="8">
<![CDATA[
:27  %add_ln12_2 = add i8 3, %trunc_ln12

]]></Node>
<StgValue><ssdm name="add_ln12_2"/></StgValue>
</operation>

<operation id="45" st_id="2" stage="1" lat="1">
<core>NULL</core>
<MemPortIdVec></MemPortIdVec>
<condition id="-1">
<or_exp><and_exp></and_exp></or_exp>
</condition>

<Node id="32" bw="64" op_0_bw="8">
<![CDATA[
:28  %zext_ln12_2 = zext i8 %add_ln12_2 to i64

]]></Node>
<StgValue><ssdm name="zext_ln12_2"/></StgValue>
</operation>

<operation id="46" st_id="2" stage="1" lat="1">
<core>NULL</core>
<MemPortIdVec></MemPortIdVec>
<condition id="-1">
<or_exp><and_exp></and_exp></or_exp>
</condition>

<Node id="33" bw="8" op_0_bw="8" op_1_bw="64" op_2_bw="64">
<![CDATA[
:29  %roundKey_addr_3 = getelementptr [176 x i8]* %roundKey, i64 0, i64 %zext_ln12_2

]]></Node>
<StgValue><ssdm name="roundKey_addr_3"/></StgValue>
</operation>

<operation id="47" st_id="2" stage="2" lat="2">
<core>RAM</core>
<MemPortIdVec>1 </MemPortIdVec>
<condition id="-1">
<or_exp><and_exp></and_exp></or_exp>
</condition>

<Node id="34" bw="8" op_0_bw="8">
<![CDATA[
:30  %roundKey_load_3 = load i8* %roundKey_addr_3, align 1

]]></Node>
<StgValue><ssdm name="roundKey_load_3"/></StgValue>
</operation>
</state>

<state id="3" st_id="3">

<operation id="48" st_id="3" stage="1" lat="2">
<core>RAM</core>
<MemPortIdVec>0 </MemPortIdVec>
<condition id="-1">
<or_exp><and_exp></and_exp></or_exp>
</condition>

<Node id="22" bw="8" op_0_bw="4">
<![CDATA[
:18  %state_load_2 = load i8* %state_addr_17, align 1

]]></Node>
<StgValue><ssdm name="state_load_2"/></StgValue>
</operation>

<operation id="49" st_id="3" stage="1" lat="2">
<core>RAM</core>
<MemPortIdVec>0 </MemPortIdVec>
<condition id="-1">
<or_exp><and_exp></and_exp></or_exp>
</condition>

<Node id="26" bw="8" op_0_bw="8">
<![CDATA[
:22  %roundKey_load_2 = load i8* %roundKey_addr_2, align 1

]]></Node>
<StgValue><ssdm name="roundKey_load_2"/></StgValue>
</operation>

<operation id="50" st_id="3" stage="1" lat="1">
<core>LogicGate</core>
<MemPortIdVec></MemPortIdVec>
<condition id="-1">
<or_exp><and_exp></and_exp></or_exp>
</condition>

<Node id="27" bw="8" op_0_bw="8" op_1_bw="8">
<![CDATA[
:23  %xor_ln12_2 = xor i8 %roundKey_load_2, %state_load_2

]]></Node>
<StgValue><ssdm name="xor_ln12_2"/></StgValue>
</operation>

<operation id="51" st_id="3" stage="1" lat="2">
<core>RAM</core>
<MemPortIdVec>1 </MemPortIdVec>
<condition id="-1">
<or_exp><and_exp></and_exp></or_exp>
</condition>

<Node id="30" bw="8" op_0_bw="4">
<![CDATA[
:26  %state_load_3 = load i8* %state_addr_18, align 1

]]></Node>
<StgValue><ssdm name="state_load_3"/></StgValue>
</operation>

<operation id="52" st_id="3" stage="1" lat="2">
<core>RAM</core>
<MemPortIdVec>1 </MemPortIdVec>
<condition id="-1">
<or_exp><and_exp></and_exp></or_exp>
</condition>

<Node id="34" bw="8" op_0_bw="8">
<![CDATA[
:30  %roundKey_load_3 = load i8* %roundKey_addr_3, align 1

]]></Node>
<StgValue><ssdm name="roundKey_load_3"/></StgValue>
</operation>

<operation id="53" st_id="3" stage="1" lat="1">
<core>LogicGate</core>
<MemPortIdVec></MemPortIdVec>
<condition id="-1">
<or_exp><and_exp></and_exp></or_exp>
</condition>

<Node id="35" bw="8" op_0_bw="8" op_1_bw="8">
<![CDATA[
:31  %xor_ln12_3 = xor i8 %roundKey_load_3, %state_load_3

]]></Node>
<StgValue><ssdm name="xor_ln12_3"/></StgValue>
</operation>

<operation id="54" st_id="3" stage="1" lat="1">
<core>NULL</core>
<MemPortIdVec></MemPortIdVec>
<condition id="-1">
<or_exp><and_exp></and_exp></or_exp>
</condition>

<Node id="37" bw="4" op_0_bw="8" op_1_bw="64" op_2_bw="64">
<![CDATA[
:33  %state_addr_19 = getelementptr [16 x i8]* %state, i64 0, i64 4

]]></Node>
<StgValue><ssdm name="state_addr_19"/></StgValue>
</operation>

<operation id="55" st_id="3" stage="2" lat="2">
<core>RAM</core>
<MemPortIdVec>0 </MemPortIdVec>
<condition id="-1">
<or_exp><and_exp></and_exp></or_exp>
</condition>

<Node id="38" bw="8" op_0_bw="4">
<![CDATA[
:34  %state_load_4 = load i8* %state_addr_19, align 1

]]></Node>
<StgValue><ssdm name="state_load_4"/></StgValue>
</operation>

<operation id="56" st_id="3" stage="1" lat="1">
<core>AddSub</core>
<MemPortIdVec></MemPortIdVec>
<condition id="-1">
<or_exp><and_exp></and_exp></or_exp>
</condition>

<Node id="39" bw="8" op_0_bw="8" op_1_bw="8">
<![CDATA[
:35  %add_ln12_3 = add i8 4, %trunc_ln12

]]></Node>
<StgValue><ssdm name="add_ln12_3"/></StgValue>
</operation>

<operation id="57" st_id="3" stage="1" lat="1">
<core>NULL</core>
<MemPortIdVec></MemPortIdVec>
<condition id="-1">
<or_exp><and_exp></and_exp></or_exp>
</condition>

<Node id="40" bw="64" op_0_bw="8">
<![CDATA[
:36  %zext_ln12_3 = zext i8 %add_ln12_3 to i64

]]></Node>
<StgValue><ssdm name="zext_ln12_3"/></StgValue>
</operation>

<operation id="58" st_id="3" stage="1" lat="1">
<core>NULL</core>
<MemPortIdVec></MemPortIdVec>
<condition id="-1">
<or_exp><and_exp></and_exp></or_exp>
</condition>

<Node id="41" bw="8" op_0_bw="8" op_1_bw="64" op_2_bw="64">
<![CDATA[
:37  %roundKey_addr_4 = getelementptr [176 x i8]* %roundKey, i64 0, i64 %zext_ln12_3

]]></Node>
<StgValue><ssdm name="roundKey_addr_4"/></StgValue>
</operation>

<operation id="59" st_id="3" stage="2" lat="2">
<core>RAM</core>
<MemPortIdVec>0 </MemPortIdVec>
<condition id="-1">
<or_exp><and_exp></and_exp></or_exp>
</condition>

<Node id="42" bw="8" op_0_bw="8">
<![CDATA[
:38  %roundKey_load_4 = load i8* %roundKey_addr_4, align 1

]]></Node>
<StgValue><ssdm name="roundKey_load_4"/></StgValue>
</operation>

<operation id="60" st_id="3" stage="1" lat="1">
<core>NULL</core>
<MemPortIdVec></MemPortIdVec>
<condition id="-1">
<or_exp><and_exp></and_exp></or_exp>
</condition>

<Node id="45" bw="4" op_0_bw="8" op_1_bw="64" op_2_bw="64">
<![CDATA[
:41  %state_addr_20 = getelementptr [16 x i8]* %state, i64 0, i64 5

]]></Node>
<StgValue><ssdm name="state_addr_20"/></StgValue>
</operation>

<operation id="61" st_id="3" stage="2" lat="2">
<core>RAM</core>
<MemPortIdVec>1 </MemPortIdVec>
<condition id="-1">
<or_exp><and_exp></and_exp></or_exp>
</condition>

<Node id="46" bw="8" op_0_bw="4">
<![CDATA[
:42  %state_load_5 = load i8* %state_addr_20, align 1

]]></Node>
<StgValue><ssdm name="state_load_5"/></StgValue>
</operation>

<operation id="62" st_id="3" stage="1" lat="1">
<core>AddSub</core>
<MemPortIdVec></MemPortIdVec>
<condition id="-1">
<or_exp><and_exp></and_exp></or_exp>
</condition>

<Node id="47" bw="8" op_0_bw="8" op_1_bw="8">
<![CDATA[
:43  %add_ln12_4 = add i8 5, %trunc_ln12

]]></Node>
<StgValue><ssdm name="add_ln12_4"/></StgValue>
</operation>

<operation id="63" st_id="3" stage="1" lat="1">
<core>NULL</core>
<MemPortIdVec></MemPortIdVec>
<condition id="-1">
<or_exp><and_exp></and_exp></or_exp>
</condition>

<Node id="48" bw="64" op_0_bw="8">
<![CDATA[
:44  %zext_ln12_4 = zext i8 %add_ln12_4 to i64

]]></Node>
<StgValue><ssdm name="zext_ln12_4"/></StgValue>
</operation>

<operation id="64" st_id="3" stage="1" lat="1">
<core>NULL</core>
<MemPortIdVec></MemPortIdVec>
<condition id="-1">
<or_exp><and_exp></and_exp></or_exp>
</condition>

<Node id="49" bw="8" op_0_bw="8" op_1_bw="64" op_2_bw="64">
<![CDATA[
:45  %roundKey_addr_5 = getelementptr [176 x i8]* %roundKey, i64 0, i64 %zext_ln12_4

]]></Node>
<StgValue><ssdm name="roundKey_addr_5"/></StgValue>
</operation>

<operation id="65" st_id="3" stage="2" lat="2">
<core>RAM</core>
<MemPortIdVec>1 </MemPortIdVec>
<condition id="-1">
<or_exp><and_exp></and_exp></or_exp>
</condition>

<Node id="50" bw="8" op_0_bw="8">
<![CDATA[
:46  %roundKey_load_5 = load i8* %roundKey_addr_5, align 1

]]></Node>
<StgValue><ssdm name="roundKey_load_5"/></StgValue>
</operation>
</state>

<state id="4" st_id="4">

<operation id="66" st_id="4" stage="1" lat="2">
<core>RAM</core>
<MemPortIdVec>0 </MemPortIdVec>
<condition id="-1">
<or_exp><and_exp></and_exp></or_exp>
</condition>

<Node id="38" bw="8" op_0_bw="4">
<![CDATA[
:34  %state_load_4 = load i8* %state_addr_19, align 1

]]></Node>
<StgValue><ssdm name="state_load_4"/></StgValue>
</operation>

<operation id="67" st_id="4" stage="1" lat="2">
<core>RAM</core>
<MemPortIdVec>0 </MemPortIdVec>
<condition id="-1">
<or_exp><and_exp></and_exp></or_exp>
</condition>

<Node id="42" bw="8" op_0_bw="8">
<![CDATA[
:38  %roundKey_load_4 = load i8* %roundKey_addr_4, align 1

]]></Node>
<StgValue><ssdm name="roundKey_load_4"/></StgValue>
</operation>

<operation id="68" st_id="4" stage="1" lat="1">
<core>LogicGate</core>
<MemPortIdVec></MemPortIdVec>
<condition id="-1">
<or_exp><and_exp></and_exp></or_exp>
</condition>

<Node id="43" bw="8" op_0_bw="8" op_1_bw="8">
<![CDATA[
:39  %xor_ln12_4 = xor i8 %roundKey_load_4, %state_load_4

]]></Node>
<StgValue><ssdm name="xor_ln12_4"/></StgValue>
</operation>

<operation id="69" st_id="4" stage="1" lat="2">
<core>RAM</core>
<MemPortIdVec>1 </MemPortIdVec>
<condition id="-1">
<or_exp><and_exp></and_exp></or_exp>
</condition>

<Node id="46" bw="8" op_0_bw="4">
<![CDATA[
:42  %state_load_5 = load i8* %state_addr_20, align 1

]]></Node>
<StgValue><ssdm name="state_load_5"/></StgValue>
</operation>

<operation id="70" st_id="4" stage="1" lat="2">
<core>RAM</core>
<MemPortIdVec>1 </MemPortIdVec>
<condition id="-1">
<or_exp><and_exp></and_exp></or_exp>
</condition>

<Node id="50" bw="8" op_0_bw="8">
<![CDATA[
:46  %roundKey_load_5 = load i8* %roundKey_addr_5, align 1

]]></Node>
<StgValue><ssdm name="roundKey_load_5"/></StgValue>
</operation>

<operation id="71" st_id="4" stage="1" lat="1">
<core>LogicGate</core>
<MemPortIdVec></MemPortIdVec>
<condition id="-1">
<or_exp><and_exp></and_exp></or_exp>
</condition>

<Node id="51" bw="8" op_0_bw="8" op_1_bw="8">
<![CDATA[
:47  %xor_ln12_5 = xor i8 %roundKey_load_5, %state_load_5

]]></Node>
<StgValue><ssdm name="xor_ln12_5"/></StgValue>
</operation>

<operation id="72" st_id="4" stage="1" lat="1">
<core>NULL</core>
<MemPortIdVec></MemPortIdVec>
<condition id="-1">
<or_exp><and_exp></and_exp></or_exp>
</condition>

<Node id="53" bw="4" op_0_bw="8" op_1_bw="64" op_2_bw="64">
<![CDATA[
:49  %state_addr_21 = getelementptr [16 x i8]* %state, i64 0, i64 6

]]></Node>
<StgValue><ssdm name="state_addr_21"/></StgValue>
</operation>

<operation id="73" st_id="4" stage="2" lat="2">
<core>RAM</core>
<MemPortIdVec>0 </MemPortIdVec>
<condition id="-1">
<or_exp><and_exp></and_exp></or_exp>
</condition>

<Node id="54" bw="8" op_0_bw="4">
<![CDATA[
:50  %state_load_6 = load i8* %state_addr_21, align 1

]]></Node>
<StgValue><ssdm name="state_load_6"/></StgValue>
</operation>

<operation id="74" st_id="4" stage="1" lat="1">
<core>AddSub</core>
<MemPortIdVec></MemPortIdVec>
<condition id="-1">
<or_exp><and_exp></and_exp></or_exp>
</condition>

<Node id="55" bw="8" op_0_bw="8" op_1_bw="8">
<![CDATA[
:51  %add_ln12_5 = add i8 6, %trunc_ln12

]]></Node>
<StgValue><ssdm name="add_ln12_5"/></StgValue>
</operation>

<operation id="75" st_id="4" stage="1" lat="1">
<core>NULL</core>
<MemPortIdVec></MemPortIdVec>
<condition id="-1">
<or_exp><and_exp></and_exp></or_exp>
</condition>

<Node id="56" bw="64" op_0_bw="8">
<![CDATA[
:52  %zext_ln12_5 = zext i8 %add_ln12_5 to i64

]]></Node>
<StgValue><ssdm name="zext_ln12_5"/></StgValue>
</operation>

<operation id="76" st_id="4" stage="1" lat="1">
<core>NULL</core>
<MemPortIdVec></MemPortIdVec>
<condition id="-1">
<or_exp><and_exp></and_exp></or_exp>
</condition>

<Node id="57" bw="8" op_0_bw="8" op_1_bw="64" op_2_bw="64">
<![CDATA[
:53  %roundKey_addr_6 = getelementptr [176 x i8]* %roundKey, i64 0, i64 %zext_ln12_5

]]></Node>
<StgValue><ssdm name="roundKey_addr_6"/></StgValue>
</operation>

<operation id="77" st_id="4" stage="2" lat="2">
<core>RAM</core>
<MemPortIdVec>0 </MemPortIdVec>
<condition id="-1">
<or_exp><and_exp></and_exp></or_exp>
</condition>

<Node id="58" bw="8" op_0_bw="8">
<![CDATA[
:54  %roundKey_load_6 = load i8* %roundKey_addr_6, align 1

]]></Node>
<StgValue><ssdm name="roundKey_load_6"/></StgValue>
</operation>

<operation id="78" st_id="4" stage="1" lat="1">
<core>NULL</core>
<MemPortIdVec></MemPortIdVec>
<condition id="-1">
<or_exp><and_exp></and_exp></or_exp>
</condition>

<Node id="61" bw="4" op_0_bw="8" op_1_bw="64" op_2_bw="64">
<![CDATA[
:57  %state_addr_22 = getelementptr [16 x i8]* %state, i64 0, i64 7

]]></Node>
<StgValue><ssdm name="state_addr_22"/></StgValue>
</operation>

<operation id="79" st_id="4" stage="2" lat="2">
<core>RAM</core>
<MemPortIdVec>1 </MemPortIdVec>
<condition id="-1">
<or_exp><and_exp></and_exp></or_exp>
</condition>

<Node id="62" bw="8" op_0_bw="4">
<![CDATA[
:58  %state_load_7 = load i8* %state_addr_22, align 1

]]></Node>
<StgValue><ssdm name="state_load_7"/></StgValue>
</operation>

<operation id="80" st_id="4" stage="1" lat="1">
<core>AddSub</core>
<MemPortIdVec></MemPortIdVec>
<condition id="-1">
<or_exp><and_exp></and_exp></or_exp>
</condition>

<Node id="63" bw="8" op_0_bw="8" op_1_bw="8">
<![CDATA[
:59  %add_ln12_6 = add i8 7, %trunc_ln12

]]></Node>
<StgValue><ssdm name="add_ln12_6"/></StgValue>
</operation>

<operation id="81" st_id="4" stage="1" lat="1">
<core>NULL</core>
<MemPortIdVec></MemPortIdVec>
<condition id="-1">
<or_exp><and_exp></and_exp></or_exp>
</condition>

<Node id="64" bw="64" op_0_bw="8">
<![CDATA[
:60  %zext_ln12_6 = zext i8 %add_ln12_6 to i64

]]></Node>
<StgValue><ssdm name="zext_ln12_6"/></StgValue>
</operation>

<operation id="82" st_id="4" stage="1" lat="1">
<core>NULL</core>
<MemPortIdVec></MemPortIdVec>
<condition id="-1">
<or_exp><and_exp></and_exp></or_exp>
</condition>

<Node id="65" bw="8" op_0_bw="8" op_1_bw="64" op_2_bw="64">
<![CDATA[
:61  %roundKey_addr_7 = getelementptr [176 x i8]* %roundKey, i64 0, i64 %zext_ln12_6

]]></Node>
<StgValue><ssdm name="roundKey_addr_7"/></StgValue>
</operation>

<operation id="83" st_id="4" stage="2" lat="2">
<core>RAM</core>
<MemPortIdVec>1 </MemPortIdVec>
<condition id="-1">
<or_exp><and_exp></and_exp></or_exp>
</condition>

<Node id="66" bw="8" op_0_bw="8">
<![CDATA[
:62  %roundKey_load_7 = load i8* %roundKey_addr_7, align 1

]]></Node>
<StgValue><ssdm name="roundKey_load_7"/></StgValue>
</operation>
</state>

<state id="5" st_id="5">

<operation id="84" st_id="5" stage="1" lat="2">
<core>RAM</core>
<MemPortIdVec>0 </MemPortIdVec>
<condition id="-1">
<or_exp><and_exp></and_exp></or_exp>
</condition>

<Node id="54" bw="8" op_0_bw="4">
<![CDATA[
:50  %state_load_6 = load i8* %state_addr_21, align 1

]]></Node>
<StgValue><ssdm name="state_load_6"/></StgValue>
</operation>

<operation id="85" st_id="5" stage="1" lat="2">
<core>RAM</core>
<MemPortIdVec>0 </MemPortIdVec>
<condition id="-1">
<or_exp><and_exp></and_exp></or_exp>
</condition>

<Node id="58" bw="8" op_0_bw="8">
<![CDATA[
:54  %roundKey_load_6 = load i8* %roundKey_addr_6, align 1

]]></Node>
<StgValue><ssdm name="roundKey_load_6"/></StgValue>
</operation>

<operation id="86" st_id="5" stage="1" lat="1">
<core>LogicGate</core>
<MemPortIdVec></MemPortIdVec>
<condition id="-1">
<or_exp><and_exp></and_exp></or_exp>
</condition>

<Node id="59" bw="8" op_0_bw="8" op_1_bw="8">
<![CDATA[
:55  %xor_ln12_6 = xor i8 %roundKey_load_6, %state_load_6

]]></Node>
<StgValue><ssdm name="xor_ln12_6"/></StgValue>
</operation>

<operation id="87" st_id="5" stage="1" lat="2">
<core>RAM</core>
<MemPortIdVec>1 </MemPortIdVec>
<condition id="-1">
<or_exp><and_exp></and_exp></or_exp>
</condition>

<Node id="62" bw="8" op_0_bw="4">
<![CDATA[
:58  %state_load_7 = load i8* %state_addr_22, align 1

]]></Node>
<StgValue><ssdm name="state_load_7"/></StgValue>
</operation>

<operation id="88" st_id="5" stage="1" lat="2">
<core>RAM</core>
<MemPortIdVec>1 </MemPortIdVec>
<condition id="-1">
<or_exp><and_exp></and_exp></or_exp>
</condition>

<Node id="66" bw="8" op_0_bw="8">
<![CDATA[
:62  %roundKey_load_7 = load i8* %roundKey_addr_7, align 1

]]></Node>
<StgValue><ssdm name="roundKey_load_7"/></StgValue>
</operation>

<operation id="89" st_id="5" stage="1" lat="1">
<core>LogicGate</core>
<MemPortIdVec></MemPortIdVec>
<condition id="-1">
<or_exp><and_exp></and_exp></or_exp>
</condition>

<Node id="67" bw="8" op_0_bw="8" op_1_bw="8">
<![CDATA[
:63  %xor_ln12_7 = xor i8 %roundKey_load_7, %state_load_7

]]></Node>
<StgValue><ssdm name="xor_ln12_7"/></StgValue>
</operation>

<operation id="90" st_id="5" stage="1" lat="1">
<core>NULL</core>
<MemPortIdVec></MemPortIdVec>
<condition id="-1">
<or_exp><and_exp></and_exp></or_exp>
</condition>

<Node id="69" bw="4" op_0_bw="8" op_1_bw="64" op_2_bw="64">
<![CDATA[
:65  %state_addr_23 = getelementptr [16 x i8]* %state, i64 0, i64 8

]]></Node>
<StgValue><ssdm name="state_addr_23"/></StgValue>
</operation>

<operation id="91" st_id="5" stage="2" lat="2">
<core>RAM</core>
<MemPortIdVec>0 </MemPortIdVec>
<condition id="-1">
<or_exp><and_exp></and_exp></or_exp>
</condition>

<Node id="70" bw="8" op_0_bw="4">
<![CDATA[
:66  %state_load_8 = load i8* %state_addr_23, align 1

]]></Node>
<StgValue><ssdm name="state_load_8"/></StgValue>
</operation>

<operation id="92" st_id="5" stage="1" lat="1">
<core>AddSub</core>
<MemPortIdVec></MemPortIdVec>
<condition id="-1">
<or_exp><and_exp></and_exp></or_exp>
</condition>

<Node id="71" bw="8" op_0_bw="8" op_1_bw="8">
<![CDATA[
:67  %add_ln12_7 = add i8 8, %trunc_ln12

]]></Node>
<StgValue><ssdm name="add_ln12_7"/></StgValue>
</operation>

<operation id="93" st_id="5" stage="1" lat="1">
<core>NULL</core>
<MemPortIdVec></MemPortIdVec>
<condition id="-1">
<or_exp><and_exp></and_exp></or_exp>
</condition>

<Node id="72" bw="64" op_0_bw="8">
<![CDATA[
:68  %zext_ln12_7 = zext i8 %add_ln12_7 to i64

]]></Node>
<StgValue><ssdm name="zext_ln12_7"/></StgValue>
</operation>

<operation id="94" st_id="5" stage="1" lat="1">
<core>NULL</core>
<MemPortIdVec></MemPortIdVec>
<condition id="-1">
<or_exp><and_exp></and_exp></or_exp>
</condition>

<Node id="73" bw="8" op_0_bw="8" op_1_bw="64" op_2_bw="64">
<![CDATA[
:69  %roundKey_addr_8 = getelementptr [176 x i8]* %roundKey, i64 0, i64 %zext_ln12_7

]]></Node>
<StgValue><ssdm name="roundKey_addr_8"/></StgValue>
</operation>

<operation id="95" st_id="5" stage="2" lat="2">
<core>RAM</core>
<MemPortIdVec>0 </MemPortIdVec>
<condition id="-1">
<or_exp><and_exp></and_exp></or_exp>
</condition>

<Node id="74" bw="8" op_0_bw="8">
<![CDATA[
:70  %roundKey_load_8 = load i8* %roundKey_addr_8, align 1

]]></Node>
<StgValue><ssdm name="roundKey_load_8"/></StgValue>
</operation>

<operation id="96" st_id="5" stage="1" lat="1">
<core>NULL</core>
<MemPortIdVec></MemPortIdVec>
<condition id="-1">
<or_exp><and_exp></and_exp></or_exp>
</condition>

<Node id="77" bw="4" op_0_bw="8" op_1_bw="64" op_2_bw="64">
<![CDATA[
:73  %state_addr_24 = getelementptr [16 x i8]* %state, i64 0, i64 9

]]></Node>
<StgValue><ssdm name="state_addr_24"/></StgValue>
</operation>

<operation id="97" st_id="5" stage="2" lat="2">
<core>RAM</core>
<MemPortIdVec>1 </MemPortIdVec>
<condition id="-1">
<or_exp><and_exp></and_exp></or_exp>
</condition>

<Node id="78" bw="8" op_0_bw="4">
<![CDATA[
:74  %state_load_9 = load i8* %state_addr_24, align 1

]]></Node>
<StgValue><ssdm name="state_load_9"/></StgValue>
</operation>

<operation id="98" st_id="5" stage="1" lat="1">
<core>AddSub</core>
<MemPortIdVec></MemPortIdVec>
<condition id="-1">
<or_exp><and_exp></and_exp></or_exp>
</condition>

<Node id="79" bw="8" op_0_bw="8" op_1_bw="8">
<![CDATA[
:75  %add_ln12_8 = add i8 9, %trunc_ln12

]]></Node>
<StgValue><ssdm name="add_ln12_8"/></StgValue>
</operation>

<operation id="99" st_id="5" stage="1" lat="1">
<core>NULL</core>
<MemPortIdVec></MemPortIdVec>
<condition id="-1">
<or_exp><and_exp></and_exp></or_exp>
</condition>

<Node id="80" bw="64" op_0_bw="8">
<![CDATA[
:76  %zext_ln12_8 = zext i8 %add_ln12_8 to i64

]]></Node>
<StgValue><ssdm name="zext_ln12_8"/></StgValue>
</operation>

<operation id="100" st_id="5" stage="1" lat="1">
<core>NULL</core>
<MemPortIdVec></MemPortIdVec>
<condition id="-1">
<or_exp><and_exp></and_exp></or_exp>
</condition>

<Node id="81" bw="8" op_0_bw="8" op_1_bw="64" op_2_bw="64">
<![CDATA[
:77  %roundKey_addr_9 = getelementptr [176 x i8]* %roundKey, i64 0, i64 %zext_ln12_8

]]></Node>
<StgValue><ssdm name="roundKey_addr_9"/></StgValue>
</operation>

<operation id="101" st_id="5" stage="2" lat="2">
<core>RAM</core>
<MemPortIdVec>1 </MemPortIdVec>
<condition id="-1">
<or_exp><and_exp></and_exp></or_exp>
</condition>

<Node id="82" bw="8" op_0_bw="8">
<![CDATA[
:78  %roundKey_load_9 = load i8* %roundKey_addr_9, align 1

]]></Node>
<StgValue><ssdm name="roundKey_load_9"/></StgValue>
</operation>
</state>

<state id="6" st_id="6">

<operation id="102" st_id="6" stage="1" lat="2">
<core>RAM</core>
<MemPortIdVec>0 </MemPortIdVec>
<condition id="-1">
<or_exp><and_exp></and_exp></or_exp>
</condition>

<Node id="70" bw="8" op_0_bw="4">
<![CDATA[
:66  %state_load_8 = load i8* %state_addr_23, align 1

]]></Node>
<StgValue><ssdm name="state_load_8"/></StgValue>
</operation>

<operation id="103" st_id="6" stage="1" lat="2">
<core>RAM</core>
<MemPortIdVec>0 </MemPortIdVec>
<condition id="-1">
<or_exp><and_exp></and_exp></or_exp>
</condition>

<Node id="74" bw="8" op_0_bw="8">
<![CDATA[
:70  %roundKey_load_8 = load i8* %roundKey_addr_8, align 1

]]></Node>
<StgValue><ssdm name="roundKey_load_8"/></StgValue>
</operation>

<operation id="104" st_id="6" stage="1" lat="1">
<core>LogicGate</core>
<MemPortIdVec></MemPortIdVec>
<condition id="-1">
<or_exp><and_exp></and_exp></or_exp>
</condition>

<Node id="75" bw="8" op_0_bw="8" op_1_bw="8">
<![CDATA[
:71  %xor_ln12_8 = xor i8 %roundKey_load_8, %state_load_8

]]></Node>
<StgValue><ssdm name="xor_ln12_8"/></StgValue>
</operation>

<operation id="105" st_id="6" stage="1" lat="2">
<core>RAM</core>
<MemPortIdVec>1 </MemPortIdVec>
<condition id="-1">
<or_exp><and_exp></and_exp></or_exp>
</condition>

<Node id="78" bw="8" op_0_bw="4">
<![CDATA[
:74  %state_load_9 = load i8* %state_addr_24, align 1

]]></Node>
<StgValue><ssdm name="state_load_9"/></StgValue>
</operation>

<operation id="106" st_id="6" stage="1" lat="2">
<core>RAM</core>
<MemPortIdVec>1 </MemPortIdVec>
<condition id="-1">
<or_exp><and_exp></and_exp></or_exp>
</condition>

<Node id="82" bw="8" op_0_bw="8">
<![CDATA[
:78  %roundKey_load_9 = load i8* %roundKey_addr_9, align 1

]]></Node>
<StgValue><ssdm name="roundKey_load_9"/></StgValue>
</operation>

<operation id="107" st_id="6" stage="1" lat="1">
<core>LogicGate</core>
<MemPortIdVec></MemPortIdVec>
<condition id="-1">
<or_exp><and_exp></and_exp></or_exp>
</condition>

<Node id="83" bw="8" op_0_bw="8" op_1_bw="8">
<![CDATA[
:79  %xor_ln12_9 = xor i8 %roundKey_load_9, %state_load_9

]]></Node>
<StgValue><ssdm name="xor_ln12_9"/></StgValue>
</operation>

<operation id="108" st_id="6" stage="1" lat="1">
<core>NULL</core>
<MemPortIdVec></MemPortIdVec>
<condition id="-1">
<or_exp><and_exp></and_exp></or_exp>
</condition>

<Node id="85" bw="4" op_0_bw="8" op_1_bw="64" op_2_bw="64">
<![CDATA[
:81  %state_addr_25 = getelementptr [16 x i8]* %state, i64 0, i64 10

]]></Node>
<StgValue><ssdm name="state_addr_25"/></StgValue>
</operation>

<operation id="109" st_id="6" stage="2" lat="2">
<core>RAM</core>
<MemPortIdVec>0 </MemPortIdVec>
<condition id="-1">
<or_exp><and_exp></and_exp></or_exp>
</condition>

<Node id="86" bw="8" op_0_bw="4">
<![CDATA[
:82  %state_load_10 = load i8* %state_addr_25, align 1

]]></Node>
<StgValue><ssdm name="state_load_10"/></StgValue>
</operation>

<operation id="110" st_id="6" stage="1" lat="1">
<core>AddSub</core>
<MemPortIdVec></MemPortIdVec>
<condition id="-1">
<or_exp><and_exp></and_exp></or_exp>
</condition>

<Node id="87" bw="8" op_0_bw="8" op_1_bw="8">
<![CDATA[
:83  %add_ln12_9 = add i8 10, %trunc_ln12

]]></Node>
<StgValue><ssdm name="add_ln12_9"/></StgValue>
</operation>

<operation id="111" st_id="6" stage="1" lat="1">
<core>NULL</core>
<MemPortIdVec></MemPortIdVec>
<condition id="-1">
<or_exp><and_exp></and_exp></or_exp>
</condition>

<Node id="88" bw="64" op_0_bw="8">
<![CDATA[
:84  %zext_ln12_9 = zext i8 %add_ln12_9 to i64

]]></Node>
<StgValue><ssdm name="zext_ln12_9"/></StgValue>
</operation>

<operation id="112" st_id="6" stage="1" lat="1">
<core>NULL</core>
<MemPortIdVec></MemPortIdVec>
<condition id="-1">
<or_exp><and_exp></and_exp></or_exp>
</condition>

<Node id="89" bw="8" op_0_bw="8" op_1_bw="64" op_2_bw="64">
<![CDATA[
:85  %roundKey_addr_10 = getelementptr [176 x i8]* %roundKey, i64 0, i64 %zext_ln12_9

]]></Node>
<StgValue><ssdm name="roundKey_addr_10"/></StgValue>
</operation>

<operation id="113" st_id="6" stage="2" lat="2">
<core>RAM</core>
<MemPortIdVec>0 </MemPortIdVec>
<condition id="-1">
<or_exp><and_exp></and_exp></or_exp>
</condition>

<Node id="90" bw="8" op_0_bw="8">
<![CDATA[
:86  %roundKey_load_10 = load i8* %roundKey_addr_10, align 1

]]></Node>
<StgValue><ssdm name="roundKey_load_10"/></StgValue>
</operation>

<operation id="114" st_id="6" stage="1" lat="1">
<core>NULL</core>
<MemPortIdVec></MemPortIdVec>
<condition id="-1">
<or_exp><and_exp></and_exp></or_exp>
</condition>

<Node id="93" bw="4" op_0_bw="8" op_1_bw="64" op_2_bw="64">
<![CDATA[
:89  %state_addr_26 = getelementptr [16 x i8]* %state, i64 0, i64 11

]]></Node>
<StgValue><ssdm name="state_addr_26"/></StgValue>
</operation>

<operation id="115" st_id="6" stage="2" lat="2">
<core>RAM</core>
<MemPortIdVec>1 </MemPortIdVec>
<condition id="-1">
<or_exp><and_exp></and_exp></or_exp>
</condition>

<Node id="94" bw="8" op_0_bw="4">
<![CDATA[
:90  %state_load_11 = load i8* %state_addr_26, align 1

]]></Node>
<StgValue><ssdm name="state_load_11"/></StgValue>
</operation>

<operation id="116" st_id="6" stage="1" lat="1">
<core>AddSub</core>
<MemPortIdVec></MemPortIdVec>
<condition id="-1">
<or_exp><and_exp></and_exp></or_exp>
</condition>

<Node id="95" bw="8" op_0_bw="8" op_1_bw="8">
<![CDATA[
:91  %add_ln12_10 = add i8 11, %trunc_ln12

]]></Node>
<StgValue><ssdm name="add_ln12_10"/></StgValue>
</operation>

<operation id="117" st_id="6" stage="1" lat="1">
<core>NULL</core>
<MemPortIdVec></MemPortIdVec>
<condition id="-1">
<or_exp><and_exp></and_exp></or_exp>
</condition>

<Node id="96" bw="64" op_0_bw="8">
<![CDATA[
:92  %zext_ln12_10 = zext i8 %add_ln12_10 to i64

]]></Node>
<StgValue><ssdm name="zext_ln12_10"/></StgValue>
</operation>

<operation id="118" st_id="6" stage="1" lat="1">
<core>NULL</core>
<MemPortIdVec></MemPortIdVec>
<condition id="-1">
<or_exp><and_exp></and_exp></or_exp>
</condition>

<Node id="97" bw="8" op_0_bw="8" op_1_bw="64" op_2_bw="64">
<![CDATA[
:93  %roundKey_addr_11 = getelementptr [176 x i8]* %roundKey, i64 0, i64 %zext_ln12_10

]]></Node>
<StgValue><ssdm name="roundKey_addr_11"/></StgValue>
</operation>

<operation id="119" st_id="6" stage="2" lat="2">
<core>RAM</core>
<MemPortIdVec>1 </MemPortIdVec>
<condition id="-1">
<or_exp><and_exp></and_exp></or_exp>
</condition>

<Node id="98" bw="8" op_0_bw="8">
<![CDATA[
:94  %roundKey_load_11 = load i8* %roundKey_addr_11, align 1

]]></Node>
<StgValue><ssdm name="roundKey_load_11"/></StgValue>
</operation>
</state>

<state id="7" st_id="7">

<operation id="120" st_id="7" stage="1" lat="2">
<core>RAM</core>
<MemPortIdVec>0 </MemPortIdVec>
<condition id="-1">
<or_exp><and_exp></and_exp></or_exp>
</condition>

<Node id="86" bw="8" op_0_bw="4">
<![CDATA[
:82  %state_load_10 = load i8* %state_addr_25, align 1

]]></Node>
<StgValue><ssdm name="state_load_10"/></StgValue>
</operation>

<operation id="121" st_id="7" stage="1" lat="2">
<core>RAM</core>
<MemPortIdVec>0 </MemPortIdVec>
<condition id="-1">
<or_exp><and_exp></and_exp></or_exp>
</condition>

<Node id="90" bw="8" op_0_bw="8">
<![CDATA[
:86  %roundKey_load_10 = load i8* %roundKey_addr_10, align 1

]]></Node>
<StgValue><ssdm name="roundKey_load_10"/></StgValue>
</operation>

<operation id="122" st_id="7" stage="1" lat="1">
<core>LogicGate</core>
<MemPortIdVec></MemPortIdVec>
<condition id="-1">
<or_exp><and_exp></and_exp></or_exp>
</condition>

<Node id="91" bw="8" op_0_bw="8" op_1_bw="8">
<![CDATA[
:87  %xor_ln12_10 = xor i8 %roundKey_load_10, %state_load_10

]]></Node>
<StgValue><ssdm name="xor_ln12_10"/></StgValue>
</operation>

<operation id="123" st_id="7" stage="1" lat="2">
<core>RAM</core>
<MemPortIdVec>1 </MemPortIdVec>
<condition id="-1">
<or_exp><and_exp></and_exp></or_exp>
</condition>

<Node id="94" bw="8" op_0_bw="4">
<![CDATA[
:90  %state_load_11 = load i8* %state_addr_26, align 1

]]></Node>
<StgValue><ssdm name="state_load_11"/></StgValue>
</operation>

<operation id="124" st_id="7" stage="1" lat="2">
<core>RAM</core>
<MemPortIdVec>1 </MemPortIdVec>
<condition id="-1">
<or_exp><and_exp></and_exp></or_exp>
</condition>

<Node id="98" bw="8" op_0_bw="8">
<![CDATA[
:94  %roundKey_load_11 = load i8* %roundKey_addr_11, align 1

]]></Node>
<StgValue><ssdm name="roundKey_load_11"/></StgValue>
</operation>

<operation id="125" st_id="7" stage="1" lat="1">
<core>LogicGate</core>
<MemPortIdVec></MemPortIdVec>
<condition id="-1">
<or_exp><and_exp></and_exp></or_exp>
</condition>

<Node id="99" bw="8" op_0_bw="8" op_1_bw="8">
<![CDATA[
:95  %xor_ln12_11 = xor i8 %roundKey_load_11, %state_load_11

]]></Node>
<StgValue><ssdm name="xor_ln12_11"/></StgValue>
</operation>

<operation id="126" st_id="7" stage="1" lat="1">
<core>NULL</core>
<MemPortIdVec></MemPortIdVec>
<condition id="-1">
<or_exp><and_exp></and_exp></or_exp>
</condition>

<Node id="101" bw="4" op_0_bw="8" op_1_bw="64" op_2_bw="64">
<![CDATA[
:97  %state_addr_27 = getelementptr [16 x i8]* %state, i64 0, i64 12

]]></Node>
<StgValue><ssdm name="state_addr_27"/></StgValue>
</operation>

<operation id="127" st_id="7" stage="2" lat="2">
<core>RAM</core>
<MemPortIdVec>0 </MemPortIdVec>
<condition id="-1">
<or_exp><and_exp></and_exp></or_exp>
</condition>

<Node id="102" bw="8" op_0_bw="4">
<![CDATA[
:98  %state_load_12 = load i8* %state_addr_27, align 1

]]></Node>
<StgValue><ssdm name="state_load_12"/></StgValue>
</operation>

<operation id="128" st_id="7" stage="1" lat="1">
<core>AddSub</core>
<MemPortIdVec></MemPortIdVec>
<condition id="-1">
<or_exp><and_exp></and_exp></or_exp>
</condition>

<Node id="103" bw="8" op_0_bw="8" op_1_bw="8">
<![CDATA[
:99  %add_ln12_11 = add i8 12, %trunc_ln12

]]></Node>
<StgValue><ssdm name="add_ln12_11"/></StgValue>
</operation>

<operation id="129" st_id="7" stage="1" lat="1">
<core>NULL</core>
<MemPortIdVec></MemPortIdVec>
<condition id="-1">
<or_exp><and_exp></and_exp></or_exp>
</condition>

<Node id="104" bw="64" op_0_bw="8">
<![CDATA[
:100  %zext_ln12_11 = zext i8 %add_ln12_11 to i64

]]></Node>
<StgValue><ssdm name="zext_ln12_11"/></StgValue>
</operation>

<operation id="130" st_id="7" stage="1" lat="1">
<core>NULL</core>
<MemPortIdVec></MemPortIdVec>
<condition id="-1">
<or_exp><and_exp></and_exp></or_exp>
</condition>

<Node id="105" bw="8" op_0_bw="8" op_1_bw="64" op_2_bw="64">
<![CDATA[
:101  %roundKey_addr_12 = getelementptr [176 x i8]* %roundKey, i64 0, i64 %zext_ln12_11

]]></Node>
<StgValue><ssdm name="roundKey_addr_12"/></StgValue>
</operation>

<operation id="131" st_id="7" stage="2" lat="2">
<core>RAM</core>
<MemPortIdVec>0 </MemPortIdVec>
<condition id="-1">
<or_exp><and_exp></and_exp></or_exp>
</condition>

<Node id="106" bw="8" op_0_bw="8">
<![CDATA[
:102  %roundKey_load_12 = load i8* %roundKey_addr_12, align 1

]]></Node>
<StgValue><ssdm name="roundKey_load_12"/></StgValue>
</operation>

<operation id="132" st_id="7" stage="1" lat="1">
<core>NULL</core>
<MemPortIdVec></MemPortIdVec>
<condition id="-1">
<or_exp><and_exp></and_exp></or_exp>
</condition>

<Node id="109" bw="4" op_0_bw="8" op_1_bw="64" op_2_bw="64">
<![CDATA[
:105  %state_addr_28 = getelementptr [16 x i8]* %state, i64 0, i64 13

]]></Node>
<StgValue><ssdm name="state_addr_28"/></StgValue>
</operation>

<operation id="133" st_id="7" stage="2" lat="2">
<core>RAM</core>
<MemPortIdVec>1 </MemPortIdVec>
<condition id="-1">
<or_exp><and_exp></and_exp></or_exp>
</condition>

<Node id="110" bw="8" op_0_bw="4">
<![CDATA[
:106  %state_load_13 = load i8* %state_addr_28, align 1

]]></Node>
<StgValue><ssdm name="state_load_13"/></StgValue>
</operation>

<operation id="134" st_id="7" stage="1" lat="1">
<core>AddSub</core>
<MemPortIdVec></MemPortIdVec>
<condition id="-1">
<or_exp><and_exp></and_exp></or_exp>
</condition>

<Node id="111" bw="8" op_0_bw="8" op_1_bw="8">
<![CDATA[
:107  %add_ln12_12 = add i8 13, %trunc_ln12

]]></Node>
<StgValue><ssdm name="add_ln12_12"/></StgValue>
</operation>

<operation id="135" st_id="7" stage="1" lat="1">
<core>NULL</core>
<MemPortIdVec></MemPortIdVec>
<condition id="-1">
<or_exp><and_exp></and_exp></or_exp>
</condition>

<Node id="112" bw="64" op_0_bw="8">
<![CDATA[
:108  %zext_ln12_12 = zext i8 %add_ln12_12 to i64

]]></Node>
<StgValue><ssdm name="zext_ln12_12"/></StgValue>
</operation>

<operation id="136" st_id="7" stage="1" lat="1">
<core>NULL</core>
<MemPortIdVec></MemPortIdVec>
<condition id="-1">
<or_exp><and_exp></and_exp></or_exp>
</condition>

<Node id="113" bw="8" op_0_bw="8" op_1_bw="64" op_2_bw="64">
<![CDATA[
:109  %roundKey_addr_13 = getelementptr [176 x i8]* %roundKey, i64 0, i64 %zext_ln12_12

]]></Node>
<StgValue><ssdm name="roundKey_addr_13"/></StgValue>
</operation>

<operation id="137" st_id="7" stage="2" lat="2">
<core>RAM</core>
<MemPortIdVec>1 </MemPortIdVec>
<condition id="-1">
<or_exp><and_exp></and_exp></or_exp>
</condition>

<Node id="114" bw="8" op_0_bw="8">
<![CDATA[
:110  %roundKey_load_13 = load i8* %roundKey_addr_13, align 1

]]></Node>
<StgValue><ssdm name="roundKey_load_13"/></StgValue>
</operation>
</state>

<state id="8" st_id="8">

<operation id="138" st_id="8" stage="1" lat="2">
<core>RAM</core>
<MemPortIdVec>0 </MemPortIdVec>
<condition id="-1">
<or_exp><and_exp></and_exp></or_exp>
</condition>

<Node id="102" bw="8" op_0_bw="4">
<![CDATA[
:98  %state_load_12 = load i8* %state_addr_27, align 1

]]></Node>
<StgValue><ssdm name="state_load_12"/></StgValue>
</operation>

<operation id="139" st_id="8" stage="1" lat="2">
<core>RAM</core>
<MemPortIdVec>0 </MemPortIdVec>
<condition id="-1">
<or_exp><and_exp></and_exp></or_exp>
</condition>

<Node id="106" bw="8" op_0_bw="8">
<![CDATA[
:102  %roundKey_load_12 = load i8* %roundKey_addr_12, align 1

]]></Node>
<StgValue><ssdm name="roundKey_load_12"/></StgValue>
</operation>

<operation id="140" st_id="8" stage="1" lat="1">
<core>LogicGate</core>
<MemPortIdVec></MemPortIdVec>
<condition id="-1">
<or_exp><and_exp></and_exp></or_exp>
</condition>

<Node id="107" bw="8" op_0_bw="8" op_1_bw="8">
<![CDATA[
:103  %xor_ln12_12 = xor i8 %roundKey_load_12, %state_load_12

]]></Node>
<StgValue><ssdm name="xor_ln12_12"/></StgValue>
</operation>

<operation id="141" st_id="8" stage="1" lat="2">
<core>RAM</core>
<MemPortIdVec>1 </MemPortIdVec>
<condition id="-1">
<or_exp><and_exp></and_exp></or_exp>
</condition>

<Node id="110" bw="8" op_0_bw="4">
<![CDATA[
:106  %state_load_13 = load i8* %state_addr_28, align 1

]]></Node>
<StgValue><ssdm name="state_load_13"/></StgValue>
</operation>

<operation id="142" st_id="8" stage="1" lat="2">
<core>RAM</core>
<MemPortIdVec>1 </MemPortIdVec>
<condition id="-1">
<or_exp><and_exp></and_exp></or_exp>
</condition>

<Node id="114" bw="8" op_0_bw="8">
<![CDATA[
:110  %roundKey_load_13 = load i8* %roundKey_addr_13, align 1

]]></Node>
<StgValue><ssdm name="roundKey_load_13"/></StgValue>
</operation>

<operation id="143" st_id="8" stage="1" lat="1">
<core>LogicGate</core>
<MemPortIdVec></MemPortIdVec>
<condition id="-1">
<or_exp><and_exp></and_exp></or_exp>
</condition>

<Node id="115" bw="8" op_0_bw="8" op_1_bw="8">
<![CDATA[
:111  %xor_ln12_13 = xor i8 %roundKey_load_13, %state_load_13

]]></Node>
<StgValue><ssdm name="xor_ln12_13"/></StgValue>
</operation>

<operation id="144" st_id="8" stage="1" lat="1">
<core>NULL</core>
<MemPortIdVec></MemPortIdVec>
<condition id="-1">
<or_exp><and_exp></and_exp></or_exp>
</condition>

<Node id="117" bw="4" op_0_bw="8" op_1_bw="64" op_2_bw="64">
<![CDATA[
:113  %state_addr_29 = getelementptr [16 x i8]* %state, i64 0, i64 14

]]></Node>
<StgValue><ssdm name="state_addr_29"/></StgValue>
</operation>

<operation id="145" st_id="8" stage="2" lat="2">
<core>RAM</core>
<MemPortIdVec>0 </MemPortIdVec>
<condition id="-1">
<or_exp><and_exp></and_exp></or_exp>
</condition>

<Node id="118" bw="8" op_0_bw="4">
<![CDATA[
:114  %state_load_14 = load i8* %state_addr_29, align 1

]]></Node>
<StgValue><ssdm name="state_load_14"/></StgValue>
</operation>

<operation id="146" st_id="8" stage="1" lat="1">
<core>AddSub</core>
<MemPortIdVec></MemPortIdVec>
<condition id="-1">
<or_exp><and_exp></and_exp></or_exp>
</condition>

<Node id="119" bw="8" op_0_bw="8" op_1_bw="8">
<![CDATA[
:115  %add_ln12_13 = add i8 14, %trunc_ln12

]]></Node>
<StgValue><ssdm name="add_ln12_13"/></StgValue>
</operation>

<operation id="147" st_id="8" stage="1" lat="1">
<core>NULL</core>
<MemPortIdVec></MemPortIdVec>
<condition id="-1">
<or_exp><and_exp></and_exp></or_exp>
</condition>

<Node id="120" bw="64" op_0_bw="8">
<![CDATA[
:116  %zext_ln12_13 = zext i8 %add_ln12_13 to i64

]]></Node>
<StgValue><ssdm name="zext_ln12_13"/></StgValue>
</operation>

<operation id="148" st_id="8" stage="1" lat="1">
<core>NULL</core>
<MemPortIdVec></MemPortIdVec>
<condition id="-1">
<or_exp><and_exp></and_exp></or_exp>
</condition>

<Node id="121" bw="8" op_0_bw="8" op_1_bw="64" op_2_bw="64">
<![CDATA[
:117  %roundKey_addr_14 = getelementptr [176 x i8]* %roundKey, i64 0, i64 %zext_ln12_13

]]></Node>
<StgValue><ssdm name="roundKey_addr_14"/></StgValue>
</operation>

<operation id="149" st_id="8" stage="2" lat="2">
<core>RAM</core>
<MemPortIdVec>0 </MemPortIdVec>
<condition id="-1">
<or_exp><and_exp></and_exp></or_exp>
</condition>

<Node id="122" bw="8" op_0_bw="8">
<![CDATA[
:118  %roundKey_load_14 = load i8* %roundKey_addr_14, align 1

]]></Node>
<StgValue><ssdm name="roundKey_load_14"/></StgValue>
</operation>

<operation id="150" st_id="8" stage="1" lat="1">
<core>NULL</core>
<MemPortIdVec></MemPortIdVec>
<condition id="-1">
<or_exp><and_exp></and_exp></or_exp>
</condition>

<Node id="125" bw="4" op_0_bw="8" op_1_bw="64" op_2_bw="64">
<![CDATA[
:121  %state_addr_30 = getelementptr [16 x i8]* %state, i64 0, i64 15

]]></Node>
<StgValue><ssdm name="state_addr_30"/></StgValue>
</operation>

<operation id="151" st_id="8" stage="2" lat="2">
<core>RAM</core>
<MemPortIdVec>1 </MemPortIdVec>
<condition id="-1">
<or_exp><and_exp></and_exp></or_exp>
</condition>

<Node id="126" bw="8" op_0_bw="4">
<![CDATA[
:122  %state_load_15 = load i8* %state_addr_30, align 1

]]></Node>
<StgValue><ssdm name="state_load_15"/></StgValue>
</operation>

<operation id="152" st_id="8" stage="1" lat="1">
<core>AddSub</core>
<MemPortIdVec></MemPortIdVec>
<condition id="-1">
<or_exp><and_exp></and_exp></or_exp>
</condition>

<Node id="127" bw="8" op_0_bw="8" op_1_bw="8">
<![CDATA[
:123  %add_ln12_14 = add i8 15, %trunc_ln12

]]></Node>
<StgValue><ssdm name="add_ln12_14"/></StgValue>
</operation>

<operation id="153" st_id="8" stage="1" lat="1">
<core>NULL</core>
<MemPortIdVec></MemPortIdVec>
<condition id="-1">
<or_exp><and_exp></and_exp></or_exp>
</condition>

<Node id="128" bw="64" op_0_bw="8">
<![CDATA[
:124  %zext_ln12_14 = zext i8 %add_ln12_14 to i64

]]></Node>
<StgValue><ssdm name="zext_ln12_14"/></StgValue>
</operation>

<operation id="154" st_id="8" stage="1" lat="1">
<core>NULL</core>
<MemPortIdVec></MemPortIdVec>
<condition id="-1">
<or_exp><and_exp></and_exp></or_exp>
</condition>

<Node id="129" bw="8" op_0_bw="8" op_1_bw="64" op_2_bw="64">
<![CDATA[
:125  %roundKey_addr_15 = getelementptr [176 x i8]* %roundKey, i64 0, i64 %zext_ln12_14

]]></Node>
<StgValue><ssdm name="roundKey_addr_15"/></StgValue>
</operation>

<operation id="155" st_id="8" stage="2" lat="2">
<core>RAM</core>
<MemPortIdVec>1 </MemPortIdVec>
<condition id="-1">
<or_exp><and_exp></and_exp></or_exp>
</condition>

<Node id="130" bw="8" op_0_bw="8">
<![CDATA[
:126  %roundKey_load_15 = load i8* %roundKey_addr_15, align 1

]]></Node>
<StgValue><ssdm name="roundKey_load_15"/></StgValue>
</operation>
</state>

<state id="9" st_id="9">

<operation id="156" st_id="9" stage="1" lat="1">
<core>RAM</core>
<MemPortIdVec>0 </MemPortIdVec>
<condition id="-1">
<or_exp><and_exp></and_exp></or_exp>
</condition>

<Node id="11" bw="0" op_0_bw="8" op_1_bw="4" op_2_bw="8">
<![CDATA[
:7  store i8 %xor_ln12, i8* %state_addr, align 1

]]></Node>
<StgValue><ssdm name="store_ln12"/></StgValue>
</operation>

<operation id="157" st_id="9" stage="1" lat="1">
<core>RAM</core>
<MemPortIdVec>1 </MemPortIdVec>
<condition id="-1">
<or_exp><and_exp></and_exp></or_exp>
</condition>

<Node id="20" bw="0" op_0_bw="8" op_1_bw="4" op_2_bw="8">
<![CDATA[
:16  store i8 %xor_ln12_1, i8* %state_addr_16, align 1

]]></Node>
<StgValue><ssdm name="store_ln12"/></StgValue>
</operation>

<operation id="158" st_id="9" stage="1" lat="2">
<core>RAM</core>
<MemPortIdVec>0 </MemPortIdVec>
<condition id="-1">
<or_exp><and_exp></and_exp></or_exp>
</condition>

<Node id="118" bw="8" op_0_bw="4">
<![CDATA[
:114  %state_load_14 = load i8* %state_addr_29, align 1

]]></Node>
<StgValue><ssdm name="state_load_14"/></StgValue>
</operation>

<operation id="159" st_id="9" stage="1" lat="2">
<core>RAM</core>
<MemPortIdVec>0 </MemPortIdVec>
<condition id="-1">
<or_exp><and_exp></and_exp></or_exp>
</condition>

<Node id="122" bw="8" op_0_bw="8">
<![CDATA[
:118  %roundKey_load_14 = load i8* %roundKey_addr_14, align 1

]]></Node>
<StgValue><ssdm name="roundKey_load_14"/></StgValue>
</operation>

<operation id="160" st_id="9" stage="1" lat="1">
<core>LogicGate</core>
<MemPortIdVec></MemPortIdVec>
<condition id="-1">
<or_exp><and_exp></and_exp></or_exp>
</condition>

<Node id="123" bw="8" op_0_bw="8" op_1_bw="8">
<![CDATA[
:119  %xor_ln12_14 = xor i8 %roundKey_load_14, %state_load_14

]]></Node>
<StgValue><ssdm name="xor_ln12_14"/></StgValue>
</operation>

<operation id="161" st_id="9" stage="1" lat="2">
<core>RAM</core>
<MemPortIdVec>1 </MemPortIdVec>
<condition id="-1">
<or_exp><and_exp></and_exp></or_exp>
</condition>

<Node id="126" bw="8" op_0_bw="4">
<![CDATA[
:122  %state_load_15 = load i8* %state_addr_30, align 1

]]></Node>
<StgValue><ssdm name="state_load_15"/></StgValue>
</operation>

<operation id="162" st_id="9" stage="1" lat="2">
<core>RAM</core>
<MemPortIdVec>1 </MemPortIdVec>
<condition id="-1">
<or_exp><and_exp></and_exp></or_exp>
</condition>

<Node id="130" bw="8" op_0_bw="8">
<![CDATA[
:126  %roundKey_load_15 = load i8* %roundKey_addr_15, align 1

]]></Node>
<StgValue><ssdm name="roundKey_load_15"/></StgValue>
</operation>

<operation id="163" st_id="9" stage="1" lat="1">
<core>LogicGate</core>
<MemPortIdVec></MemPortIdVec>
<condition id="-1">
<or_exp><and_exp></and_exp></or_exp>
</condition>

<Node id="131" bw="8" op_0_bw="8" op_1_bw="8">
<![CDATA[
:127  %xor_ln12_15 = xor i8 %roundKey_load_15, %state_load_15

]]></Node>
<StgValue><ssdm name="xor_ln12_15"/></StgValue>
</operation>
</state>

<state id="10" st_id="10">

<operation id="164" st_id="10" stage="1" lat="1">
<core>RAM</core>
<MemPortIdVec>0 </MemPortIdVec>
<condition id="-1">
<or_exp><and_exp></and_exp></or_exp>
</condition>

<Node id="28" bw="0" op_0_bw="8" op_1_bw="4" op_2_bw="8">
<![CDATA[
:24  store i8 %xor_ln12_2, i8* %state_addr_17, align 1

]]></Node>
<StgValue><ssdm name="store_ln12"/></StgValue>
</operation>

<operation id="165" st_id="10" stage="1" lat="1">
<core>RAM</core>
<MemPortIdVec>1 </MemPortIdVec>
<condition id="-1">
<or_exp><and_exp></and_exp></or_exp>
</condition>

<Node id="36" bw="0" op_0_bw="8" op_1_bw="4" op_2_bw="8">
<![CDATA[
:32  store i8 %xor_ln12_3, i8* %state_addr_18, align 1

]]></Node>
<StgValue><ssdm name="store_ln12"/></StgValue>
</operation>
</state>

<state id="11" st_id="11">

<operation id="166" st_id="11" stage="1" lat="1">
<core>RAM</core>
<MemPortIdVec>0 </MemPortIdVec>
<condition id="-1">
<or_exp><and_exp></and_exp></or_exp>
</condition>

<Node id="44" bw="0" op_0_bw="8" op_1_bw="4" op_2_bw="8">
<![CDATA[
:40  store i8 %xor_ln12_4, i8* %state_addr_19, align 1

]]></Node>
<StgValue><ssdm name="store_ln12"/></StgValue>
</operation>

<operation id="167" st_id="11" stage="1" lat="1">
<core>RAM</core>
<MemPortIdVec>1 </MemPortIdVec>
<condition id="-1">
<or_exp><and_exp></and_exp></or_exp>
</condition>

<Node id="52" bw="0" op_0_bw="8" op_1_bw="4" op_2_bw="8">
<![CDATA[
:48  store i8 %xor_ln12_5, i8* %state_addr_20, align 1

]]></Node>
<StgValue><ssdm name="store_ln12"/></StgValue>
</operation>
</state>

<state id="12" st_id="12">

<operation id="168" st_id="12" stage="1" lat="1">
<core>RAM</core>
<MemPortIdVec>0 </MemPortIdVec>
<condition id="-1">
<or_exp><and_exp></and_exp></or_exp>
</condition>

<Node id="60" bw="0" op_0_bw="8" op_1_bw="4" op_2_bw="8">
<![CDATA[
:56  store i8 %xor_ln12_6, i8* %state_addr_21, align 1

]]></Node>
<StgValue><ssdm name="store_ln12"/></StgValue>
</operation>

<operation id="169" st_id="12" stage="1" lat="1">
<core>RAM</core>
<MemPortIdVec>1 </MemPortIdVec>
<condition id="-1">
<or_exp><and_exp></and_exp></or_exp>
</condition>

<Node id="68" bw="0" op_0_bw="8" op_1_bw="4" op_2_bw="8">
<![CDATA[
:64  store i8 %xor_ln12_7, i8* %state_addr_22, align 1

]]></Node>
<StgValue><ssdm name="store_ln12"/></StgValue>
</operation>
</state>

<state id="13" st_id="13">

<operation id="170" st_id="13" stage="1" lat="1">
<core>RAM</core>
<MemPortIdVec>0 </MemPortIdVec>
<condition id="-1">
<or_exp><and_exp></and_exp></or_exp>
</condition>

<Node id="76" bw="0" op_0_bw="8" op_1_bw="4" op_2_bw="8">
<![CDATA[
:72  store i8 %xor_ln12_8, i8* %state_addr_23, align 1

]]></Node>
<StgValue><ssdm name="store_ln12"/></StgValue>
</operation>

<operation id="171" st_id="13" stage="1" lat="1">
<core>RAM</core>
<MemPortIdVec>1 </MemPortIdVec>
<condition id="-1">
<or_exp><and_exp></and_exp></or_exp>
</condition>

<Node id="84" bw="0" op_0_bw="8" op_1_bw="4" op_2_bw="8">
<![CDATA[
:80  store i8 %xor_ln12_9, i8* %state_addr_24, align 1

]]></Node>
<StgValue><ssdm name="store_ln12"/></StgValue>
</operation>
</state>

<state id="14" st_id="14">

<operation id="172" st_id="14" stage="1" lat="1">
<core>RAM</core>
<MemPortIdVec>0 </MemPortIdVec>
<condition id="-1">
<or_exp><and_exp></and_exp></or_exp>
</condition>

<Node id="92" bw="0" op_0_bw="8" op_1_bw="4" op_2_bw="8">
<![CDATA[
:88  store i8 %xor_ln12_10, i8* %state_addr_25, align 1

]]></Node>
<StgValue><ssdm name="store_ln12"/></StgValue>
</operation>

<operation id="173" st_id="14" stage="1" lat="1">
<core>RAM</core>
<MemPortIdVec>1 </MemPortIdVec>
<condition id="-1">
<or_exp><and_exp></and_exp></or_exp>
</condition>

<Node id="100" bw="0" op_0_bw="8" op_1_bw="4" op_2_bw="8">
<![CDATA[
:96  store i8 %xor_ln12_11, i8* %state_addr_26, align 1

]]></Node>
<StgValue><ssdm name="store_ln12"/></StgValue>
</operation>
</state>

<state id="15" st_id="15">

<operation id="174" st_id="15" stage="1" lat="1">
<core>RAM</core>
<MemPortIdVec>0 </MemPortIdVec>
<condition id="-1">
<or_exp><and_exp></and_exp></or_exp>
</condition>

<Node id="108" bw="0" op_0_bw="8" op_1_bw="4" op_2_bw="8">
<![CDATA[
:104  store i8 %xor_ln12_12, i8* %state_addr_27, align 1

]]></Node>
<StgValue><ssdm name="store_ln12"/></StgValue>
</operation>

<operation id="175" st_id="15" stage="1" lat="1">
<core>RAM</core>
<MemPortIdVec>1 </MemPortIdVec>
<condition id="-1">
<or_exp><and_exp></and_exp></or_exp>
</condition>

<Node id="116" bw="0" op_0_bw="8" op_1_bw="4" op_2_bw="8">
<![CDATA[
:112  store i8 %xor_ln12_13, i8* %state_addr_28, align 1

]]></Node>
<StgValue><ssdm name="store_ln12"/></StgValue>
</operation>
</state>

<state id="16" st_id="16">

<operation id="176" st_id="16" stage="1" lat="1">
<core>RAM</core>
<MemPortIdVec>0 </MemPortIdVec>
<condition id="-1">
<or_exp><and_exp></and_exp></or_exp>
</condition>

<Node id="124" bw="0" op_0_bw="8" op_1_bw="4" op_2_bw="8">
<![CDATA[
:120  store i8 %xor_ln12_14, i8* %state_addr_29, align 1

]]></Node>
<StgValue><ssdm name="store_ln12"/></StgValue>
</operation>

<operation id="177" st_id="16" stage="1" lat="1">
<core>RAM</core>
<MemPortIdVec>1 </MemPortIdVec>
<condition id="-1">
<or_exp><and_exp></and_exp></or_exp>
</condition>

<Node id="132" bw="0" op_0_bw="8" op_1_bw="4" op_2_bw="8">
<![CDATA[
:128  store i8 %xor_ln12_15, i8* %state_addr_30, align 1

]]></Node>
<StgValue><ssdm name="store_ln12"/></StgValue>
</operation>

<operation id="178" st_id="16" stage="1" lat="1">
<core>NULL</core>
<MemPortIdVec></MemPortIdVec>
<condition id="-1">
<or_exp><and_exp></and_exp></or_exp>
</condition>

<Node id="133" bw="0">
<![CDATA[
:129  ret void

]]></Node>
<StgValue><ssdm name="ret_ln14"/></StgValue>
</operation>
</state>
</state_list>


<ports>
<port id="210" name="state" dir="2" iftype="1">
<core>RAM</core><StgValue><ssdm name="state"/><MemPortTyVec>2 2 </MemPortTyVec>
</StgValue>
</port>
<port id="211" name="roundKey" dir="0" iftype="1">
<core>RAM</core><StgValue><ssdm name="roundKey"/><MemPortTyVec>1 1 </MemPortTyVec>
</StgValue>
</port>
<port id="212" name="roundKey_offset" dir="0" iftype="0">
<core>NULL</core><StgValue><ssdm name="roundKey_offset"/></StgValue>
</port>
</ports>


<dataflows>
<dataflow id="214" from="_ssdm_op_Read.ap_auto.i10" to="roundKey_offset_read" fromId="213" toId="17">
</dataflow>
<dataflow id="215" from="roundKey_offset" to="roundKey_offset_read" fromId="212" toId="17">
</dataflow>
<dataflow id="216" from="roundKey_offset_read" to="roundKey_offset_cast" fromId="17" toId="18">
</dataflow>
<dataflow id="217" from="state" to="state_addr" fromId="210" toId="19">
</dataflow>
<dataflow id="219" from="StgValue_218" to="state_addr" fromId="218" toId="19">
</dataflow>
<dataflow id="220" from="StgValue_218" to="state_addr" fromId="218" toId="19">
</dataflow>
<dataflow id="221" from="state_addr" to="state_load" fromId="19" toId="20">
</dataflow>
<dataflow id="222" from="roundKey" to="roundKey_addr" fromId="211" toId="21">
</dataflow>
<dataflow id="223" from="StgValue_218" to="roundKey_addr" fromId="218" toId="21">
</dataflow>
<dataflow id="224" from="roundKey_offset_cast" to="roundKey_addr" fromId="18" toId="21">
</dataflow>
<dataflow id="225" from="roundKey_addr" to="roundKey_load" fromId="21" toId="22">
</dataflow>
<dataflow id="226" from="state" to="state_addr_16" fromId="210" toId="23">
</dataflow>
<dataflow id="227" from="StgValue_218" to="state_addr_16" fromId="218" toId="23">
</dataflow>
<dataflow id="229" from="StgValue_228" to="state_addr_16" fromId="228" toId="23">
</dataflow>
<dataflow id="230" from="state_addr_16" to="state_load_1" fromId="23" toId="24">
</dataflow>
<dataflow id="231" from="roundKey_offset_read" to="trunc_ln12" fromId="17" toId="25">
</dataflow>
<dataflow id="233" from="StgValue_232" to="add_ln12" fromId="232" toId="26">
</dataflow>
<dataflow id="234" from="trunc_ln12" to="add_ln12" fromId="25" toId="26">
</dataflow>
<dataflow id="235" from="add_ln12" to="zext_ln12" fromId="26" toId="27">
</dataflow>
<dataflow id="236" from="roundKey" to="roundKey_addr_1" fromId="211" toId="28">
</dataflow>
<dataflow id="237" from="StgValue_218" to="roundKey_addr_1" fromId="218" toId="28">
</dataflow>
<dataflow id="238" from="zext_ln12" to="roundKey_addr_1" fromId="27" toId="28">
</dataflow>
<dataflow id="239" from="roundKey_addr_1" to="roundKey_load_1" fromId="28" toId="29">
</dataflow>
<dataflow id="240" from="state_addr" to="state_load" fromId="19" toId="30">
</dataflow>
<dataflow id="241" from="roundKey_addr" to="roundKey_load" fromId="21" toId="31">
</dataflow>
<dataflow id="242" from="roundKey_load" to="xor_ln12" fromId="31" toId="32">
</dataflow>
<dataflow id="243" from="state_load" to="xor_ln12" fromId="30" toId="32">
</dataflow>
<dataflow id="244" from="state_addr_16" to="state_load_1" fromId="23" toId="33">
</dataflow>
<dataflow id="245" from="roundKey_addr_1" to="roundKey_load_1" fromId="28" toId="34">
</dataflow>
<dataflow id="246" from="roundKey_load_1" to="xor_ln12_1" fromId="34" toId="35">
</dataflow>
<dataflow id="247" from="state_load_1" to="xor_ln12_1" fromId="33" toId="35">
</dataflow>
<dataflow id="248" from="state" to="state_addr_17" fromId="210" toId="36">
</dataflow>
<dataflow id="249" from="StgValue_218" to="state_addr_17" fromId="218" toId="36">
</dataflow>
<dataflow id="251" from="StgValue_250" to="state_addr_17" fromId="250" toId="36">
</dataflow>
<dataflow id="252" from="state_addr_17" to="state_load_2" fromId="36" toId="37">
</dataflow>
<dataflow id="254" from="StgValue_253" to="add_ln12_1" fromId="253" toId="38">
</dataflow>
<dataflow id="255" from="trunc_ln12" to="add_ln12_1" fromId="25" toId="38">
</dataflow>
<dataflow id="256" from="add_ln12_1" to="zext_ln12_1" fromId="38" toId="39">
</dataflow>
<dataflow id="257" from="roundKey" to="roundKey_addr_2" fromId="211" toId="40">
</dataflow>
<dataflow id="258" from="StgValue_218" to="roundKey_addr_2" fromId="218" toId="40">
</dataflow>
<dataflow id="259" from="zext_ln12_1" to="roundKey_addr_2" fromId="39" toId="40">
</dataflow>
<dataflow id="260" from="roundKey_addr_2" to="roundKey_load_2" fromId="40" toId="41">
</dataflow>
<dataflow id="261" from="state" to="state_addr_18" fromId="210" toId="42">
</dataflow>
<dataflow id="262" from="StgValue_218" to="state_addr_18" fromId="218" toId="42">
</dataflow>
<dataflow id="264" from="StgValue_263" to="state_addr_18" fromId="263" toId="42">
</dataflow>
<dataflow id="265" from="state_addr_18" to="state_load_3" fromId="42" toId="43">
</dataflow>
<dataflow id="267" from="StgValue_266" to="add_ln12_2" fromId="266" toId="44">
</dataflow>
<dataflow id="268" from="trunc_ln12" to="add_ln12_2" fromId="25" toId="44">
</dataflow>
<dataflow id="269" from="add_ln12_2" to="zext_ln12_2" fromId="44" toId="45">
</dataflow>
<dataflow id="270" from="roundKey" to="roundKey_addr_3" fromId="211" toId="46">
</dataflow>
<dataflow id="271" from="StgValue_218" to="roundKey_addr_3" fromId="218" toId="46">
</dataflow>
<dataflow id="272" from="zext_ln12_2" to="roundKey_addr_3" fromId="45" toId="46">
</dataflow>
<dataflow id="273" from="roundKey_addr_3" to="roundKey_load_3" fromId="46" toId="47">
</dataflow>
<dataflow id="274" from="state_addr_17" to="state_load_2" fromId="36" toId="48">
</dataflow>
<dataflow id="275" from="roundKey_addr_2" to="roundKey_load_2" fromId="40" toId="49">
</dataflow>
<dataflow id="276" from="roundKey_load_2" to="xor_ln12_2" fromId="49" toId="50">
</dataflow>
<dataflow id="277" from="state_load_2" to="xor_ln12_2" fromId="48" toId="50">
</dataflow>
<dataflow id="278" from="state_addr_18" to="state_load_3" fromId="42" toId="51">
</dataflow>
<dataflow id="279" from="roundKey_addr_3" to="roundKey_load_3" fromId="46" toId="52">
</dataflow>
<dataflow id="280" from="roundKey_load_3" to="xor_ln12_3" fromId="52" toId="53">
</dataflow>
<dataflow id="281" from="state_load_3" to="xor_ln12_3" fromId="51" toId="53">
</dataflow>
<dataflow id="282" from="state" to="state_addr_19" fromId="210" toId="54">
</dataflow>
<dataflow id="283" from="StgValue_218" to="state_addr_19" fromId="218" toId="54">
</dataflow>
<dataflow id="285" from="StgValue_284" to="state_addr_19" fromId="284" toId="54">
</dataflow>
<dataflow id="286" from="state_addr_19" to="state_load_4" fromId="54" toId="55">
</dataflow>
<dataflow id="288" from="StgValue_287" to="add_ln12_3" fromId="287" toId="56">
</dataflow>
<dataflow id="289" from="trunc_ln12" to="add_ln12_3" fromId="25" toId="56">
</dataflow>
<dataflow id="290" from="add_ln12_3" to="zext_ln12_3" fromId="56" toId="57">
</dataflow>
<dataflow id="291" from="roundKey" to="roundKey_addr_4" fromId="211" toId="58">
</dataflow>
<dataflow id="292" from="StgValue_218" to="roundKey_addr_4" fromId="218" toId="58">
</dataflow>
<dataflow id="293" from="zext_ln12_3" to="roundKey_addr_4" fromId="57" toId="58">
</dataflow>
<dataflow id="294" from="roundKey_addr_4" to="roundKey_load_4" fromId="58" toId="59">
</dataflow>
<dataflow id="295" from="state" to="state_addr_20" fromId="210" toId="60">
</dataflow>
<dataflow id="296" from="StgValue_218" to="state_addr_20" fromId="218" toId="60">
</dataflow>
<dataflow id="298" from="StgValue_297" to="state_addr_20" fromId="297" toId="60">
</dataflow>
<dataflow id="299" from="state_addr_20" to="state_load_5" fromId="60" toId="61">
</dataflow>
<dataflow id="301" from="StgValue_300" to="add_ln12_4" fromId="300" toId="62">
</dataflow>
<dataflow id="302" from="trunc_ln12" to="add_ln12_4" fromId="25" toId="62">
</dataflow>
<dataflow id="303" from="add_ln12_4" to="zext_ln12_4" fromId="62" toId="63">
</dataflow>
<dataflow id="304" from="roundKey" to="roundKey_addr_5" fromId="211" toId="64">
</dataflow>
<dataflow id="305" from="StgValue_218" to="roundKey_addr_5" fromId="218" toId="64">
</dataflow>
<dataflow id="306" from="zext_ln12_4" to="roundKey_addr_5" fromId="63" toId="64">
</dataflow>
<dataflow id="307" from="roundKey_addr_5" to="roundKey_load_5" fromId="64" toId="65">
</dataflow>
<dataflow id="308" from="state_addr_19" to="state_load_4" fromId="54" toId="66">
</dataflow>
<dataflow id="309" from="roundKey_addr_4" to="roundKey_load_4" fromId="58" toId="67">
</dataflow>
<dataflow id="310" from="roundKey_load_4" to="xor_ln12_4" fromId="67" toId="68">
</dataflow>
<dataflow id="311" from="state_load_4" to="xor_ln12_4" fromId="66" toId="68">
</dataflow>
<dataflow id="312" from="state_addr_20" to="state_load_5" fromId="60" toId="69">
</dataflow>
<dataflow id="313" from="roundKey_addr_5" to="roundKey_load_5" fromId="64" toId="70">
</dataflow>
<dataflow id="314" from="roundKey_load_5" to="xor_ln12_5" fromId="70" toId="71">
</dataflow>
<dataflow id="315" from="state_load_5" to="xor_ln12_5" fromId="69" toId="71">
</dataflow>
<dataflow id="316" from="state" to="state_addr_21" fromId="210" toId="72">
</dataflow>
<dataflow id="317" from="StgValue_218" to="state_addr_21" fromId="218" toId="72">
</dataflow>
<dataflow id="319" from="StgValue_318" to="state_addr_21" fromId="318" toId="72">
</dataflow>
<dataflow id="320" from="state_addr_21" to="state_load_6" fromId="72" toId="73">
</dataflow>
<dataflow id="322" from="StgValue_321" to="add_ln12_5" fromId="321" toId="74">
</dataflow>
<dataflow id="323" from="trunc_ln12" to="add_ln12_5" fromId="25" toId="74">
</dataflow>
<dataflow id="324" from="add_ln12_5" to="zext_ln12_5" fromId="74" toId="75">
</dataflow>
<dataflow id="325" from="roundKey" to="roundKey_addr_6" fromId="211" toId="76">
</dataflow>
<dataflow id="326" from="StgValue_218" to="roundKey_addr_6" fromId="218" toId="76">
</dataflow>
<dataflow id="327" from="zext_ln12_5" to="roundKey_addr_6" fromId="75" toId="76">
</dataflow>
<dataflow id="328" from="roundKey_addr_6" to="roundKey_load_6" fromId="76" toId="77">
</dataflow>
<dataflow id="329" from="state" to="state_addr_22" fromId="210" toId="78">
</dataflow>
<dataflow id="330" from="StgValue_218" to="state_addr_22" fromId="218" toId="78">
</dataflow>
<dataflow id="332" from="StgValue_331" to="state_addr_22" fromId="331" toId="78">
</dataflow>
<dataflow id="333" from="state_addr_22" to="state_load_7" fromId="78" toId="79">
</dataflow>
<dataflow id="335" from="StgValue_334" to="add_ln12_6" fromId="334" toId="80">
</dataflow>
<dataflow id="336" from="trunc_ln12" to="add_ln12_6" fromId="25" toId="80">
</dataflow>
<dataflow id="337" from="add_ln12_6" to="zext_ln12_6" fromId="80" toId="81">
</dataflow>
<dataflow id="338" from="roundKey" to="roundKey_addr_7" fromId="211" toId="82">
</dataflow>
<dataflow id="339" from="StgValue_218" to="roundKey_addr_7" fromId="218" toId="82">
</dataflow>
<dataflow id="340" from="zext_ln12_6" to="roundKey_addr_7" fromId="81" toId="82">
</dataflow>
<dataflow id="341" from="roundKey_addr_7" to="roundKey_load_7" fromId="82" toId="83">
</dataflow>
<dataflow id="342" from="state_addr_21" to="state_load_6" fromId="72" toId="84">
</dataflow>
<dataflow id="343" from="roundKey_addr_6" to="roundKey_load_6" fromId="76" toId="85">
</dataflow>
<dataflow id="344" from="roundKey_load_6" to="xor_ln12_6" fromId="85" toId="86">
</dataflow>
<dataflow id="345" from="state_load_6" to="xor_ln12_6" fromId="84" toId="86">
</dataflow>
<dataflow id="346" from="state_addr_22" to="state_load_7" fromId="78" toId="87">
</dataflow>
<dataflow id="347" from="roundKey_addr_7" to="roundKey_load_7" fromId="82" toId="88">
</dataflow>
<dataflow id="348" from="roundKey_load_7" to="xor_ln12_7" fromId="88" toId="89">
</dataflow>
<dataflow id="349" from="state_load_7" to="xor_ln12_7" fromId="87" toId="89">
</dataflow>
<dataflow id="350" from="state" to="state_addr_23" fromId="210" toId="90">
</dataflow>
<dataflow id="351" from="StgValue_218" to="state_addr_23" fromId="218" toId="90">
</dataflow>
<dataflow id="353" from="StgValue_352" to="state_addr_23" fromId="352" toId="90">
</dataflow>
<dataflow id="354" from="state_addr_23" to="state_load_8" fromId="90" toId="91">
</dataflow>
<dataflow id="356" from="StgValue_355" to="add_ln12_7" fromId="355" toId="92">
</dataflow>
<dataflow id="357" from="trunc_ln12" to="add_ln12_7" fromId="25" toId="92">
</dataflow>
<dataflow id="358" from="add_ln12_7" to="zext_ln12_7" fromId="92" toId="93">
</dataflow>
<dataflow id="359" from="roundKey" to="roundKey_addr_8" fromId="211" toId="94">
</dataflow>
<dataflow id="360" from="StgValue_218" to="roundKey_addr_8" fromId="218" toId="94">
</dataflow>
<dataflow id="361" from="zext_ln12_7" to="roundKey_addr_8" fromId="93" toId="94">
</dataflow>
<dataflow id="362" from="roundKey_addr_8" to="roundKey_load_8" fromId="94" toId="95">
</dataflow>
<dataflow id="363" from="state" to="state_addr_24" fromId="210" toId="96">
</dataflow>
<dataflow id="364" from="StgValue_218" to="state_addr_24" fromId="218" toId="96">
</dataflow>
<dataflow id="366" from="StgValue_365" to="state_addr_24" fromId="365" toId="96">
</dataflow>
<dataflow id="367" from="state_addr_24" to="state_load_9" fromId="96" toId="97">
</dataflow>
<dataflow id="369" from="StgValue_368" to="add_ln12_8" fromId="368" toId="98">
</dataflow>
<dataflow id="370" from="trunc_ln12" to="add_ln12_8" fromId="25" toId="98">
</dataflow>
<dataflow id="371" from="add_ln12_8" to="zext_ln12_8" fromId="98" toId="99">
</dataflow>
<dataflow id="372" from="roundKey" to="roundKey_addr_9" fromId="211" toId="100">
</dataflow>
<dataflow id="373" from="StgValue_218" to="roundKey_addr_9" fromId="218" toId="100">
</dataflow>
<dataflow id="374" from="zext_ln12_8" to="roundKey_addr_9" fromId="99" toId="100">
</dataflow>
<dataflow id="375" from="roundKey_addr_9" to="roundKey_load_9" fromId="100" toId="101">
</dataflow>
<dataflow id="376" from="state_addr_23" to="state_load_8" fromId="90" toId="102">
</dataflow>
<dataflow id="377" from="roundKey_addr_8" to="roundKey_load_8" fromId="94" toId="103">
</dataflow>
<dataflow id="378" from="roundKey_load_8" to="xor_ln12_8" fromId="103" toId="104">
</dataflow>
<dataflow id="379" from="state_load_8" to="xor_ln12_8" fromId="102" toId="104">
</dataflow>
<dataflow id="380" from="state_addr_24" to="state_load_9" fromId="96" toId="105">
</dataflow>
<dataflow id="381" from="roundKey_addr_9" to="roundKey_load_9" fromId="100" toId="106">
</dataflow>
<dataflow id="382" from="roundKey_load_9" to="xor_ln12_9" fromId="106" toId="107">
</dataflow>
<dataflow id="383" from="state_load_9" to="xor_ln12_9" fromId="105" toId="107">
</dataflow>
<dataflow id="384" from="state" to="state_addr_25" fromId="210" toId="108">
</dataflow>
<dataflow id="385" from="StgValue_218" to="state_addr_25" fromId="218" toId="108">
</dataflow>
<dataflow id="387" from="StgValue_386" to="state_addr_25" fromId="386" toId="108">
</dataflow>
<dataflow id="388" from="state_addr_25" to="state_load_10" fromId="108" toId="109">
</dataflow>
<dataflow id="390" from="StgValue_389" to="add_ln12_9" fromId="389" toId="110">
</dataflow>
<dataflow id="391" from="trunc_ln12" to="add_ln12_9" fromId="25" toId="110">
</dataflow>
<dataflow id="392" from="add_ln12_9" to="zext_ln12_9" fromId="110" toId="111">
</dataflow>
<dataflow id="393" from="roundKey" to="roundKey_addr_10" fromId="211" toId="112">
</dataflow>
<dataflow id="394" from="StgValue_218" to="roundKey_addr_10" fromId="218" toId="112">
</dataflow>
<dataflow id="395" from="zext_ln12_9" to="roundKey_addr_10" fromId="111" toId="112">
</dataflow>
<dataflow id="396" from="roundKey_addr_10" to="roundKey_load_10" fromId="112" toId="113">
</dataflow>
<dataflow id="397" from="state" to="state_addr_26" fromId="210" toId="114">
</dataflow>
<dataflow id="398" from="StgValue_218" to="state_addr_26" fromId="218" toId="114">
</dataflow>
<dataflow id="400" from="StgValue_399" to="state_addr_26" fromId="399" toId="114">
</dataflow>
<dataflow id="401" from="state_addr_26" to="state_load_11" fromId="114" toId="115">
</dataflow>
<dataflow id="403" from="StgValue_402" to="add_ln12_10" fromId="402" toId="116">
</dataflow>
<dataflow id="404" from="trunc_ln12" to="add_ln12_10" fromId="25" toId="116">
</dataflow>
<dataflow id="405" from="add_ln12_10" to="zext_ln12_10" fromId="116" toId="117">
</dataflow>
<dataflow id="406" from="roundKey" to="roundKey_addr_11" fromId="211" toId="118">
</dataflow>
<dataflow id="407" from="StgValue_218" to="roundKey_addr_11" fromId="218" toId="118">
</dataflow>
<dataflow id="408" from="zext_ln12_10" to="roundKey_addr_11" fromId="117" toId="118">
</dataflow>
<dataflow id="409" from="roundKey_addr_11" to="roundKey_load_11" fromId="118" toId="119">
</dataflow>
<dataflow id="410" from="state_addr_25" to="state_load_10" fromId="108" toId="120">
</dataflow>
<dataflow id="411" from="roundKey_addr_10" to="roundKey_load_10" fromId="112" toId="121">
</dataflow>
<dataflow id="412" from="roundKey_load_10" to="xor_ln12_10" fromId="121" toId="122">
</dataflow>
<dataflow id="413" from="state_load_10" to="xor_ln12_10" fromId="120" toId="122">
</dataflow>
<dataflow id="414" from="state_addr_26" to="state_load_11" fromId="114" toId="123">
</dataflow>
<dataflow id="415" from="roundKey_addr_11" to="roundKey_load_11" fromId="118" toId="124">
</dataflow>
<dataflow id="416" from="roundKey_load_11" to="xor_ln12_11" fromId="124" toId="125">
</dataflow>
<dataflow id="417" from="state_load_11" to="xor_ln12_11" fromId="123" toId="125">
</dataflow>
<dataflow id="418" from="state" to="state_addr_27" fromId="210" toId="126">
</dataflow>
<dataflow id="419" from="StgValue_218" to="state_addr_27" fromId="218" toId="126">
</dataflow>
<dataflow id="421" from="StgValue_420" to="state_addr_27" fromId="420" toId="126">
</dataflow>
<dataflow id="422" from="state_addr_27" to="state_load_12" fromId="126" toId="127">
</dataflow>
<dataflow id="424" from="StgValue_423" to="add_ln12_11" fromId="423" toId="128">
</dataflow>
<dataflow id="425" from="trunc_ln12" to="add_ln12_11" fromId="25" toId="128">
</dataflow>
<dataflow id="426" from="add_ln12_11" to="zext_ln12_11" fromId="128" toId="129">
</dataflow>
<dataflow id="427" from="roundKey" to="roundKey_addr_12" fromId="211" toId="130">
</dataflow>
<dataflow id="428" from="StgValue_218" to="roundKey_addr_12" fromId="218" toId="130">
</dataflow>
<dataflow id="429" from="zext_ln12_11" to="roundKey_addr_12" fromId="129" toId="130">
</dataflow>
<dataflow id="430" from="roundKey_addr_12" to="roundKey_load_12" fromId="130" toId="131">
</dataflow>
<dataflow id="431" from="state" to="state_addr_28" fromId="210" toId="132">
</dataflow>
<dataflow id="432" from="StgValue_218" to="state_addr_28" fromId="218" toId="132">
</dataflow>
<dataflow id="434" from="StgValue_433" to="state_addr_28" fromId="433" toId="132">
</dataflow>
<dataflow id="435" from="state_addr_28" to="state_load_13" fromId="132" toId="133">
</dataflow>
<dataflow id="437" from="StgValue_436" to="add_ln12_12" fromId="436" toId="134">
</dataflow>
<dataflow id="438" from="trunc_ln12" to="add_ln12_12" fromId="25" toId="134">
</dataflow>
<dataflow id="439" from="add_ln12_12" to="zext_ln12_12" fromId="134" toId="135">
</dataflow>
<dataflow id="440" from="roundKey" to="roundKey_addr_13" fromId="211" toId="136">
</dataflow>
<dataflow id="441" from="StgValue_218" to="roundKey_addr_13" fromId="218" toId="136">
</dataflow>
<dataflow id="442" from="zext_ln12_12" to="roundKey_addr_13" fromId="135" toId="136">
</dataflow>
<dataflow id="443" from="roundKey_addr_13" to="roundKey_load_13" fromId="136" toId="137">
</dataflow>
<dataflow id="444" from="state_addr_27" to="state_load_12" fromId="126" toId="138">
</dataflow>
<dataflow id="445" from="roundKey_addr_12" to="roundKey_load_12" fromId="130" toId="139">
</dataflow>
<dataflow id="446" from="roundKey_load_12" to="xor_ln12_12" fromId="139" toId="140">
</dataflow>
<dataflow id="447" from="state_load_12" to="xor_ln12_12" fromId="138" toId="140">
</dataflow>
<dataflow id="448" from="state_addr_28" to="state_load_13" fromId="132" toId="141">
</dataflow>
<dataflow id="449" from="roundKey_addr_13" to="roundKey_load_13" fromId="136" toId="142">
</dataflow>
<dataflow id="450" from="roundKey_load_13" to="xor_ln12_13" fromId="142" toId="143">
</dataflow>
<dataflow id="451" from="state_load_13" to="xor_ln12_13" fromId="141" toId="143">
</dataflow>
<dataflow id="452" from="state" to="state_addr_29" fromId="210" toId="144">
</dataflow>
<dataflow id="453" from="StgValue_218" to="state_addr_29" fromId="218" toId="144">
</dataflow>
<dataflow id="455" from="StgValue_454" to="state_addr_29" fromId="454" toId="144">
</dataflow>
<dataflow id="456" from="state_addr_29" to="state_load_14" fromId="144" toId="145">
</dataflow>
<dataflow id="458" from="StgValue_457" to="add_ln12_13" fromId="457" toId="146">
</dataflow>
<dataflow id="459" from="trunc_ln12" to="add_ln12_13" fromId="25" toId="146">
</dataflow>
<dataflow id="460" from="add_ln12_13" to="zext_ln12_13" fromId="146" toId="147">
</dataflow>
<dataflow id="461" from="roundKey" to="roundKey_addr_14" fromId="211" toId="148">
</dataflow>
<dataflow id="462" from="StgValue_218" to="roundKey_addr_14" fromId="218" toId="148">
</dataflow>
<dataflow id="463" from="zext_ln12_13" to="roundKey_addr_14" fromId="147" toId="148">
</dataflow>
<dataflow id="464" from="roundKey_addr_14" to="roundKey_load_14" fromId="148" toId="149">
</dataflow>
<dataflow id="465" from="state" to="state_addr_30" fromId="210" toId="150">
</dataflow>
<dataflow id="466" from="StgValue_218" to="state_addr_30" fromId="218" toId="150">
</dataflow>
<dataflow id="468" from="StgValue_467" to="state_addr_30" fromId="467" toId="150">
</dataflow>
<dataflow id="469" from="state_addr_30" to="state_load_15" fromId="150" toId="151">
</dataflow>
<dataflow id="471" from="StgValue_470" to="add_ln12_14" fromId="470" toId="152">
</dataflow>
<dataflow id="472" from="trunc_ln12" to="add_ln12_14" fromId="25" toId="152">
</dataflow>
<dataflow id="473" from="add_ln12_14" to="zext_ln12_14" fromId="152" toId="153">
</dataflow>
<dataflow id="474" from="roundKey" to="roundKey_addr_15" fromId="211" toId="154">
</dataflow>
<dataflow id="475" from="StgValue_218" to="roundKey_addr_15" fromId="218" toId="154">
</dataflow>
<dataflow id="476" from="zext_ln12_14" to="roundKey_addr_15" fromId="153" toId="154">
</dataflow>
<dataflow id="477" from="roundKey_addr_15" to="roundKey_load_15" fromId="154" toId="155">
</dataflow>
<dataflow id="478" from="xor_ln12" to="store_ln12" fromId="32" toId="156">
</dataflow>
<dataflow id="479" from="state_addr" to="store_ln12" fromId="19" toId="156">
</dataflow>
<dataflow id="480" from="xor_ln12_1" to="store_ln12" fromId="35" toId="157">
</dataflow>
<dataflow id="481" from="state_addr_16" to="store_ln12" fromId="23" toId="157">
</dataflow>
<dataflow id="482" from="state_addr_29" to="state_load_14" fromId="144" toId="158">
</dataflow>
<dataflow id="483" from="roundKey_addr_14" to="roundKey_load_14" fromId="148" toId="159">
</dataflow>
<dataflow id="484" from="roundKey_load_14" to="xor_ln12_14" fromId="159" toId="160">
</dataflow>
<dataflow id="485" from="state_load_14" to="xor_ln12_14" fromId="158" toId="160">
</dataflow>
<dataflow id="486" from="state_addr_30" to="state_load_15" fromId="150" toId="161">
</dataflow>
<dataflow id="487" from="roundKey_addr_15" to="roundKey_load_15" fromId="154" toId="162">
</dataflow>
<dataflow id="488" from="roundKey_load_15" to="xor_ln12_15" fromId="162" toId="163">
</dataflow>
<dataflow id="489" from="state_load_15" to="xor_ln12_15" fromId="161" toId="163">
</dataflow>
<dataflow id="490" from="xor_ln12_2" to="store_ln12" fromId="50" toId="164">
</dataflow>
<dataflow id="491" from="state_addr_17" to="store_ln12" fromId="36" toId="164">
</dataflow>
<dataflow id="492" from="xor_ln12_3" to="store_ln12" fromId="53" toId="165">
</dataflow>
<dataflow id="493" from="state_addr_18" to="store_ln12" fromId="42" toId="165">
</dataflow>
<dataflow id="494" from="xor_ln12_4" to="store_ln12" fromId="68" toId="166">
</dataflow>
<dataflow id="495" from="state_addr_19" to="store_ln12" fromId="54" toId="166">
</dataflow>
<dataflow id="496" from="xor_ln12_5" to="store_ln12" fromId="71" toId="167">
</dataflow>
<dataflow id="497" from="state_addr_20" to="store_ln12" fromId="60" toId="167">
</dataflow>
<dataflow id="498" from="xor_ln12_6" to="store_ln12" fromId="86" toId="168">
</dataflow>
<dataflow id="499" from="state_addr_21" to="store_ln12" fromId="72" toId="168">
</dataflow>
<dataflow id="500" from="xor_ln12_7" to="store_ln12" fromId="89" toId="169">
</dataflow>
<dataflow id="501" from="state_addr_22" to="store_ln12" fromId="78" toId="169">
</dataflow>
<dataflow id="502" from="xor_ln12_8" to="store_ln12" fromId="104" toId="170">
</dataflow>
<dataflow id="503" from="state_addr_23" to="store_ln12" fromId="90" toId="170">
</dataflow>
<dataflow id="504" from="xor_ln12_9" to="store_ln12" fromId="107" toId="171">
</dataflow>
<dataflow id="505" from="state_addr_24" to="store_ln12" fromId="96" toId="171">
</dataflow>
<dataflow id="506" from="xor_ln12_10" to="store_ln12" fromId="122" toId="172">
</dataflow>
<dataflow id="507" from="state_addr_25" to="store_ln12" fromId="108" toId="172">
</dataflow>
<dataflow id="508" from="xor_ln12_11" to="store_ln12" fromId="125" toId="173">
</dataflow>
<dataflow id="509" from="state_addr_26" to="store_ln12" fromId="114" toId="173">
</dataflow>
<dataflow id="510" from="xor_ln12_12" to="store_ln12" fromId="140" toId="174">
</dataflow>
<dataflow id="511" from="state_addr_27" to="store_ln12" fromId="126" toId="174">
</dataflow>
<dataflow id="512" from="xor_ln12_13" to="store_ln12" fromId="143" toId="175">
</dataflow>
<dataflow id="513" from="state_addr_28" to="store_ln12" fromId="132" toId="175">
</dataflow>
<dataflow id="514" from="xor_ln12_14" to="store_ln12" fromId="160" toId="176">
</dataflow>
<dataflow id="515" from="state_addr_29" to="store_ln12" fromId="144" toId="176">
</dataflow>
<dataflow id="516" from="xor_ln12_15" to="store_ln12" fromId="163" toId="177">
</dataflow>
<dataflow id="517" from="state_addr_30" to="store_ln12" fromId="150" toId="177">
</dataflow>
</dataflows>


</stg>
