<profile>

<section name = "Vivado HLS Report for 'addRoundKey'" level="0">
<item name = "Date">Wed Apr 13 14:23:26 2022
</item>
<item name = "Version">2020.1 (Build 2897737 on Wed May 27 20:21:37 MDT 2020)</item>
<item name = "Project">aes_hw_impl_hls</item>
<item name = "Solution">solution11</item>
<item name = "Product family">zynq</item>
<item name = "Target device">xc7z020-clg400-1</item>
</section>

<section name = "Performance Estimates" level="0">
<item name = "Timing">
<section name = "" level="1">
<item name = "Summary"><table name="" hasTotal="0">
<keys size="4">Clock, Target, Estimated, Uncertainty</keys>
<column name="ap_clk">10.00 ns, 5.169 ns, 1.25 ns</column>
</table>
</item>
</section>
</item>
<item name = "Latency">
<section name = "" level="1">
<item name = "Summary"><table name="" hasTotal="0">
<keys size="8">, min, max, min, max, min, max, Type</keys>
<column name="">15, 15, 0.150 us, 0.150 us, 16, 16, function</column>
</table>
</item>
<item name = "Detail">
<section name = "" level="1">
<item name = "Instance"><table name="" hasTotal="0">
<keys size="9">Instance, Module, min, max, min, max, min, max, Type</keys>
</table>
</item>
<item name = "Loop"><table name="" hasTotal="0">
<keys size="8">Loop Name, min, max, Latency, achieved, target, Count, Pipelined</keys>
</table>
</item>
</section>
</item>
</section>
</item>
</section>

<section name = "Utilization Estimates" level="0">
<item name = "Summary"><table name="" hasTotal="1">
<keys size="6">Name, BRAM_18K, DSP48E, FF, LUT, URAM</keys>
<column name="DSP">-, -, -, -, -</column>
<column name="Expression">-, -, 0, 241, -</column>
<column name="FIFO">-, -, -, -, -</column>
<column name="Instance">-, -, -, -, -</column>
<column name="Memory">-, -, -, -, -</column>
<column name="Multiplexer">-, -, -, 425, -</column>
<column name="Register">-, -, 136, -, -</column>
<specialColumn name="Available">280, 220, 106400, 53200, 0</specialColumn>
<specialColumn name="Utilization (%)">0, 0, ~0, 1, 0</specialColumn>
</table>
</item>
<item name = "Detail">
<section name = "" level="1">
<item name = "Instance"><table name="" hasTotal="1">
<keys size="7">Instance, Module, BRAM_18K, DSP48E, FF, LUT, URAM</keys>
</table>
</item>
<item name = "DSP48E"><table name="" hasTotal="0">
<keys size="3">Instance, Module, Expression</keys>
</table>
</item>
<item name = "Memory"><table name="" hasTotal="1">
<keys size="10">Memory, Module, BRAM_18K, FF, LUT, URAM, Words, Bits, Banks, W*Bits*Banks</keys>
</table>
</item>
<item name = "FIFO"><table name="" hasTotal="1">
<keys size="8">Name, BRAM_18K, FF, LUT, URAM, Depth, Bits, Size:D*B</keys>
</table>
</item>
<item name = "Expression"><table name="" hasTotal="1">
<keys size="7">Variable Name, Operation, DSP48E, FF, LUT, Bitwidth P0, Bitwidth P1</keys>
<column name="add_ln12_10_fu_498_p2">+, 0, 0, 15, 4, 8</column>
<column name="add_ln12_11_fu_508_p2">+, 0, 0, 15, 4, 8</column>
<column name="add_ln12_12_fu_518_p2">+, 0, 0, 15, 4, 8</column>
<column name="add_ln12_13_fu_528_p2">+, 0, 0, 15, 4, 8</column>
<column name="add_ln12_14_fu_538_p2">+, 0, 0, 15, 4, 8</column>
<column name="add_ln12_1_fu_408_p2">+, 0, 0, 15, 2, 8</column>
<column name="add_ln12_2_fu_418_p2">+, 0, 0, 15, 2, 8</column>
<column name="add_ln12_3_fu_428_p2">+, 0, 0, 15, 3, 8</column>
<column name="add_ln12_4_fu_438_p2">+, 0, 0, 15, 3, 8</column>
<column name="add_ln12_5_fu_448_p2">+, 0, 0, 15, 3, 8</column>
<column name="add_ln12_6_fu_458_p2">+, 0, 0, 15, 3, 8</column>
<column name="add_ln12_7_fu_468_p2">+, 0, 0, 15, 4, 8</column>
<column name="add_ln12_8_fu_478_p2">+, 0, 0, 15, 4, 8</column>
<column name="add_ln12_9_fu_488_p2">+, 0, 0, 15, 4, 8</column>
<column name="add_ln12_fu_397_p2">+, 0, 0, 15, 1, 8</column>
<column name="grp_fu_366_p2">xor, 0, 0, 8, 8, 8</column>
<column name="grp_fu_372_p2">xor, 0, 0, 8, 8, 8</column>
</table>
</item>
<item name = "Multiplexer"><table name="" hasTotal="1">
<keys size="5">Name, LUT, Input Size, Bits, Total Bits</keys>
<column name="ap_NS_fsm">85, 17, 1, 17</column>
<column name="roundKey_address0">44, 9, 8, 72</column>
<column name="roundKey_address1">44, 9, 8, 72</column>
<column name="state_address0">85, 17, 4, 68</column>
<column name="state_address1">85, 17, 4, 68</column>
<column name="state_d0">41, 8, 8, 64</column>
<column name="state_d1">41, 8, 8, 64</column>
</table>
</item>
<item name = "Register"><table name="" hasTotal="1">
<keys size="5">Name, FF, LUT, Bits, Const Bits</keys>
<column name="ap_CS_fsm">16, 0, 16, 0</column>
<column name="reg_378">8, 0, 8, 0</column>
<column name="reg_383">8, 0, 8, 0</column>
<column name="trunc_ln12_reg_563">8, 0, 8, 0</column>
<column name="xor_ln12_10_reg_726">8, 0, 8, 0</column>
<column name="xor_ln12_11_reg_731">8, 0, 8, 0</column>
<column name="xor_ln12_12_reg_756">8, 0, 8, 0</column>
<column name="xor_ln12_13_reg_761">8, 0, 8, 0</column>
<column name="xor_ln12_2_reg_606">8, 0, 8, 0</column>
<column name="xor_ln12_3_reg_611">8, 0, 8, 0</column>
<column name="xor_ln12_4_reg_636">8, 0, 8, 0</column>
<column name="xor_ln12_5_reg_641">8, 0, 8, 0</column>
<column name="xor_ln12_6_reg_666">8, 0, 8, 0</column>
<column name="xor_ln12_7_reg_671">8, 0, 8, 0</column>
<column name="xor_ln12_8_reg_696">8, 0, 8, 0</column>
<column name="xor_ln12_9_reg_701">8, 0, 8, 0</column>
</table>
</item>
</section>
</item>
</section>

<section name = "Interface" level="0">
<item name = "Summary"><table name="" hasTotal="0">
<keys size="6">RTL Ports, Dir, Bits, Protocol, Source Object, C Type</keys>
<column name="ap_clk">in, 1, ap_ctrl_hs, addRoundKey, return value</column>
<column name="ap_rst">in, 1, ap_ctrl_hs, addRoundKey, return value</column>
<column name="ap_start">in, 1, ap_ctrl_hs, addRoundKey, return value</column>
<column name="ap_done">out, 1, ap_ctrl_hs, addRoundKey, return value</column>
<column name="ap_idle">out, 1, ap_ctrl_hs, addRoundKey, return value</column>
<column name="ap_ready">out, 1, ap_ctrl_hs, addRoundKey, return value</column>
<column name="ap_ce">in, 1, ap_ctrl_hs, addRoundKey, return value</column>
<column name="state_address0">out, 4, ap_memory, state, array</column>
<column name="state_ce0">out, 1, ap_memory, state, array</column>
<column name="state_we0">out, 1, ap_memory, state, array</column>
<column name="state_d0">out, 8, ap_memory, state, array</column>
<column name="state_q0">in, 8, ap_memory, state, array</column>
<column name="state_address1">out, 4, ap_memory, state, array</column>
<column name="state_ce1">out, 1, ap_memory, state, array</column>
<column name="state_we1">out, 1, ap_memory, state, array</column>
<column name="state_d1">out, 8, ap_memory, state, array</column>
<column name="state_q1">in, 8, ap_memory, state, array</column>
<column name="roundKey_address0">out, 8, ap_memory, roundKey, array</column>
<column name="roundKey_ce0">out, 1, ap_memory, roundKey, array</column>
<column name="roundKey_q0">in, 8, ap_memory, roundKey, array</column>
<column name="roundKey_address1">out, 8, ap_memory, roundKey, array</column>
<column name="roundKey_ce1">out, 1, ap_memory, roundKey, array</column>
<column name="roundKey_q1">in, 8, ap_memory, roundKey, array</column>
<column name="roundKey_offset">in, 10, ap_none, roundKey_offset, scalar</column>
</table>
</item>
</section>
</profile>
