<profile>

<section name = "Vivado HLS Report for 'aes_encrypt'" level="0">
<item name = "Date">Wed Apr 13 14:23:27 2022
</item>
<item name = "Version">2020.1 (Build 2897737 on Wed May 27 20:21:37 MDT 2020)</item>
<item name = "Project">aes_hw_impl_hls</item>
<item name = "Solution">solution11</item>
<item name = "Product family">zynq</item>
<item name = "Target device">xc7z020-clg400-1</item>
</section>

<section name = "Performance Estimates" level="0">
<item name = "Timing">
<section name = "" level="1">
<item name = "Summary"><table name="" hasTotal="0">
<keys size="4">Clock, Target, Estimated, Uncertainty</keys>
<column name="ap_clk">10.00 ns, 9.345 ns, 1.25 ns</column>
</table>
</item>
</section>
</item>
<item name = "Latency">
<section name = "" level="1">
<item name = "Summary"><table name="" hasTotal="0">
<keys size="8">, min, max, min, max, min, max, Type</keys>
<column name="">769, 769, 7.690 us, 7.690 us, 769, 769, none</column>
</table>
</item>
<item name = "Detail">
<section name = "" level="1">
<item name = "Instance"><table name="" hasTotal="0">
<keys size="9">Instance, Module, min, max, min, max, min, max, Type</keys>
<column name="grp_keyExpand_fu_526">keyExpand, 97, 97, 0.970 us, 0.970 us, 97, 97, none</column>
<column name="grp_addRoundKey_fu_565">addRoundKey, 15, 15, 0.150 us, 0.150 us, 16, 16, function</column>
<column name="grp_forwardSubst1_fu_574">forwardSubst1, 17, 17, 0.170 us, 0.170 us, 18, 18, function</column>
<column name="grp_mixColViaLUT_fu_581">mixColViaLUT, 5, 5, 50.000 ns, 50.000 ns, 6, 6, function</column>
</table>
</item>
<item name = "Loop"><table name="" hasTotal="0">
<keys size="8">Loop Name, min, max, Latency, achieved, target, Count, Pipelined</keys>
<column name="- aes_round_loop">594, 594, 67, 66, 1, 9, yes</column>
</table>
</item>
</section>
</item>
</section>
</item>
</section>

<section name = "Utilization Estimates" level="0">
<item name = "Summary"><table name="" hasTotal="1">
<keys size="6">Name, BRAM_18K, DSP48E, FF, LUT, URAM</keys>
<column name="DSP">-, -, -, -, -</column>
<column name="Expression">-, -, 0, 39, -</column>
<column name="FIFO">-, -, -, -, -</column>
<column name="Instance">5, -, 3071, 6026, -</column>
<column name="Memory">2, -, 0, 0, 0</column>
<column name="Multiplexer">-, -, -, 1533, -</column>
<column name="Register">-, -, 407, -, -</column>
<specialColumn name="Available">280, 220, 106400, 53200, 0</specialColumn>
<specialColumn name="Utilization (%)">2, 0, 3, 14, 0</specialColumn>
</table>
</item>
<item name = "Detail">
<section name = "" level="1">
<item name = "Instance"><table name="" hasTotal="1">
<keys size="7">Instance, Module, BRAM_18K, DSP48E, FF, LUT, URAM</keys>
<column name="grp_addRoundKey_fu_565">addRoundKey, 0, 0, 136, 666, 0</column>
<column name="grp_forwardSubst1_fu_574">forwardSubst1, 1, 0, 130, 444, 0</column>
<column name="grp_keyExpand_fu_526">keyExpand, 2, 0, 2715, 4605, 0</column>
<column name="grp_mixColViaLUT_fu_581">mixColViaLUT, 2, 0, 90, 311, 0</column>
</table>
</item>
<item name = "DSP48E"><table name="" hasTotal="0">
<keys size="3">Instance, Module, Expression</keys>
</table>
</item>
<item name = "Memory"><table name="" hasTotal="1">
<keys size="10">Memory, Module, BRAM_18K, FF, LUT, URAM, Words, Bits, Banks, W*Bits*Banks</keys>
<column name="iencrypted_U">aes_encrypt_iencrbkb, 1, 0, 0, 0, 16, 8, 1, 128</column>
<column name="roundKeys_U">aes_encrypt_roundcud, 1, 0, 0, 0, 176, 8, 1, 1408</column>
</table>
</item>
<item name = "FIFO"><table name="" hasTotal="1">
<keys size="8">Name, BRAM_18K, FF, LUT, URAM, Depth, Bits, Size:D*B</keys>
</table>
</item>
<item name = "Expression"><table name="" hasTotal="1">
<keys size="7">Variable Name, Operation, DSP48E, FF, LUT, Bitwidth P0, Bitwidth P1</keys>
<column name="add_ln54_fu_664_p2">+, 0, 0, 15, 8, 5</column>
<column name="i_fu_650_p2">+, 0, 0, 13, 4, 1</column>
<column name="icmp_ln50_fu_644_p2">icmp, 0, 0, 9, 4, 4</column>
<column name="ap_enable_pp0">xor, 0, 0, 2, 1, 2</column>
</table>
</item>
<item name = "Multiplexer"><table name="" hasTotal="1">
<keys size="5">Name, LUT, Input Size, Bits, Total Bits</keys>
<column name="ap_NS_fsm">645, 145, 1, 145</column>
<column name="ap_enable_reg_pp0_iter1">9, 2, 1, 2</column>
<column name="ap_phi_mux_i1_0_phi_fu_519_p4">9, 2, 4, 8</column>
<column name="ap_return_0">9, 2, 8, 16</column>
<column name="ap_return_1">9, 2, 8, 16</column>
<column name="ap_return_10">9, 2, 8, 16</column>
<column name="ap_return_11">9, 2, 8, 16</column>
<column name="ap_return_12">9, 2, 8, 16</column>
<column name="ap_return_13">9, 2, 8, 16</column>
<column name="ap_return_14">9, 2, 8, 16</column>
<column name="ap_return_15">9, 2, 8, 16</column>
<column name="ap_return_2">9, 2, 8, 16</column>
<column name="ap_return_3">9, 2, 8, 16</column>
<column name="ap_return_4">9, 2, 8, 16</column>
<column name="ap_return_5">9, 2, 8, 16</column>
<column name="ap_return_6">9, 2, 8, 16</column>
<column name="ap_return_7">9, 2, 8, 16</column>
<column name="ap_return_8">9, 2, 8, 16</column>
<column name="ap_return_9">9, 2, 8, 16</column>
<column name="grp_addRoundKey_fu_565_roundKey_offset">21, 4, 10, 40</column>
<column name="grp_mixColViaLUT_fu_581_r_offset">27, 5, 5, 25</column>
<column name="i1_0_reg_515">9, 2, 4, 8</column>
<column name="iencrypted_address0">113, 24, 4, 96</column>
<column name="iencrypted_address1">121, 26, 4, 104</column>
<column name="iencrypted_ce0">27, 5, 1, 5</column>
<column name="iencrypted_ce1">27, 5, 1, 5</column>
<column name="iencrypted_d0">93, 19, 8, 152</column>
<column name="iencrypted_d1">93, 19, 8, 152</column>
<column name="iencrypted_we0">27, 5, 1, 5</column>
<column name="iencrypted_we1">27, 5, 1, 5</column>
<column name="reg_595">9, 2, 8, 16</column>
<column name="reg_602">9, 2, 8, 16</column>
<column name="reg_609">9, 2, 8, 16</column>
<column name="reg_615">9, 2, 8, 16</column>
<column name="reg_621">9, 2, 8, 16</column>
<column name="reg_627">9, 2, 8, 16</column>
<column name="reg_633">9, 2, 8, 16</column>
<column name="roundKeys_address0">15, 3, 8, 24</column>
<column name="roundKeys_address1">15, 3, 8, 24</column>
<column name="roundKeys_ce0">15, 3, 1, 3</column>
<column name="roundKeys_ce1">15, 3, 1, 3</column>
<column name="roundKeys_we0">9, 2, 1, 2</column>
<column name="roundKeys_we1">9, 2, 1, 2</column>
</table>
</item>
<item name = "Register"><table name="" hasTotal="1">
<keys size="5">Name, FF, LUT, Bits, Const Bits</keys>
<column name="add_ln54_reg_947">4, 0, 8, 4</column>
<column name="ap_CS_fsm">144, 0, 144, 0</column>
<column name="ap_enable_reg_pp0_iter0">1, 0, 1, 0</column>
<column name="ap_enable_reg_pp0_iter1">1, 0, 1, 0</column>
<column name="ap_return_0_preg">8, 0, 8, 0</column>
<column name="ap_return_10_preg">8, 0, 8, 0</column>
<column name="ap_return_11_preg">8, 0, 8, 0</column>
<column name="ap_return_12_preg">8, 0, 8, 0</column>
<column name="ap_return_13_preg">8, 0, 8, 0</column>
<column name="ap_return_14_preg">8, 0, 8, 0</column>
<column name="ap_return_15_preg">8, 0, 8, 0</column>
<column name="ap_return_1_preg">8, 0, 8, 0</column>
<column name="ap_return_2_preg">8, 0, 8, 0</column>
<column name="ap_return_3_preg">8, 0, 8, 0</column>
<column name="ap_return_4_preg">8, 0, 8, 0</column>
<column name="ap_return_5_preg">8, 0, 8, 0</column>
<column name="ap_return_6_preg">8, 0, 8, 0</column>
<column name="ap_return_7_preg">8, 0, 8, 0</column>
<column name="ap_return_8_preg">8, 0, 8, 0</column>
<column name="ap_return_9_preg">8, 0, 8, 0</column>
<column name="grp_addRoundKey_fu_565_ap_start_reg">1, 0, 1, 0</column>
<column name="grp_forwardSubst1_fu_574_ap_start_reg">1, 0, 1, 0</column>
<column name="grp_keyExpand_fu_526_ap_start_reg">1, 0, 1, 0</column>
<column name="grp_mixColViaLUT_fu_581_ap_start_reg">1, 0, 1, 0</column>
<column name="i1_0_reg_515">4, 0, 4, 0</column>
<column name="i_reg_937">4, 0, 4, 0</column>
<column name="icmp_ln50_reg_933">1, 0, 1, 0</column>
<column name="iencrypted_load_10_reg_962">8, 0, 8, 0</column>
<column name="iencrypted_load_11_reg_967">8, 0, 8, 0</column>
<column name="iencrypted_load_12_reg_972">8, 0, 8, 0</column>
<column name="iencrypted_load_13_reg_977">8, 0, 8, 0</column>
<column name="iencrypted_load_8_reg_952">8, 0, 8, 0</column>
<column name="iencrypted_load_9_reg_957">8, 0, 8, 0</column>
<column name="reg_595">8, 0, 8, 0</column>
<column name="reg_602">8, 0, 8, 0</column>
<column name="reg_609">8, 0, 8, 0</column>
<column name="reg_615">8, 0, 8, 0</column>
<column name="reg_621">8, 0, 8, 0</column>
<column name="reg_627">8, 0, 8, 0</column>
<column name="reg_633">8, 0, 8, 0</column>
<column name="reg_639">8, 0, 8, 0</column>
<column name="shl_ln_reg_942">4, 0, 8, 4</column>
</table>
</item>
</section>
</item>
</section>

<section name = "Interface" level="0">
<item name = "Summary"><table name="" hasTotal="0">
<keys size="6">RTL Ports, Dir, Bits, Protocol, Source Object, C Type</keys>
<column name="ap_clk">in, 1, ap_ctrl_hs, aes_encrypt, return value</column>
<column name="ap_rst">in, 1, ap_ctrl_hs, aes_encrypt, return value</column>
<column name="ap_start">in, 1, ap_ctrl_hs, aes_encrypt, return value</column>
<column name="ap_done">out, 1, ap_ctrl_hs, aes_encrypt, return value</column>
<column name="ap_idle">out, 1, ap_ctrl_hs, aes_encrypt, return value</column>
<column name="ap_ready">out, 1, ap_ctrl_hs, aes_encrypt, return value</column>
<column name="ap_return_0">out, 8, ap_ctrl_hs, aes_encrypt, return value</column>
<column name="ap_return_1">out, 8, ap_ctrl_hs, aes_encrypt, return value</column>
<column name="ap_return_2">out, 8, ap_ctrl_hs, aes_encrypt, return value</column>
<column name="ap_return_3">out, 8, ap_ctrl_hs, aes_encrypt, return value</column>
<column name="ap_return_4">out, 8, ap_ctrl_hs, aes_encrypt, return value</column>
<column name="ap_return_5">out, 8, ap_ctrl_hs, aes_encrypt, return value</column>
<column name="ap_return_6">out, 8, ap_ctrl_hs, aes_encrypt, return value</column>
<column name="ap_return_7">out, 8, ap_ctrl_hs, aes_encrypt, return value</column>
<column name="ap_return_8">out, 8, ap_ctrl_hs, aes_encrypt, return value</column>
<column name="ap_return_9">out, 8, ap_ctrl_hs, aes_encrypt, return value</column>
<column name="ap_return_10">out, 8, ap_ctrl_hs, aes_encrypt, return value</column>
<column name="ap_return_11">out, 8, ap_ctrl_hs, aes_encrypt, return value</column>
<column name="ap_return_12">out, 8, ap_ctrl_hs, aes_encrypt, return value</column>
<column name="ap_return_13">out, 8, ap_ctrl_hs, aes_encrypt, return value</column>
<column name="ap_return_14">out, 8, ap_ctrl_hs, aes_encrypt, return value</column>
<column name="ap_return_15">out, 8, ap_ctrl_hs, aes_encrypt, return value</column>
<column name="p_read">in, 8, ap_none, p_read, scalar</column>
<column name="p_read1">in, 8, ap_none, p_read1, scalar</column>
<column name="p_read2">in, 8, ap_none, p_read2, scalar</column>
<column name="p_read3">in, 8, ap_none, p_read3, scalar</column>
<column name="p_read4">in, 8, ap_none, p_read4, scalar</column>
<column name="p_read5">in, 8, ap_none, p_read5, scalar</column>
<column name="p_read6">in, 8, ap_none, p_read6, scalar</column>
<column name="p_read7">in, 8, ap_none, p_read7, scalar</column>
<column name="p_read8">in, 8, ap_none, p_read8, scalar</column>
<column name="p_read9">in, 8, ap_none, p_read9, scalar</column>
<column name="p_read10">in, 8, ap_none, p_read10, scalar</column>
<column name="p_read11">in, 8, ap_none, p_read11, scalar</column>
<column name="p_read12">in, 8, ap_none, p_read12, scalar</column>
<column name="p_read13">in, 8, ap_none, p_read13, scalar</column>
<column name="p_read14">in, 8, ap_none, p_read14, scalar</column>
<column name="p_read15">in, 8, ap_none, p_read15, scalar</column>
<column name="p_read16">in, 8, ap_none, p_read16, scalar</column>
<column name="p_read17">in, 8, ap_none, p_read17, scalar</column>
<column name="p_read18">in, 8, ap_none, p_read18, scalar</column>
<column name="p_read19">in, 8, ap_none, p_read19, scalar</column>
<column name="p_read20">in, 8, ap_none, p_read20, scalar</column>
<column name="p_read21">in, 8, ap_none, p_read21, scalar</column>
<column name="p_read22">in, 8, ap_none, p_read22, scalar</column>
<column name="p_read23">in, 8, ap_none, p_read23, scalar</column>
<column name="p_read24">in, 8, ap_none, p_read24, scalar</column>
<column name="p_read25">in, 8, ap_none, p_read25, scalar</column>
<column name="p_read26">in, 8, ap_none, p_read26, scalar</column>
<column name="p_read27">in, 8, ap_none, p_read27, scalar</column>
<column name="p_read28">in, 8, ap_none, p_read28, scalar</column>
<column name="p_read29">in, 8, ap_none, p_read29, scalar</column>
<column name="p_read30">in, 8, ap_none, p_read30, scalar</column>
<column name="p_read31">in, 8, ap_none, p_read31, scalar</column>
</table>
</item>
</section>
</profile>
