<stg><name>aes_encrypt_impl</name>


<trans_list>

<trans id="90" from="1" to="2">
<condition id="-1">
<or_exp><and_exp></and_exp></or_exp>
</condition>
</trans>

<trans id="91" from="2" to="3">
<condition id="-1">
<or_exp><and_exp></and_exp></or_exp>
</condition>
</trans>
</trans_list>



<state_list>

<state id="1" st_id="1">

<operation id="4" st_id="1" stage="1" lat="1">
<core>s_axilite</core>
<MemPortIdVec></MemPortIdVec>
<condition id="-1">
<or_exp><and_exp></and_exp></or_exp>
</condition>

<Node id="22" bw="128" op_0_bw="128" op_1_bw="128">
<![CDATA[
:0  %key_const_V_read = call i128 @_ssdm_op_Read.s_axilite.i128(i128 %key_const_V)

]]></Node>
<StgValue><ssdm name="key_const_V_read"/></StgValue>
</operation>

<operation id="5" st_id="1" stage="1" lat="1">
<core>AXI4Stream</core>
<MemPortIdVec></MemPortIdVec>
<condition id="-1">
<or_exp><and_exp></and_exp></or_exp>
</condition>

<Node id="43" bw="164" op_0_bw="164" op_1_bw="128" op_2_bw="16" op_3_bw="16" op_4_bw="1" op_5_bw="1" op_6_bw="1" op_7_bw="1">
<![CDATA[
:21  %empty = call { i128, i16, i16, i1, i1, i1, i1 } @_ssdm_op_Read.axis.volatile.i128P.i16P.i16P.i1P.i1P.i1P.i1P(i128* %block_data_V, i16* %block_keep_V, i16* %block_strb_V, i1* %block_user_V, i1* %block_last_V, i1* %block_id_V, i1* %block_dest_V)

]]></Node>
<StgValue><ssdm name="empty"/></StgValue>
</operation>

<operation id="6" st_id="1" stage="1" lat="1">
<core>NULL</core>
<MemPortIdVec></MemPortIdVec>
<condition id="-1">
<or_exp><and_exp></and_exp></or_exp>
</condition>

<Node id="44" bw="128" op_0_bw="164">
<![CDATA[
:22  %block_data_V_tmp = extractvalue { i128, i16, i16, i1, i1, i1, i1 } %empty, 0

]]></Node>
<StgValue><ssdm name="block_data_V_tmp"/></StgValue>
</operation>

<operation id="7" st_id="1" stage="1" lat="1">
<core>NULL</core>
<MemPortIdVec></MemPortIdVec>
<condition id="-1">
<or_exp><and_exp></and_exp></or_exp>
</condition>

<Node id="45" bw="16" op_0_bw="164">
<![CDATA[
:23  %block_keep_V_tmp = extractvalue { i128, i16, i16, i1, i1, i1, i1 } %empty, 1

]]></Node>
<StgValue><ssdm name="block_keep_V_tmp"/></StgValue>
</operation>

<operation id="8" st_id="1" stage="1" lat="1">
<core>NULL</core>
<MemPortIdVec></MemPortIdVec>
<condition id="-1">
<or_exp><and_exp></and_exp></or_exp>
</condition>

<Node id="46" bw="16" op_0_bw="164">
<![CDATA[
:24  %block_strb_V_tmp = extractvalue { i128, i16, i16, i1, i1, i1, i1 } %empty, 2

]]></Node>
<StgValue><ssdm name="block_strb_V_tmp"/></StgValue>
</operation>

<operation id="9" st_id="1" stage="1" lat="1">
<core>NULL</core>
<MemPortIdVec></MemPortIdVec>
<condition id="-1">
<or_exp><and_exp></and_exp></or_exp>
</condition>

<Node id="47" bw="1" op_0_bw="164">
<![CDATA[
:25  %block_user_V_tmp = extractvalue { i128, i16, i16, i1, i1, i1, i1 } %empty, 3

]]></Node>
<StgValue><ssdm name="block_user_V_tmp"/></StgValue>
</operation>

<operation id="10" st_id="1" stage="1" lat="1">
<core>NULL</core>
<MemPortIdVec></MemPortIdVec>
<condition id="-1">
<or_exp><and_exp></and_exp></or_exp>
</condition>

<Node id="48" bw="1" op_0_bw="164">
<![CDATA[
:26  %block_last_V_tmp = extractvalue { i128, i16, i16, i1, i1, i1, i1 } %empty, 4

]]></Node>
<StgValue><ssdm name="block_last_V_tmp"/></StgValue>
</operation>

<operation id="11" st_id="1" stage="1" lat="1">
<core>NULL</core>
<MemPortIdVec></MemPortIdVec>
<condition id="-1">
<or_exp><and_exp></and_exp></or_exp>
</condition>

<Node id="49" bw="1" op_0_bw="164">
<![CDATA[
:27  %block_id_V_tmp = extractvalue { i128, i16, i16, i1, i1, i1, i1 } %empty, 5

]]></Node>
<StgValue><ssdm name="block_id_V_tmp"/></StgValue>
</operation>

<operation id="12" st_id="1" stage="1" lat="1">
<core>NULL</core>
<MemPortIdVec></MemPortIdVec>
<condition id="-1">
<or_exp><and_exp></and_exp></or_exp>
</condition>

<Node id="50" bw="1" op_0_bw="164">
<![CDATA[
:28  %block_dest_V_tmp = extractvalue { i128, i16, i16, i1, i1, i1, i1 } %empty, 6

]]></Node>
<StgValue><ssdm name="block_dest_V_tmp"/></StgValue>
</operation>

<operation id="13" st_id="1" stage="1" lat="1">
<core>NULL</core>
<MemPortIdVec></MemPortIdVec>
<condition id="-1">
<or_exp><and_exp></and_exp></or_exp>
</condition>

<Node id="51" bw="8" op_0_bw="128">
<![CDATA[
:29  %blockarr_15 = trunc i128 %block_data_V_tmp to i8

]]></Node>
<StgValue><ssdm name="blockarr_15"/></StgValue>
</operation>

<operation id="14" st_id="1" stage="1" lat="1">
<core>NULL</core>
<MemPortIdVec></MemPortIdVec>
<condition id="-1">
<or_exp><and_exp></and_exp></or_exp>
</condition>

<Node id="52" bw="8" op_0_bw="8" op_1_bw="128" op_2_bw="32" op_3_bw="32">
<![CDATA[
:30  %blockarr_14 = call i8 @_ssdm_op_PartSelect.i8.i128.i32.i32(i128 %block_data_V_tmp, i32 8, i32 15)

]]></Node>
<StgValue><ssdm name="blockarr_14"/></StgValue>
</operation>

<operation id="15" st_id="1" stage="1" lat="1">
<core>NULL</core>
<MemPortIdVec></MemPortIdVec>
<condition id="-1">
<or_exp><and_exp></and_exp></or_exp>
</condition>

<Node id="53" bw="8" op_0_bw="8" op_1_bw="128" op_2_bw="32" op_3_bw="32">
<![CDATA[
:31  %blockarr_13 = call i8 @_ssdm_op_PartSelect.i8.i128.i32.i32(i128 %block_data_V_tmp, i32 16, i32 23)

]]></Node>
<StgValue><ssdm name="blockarr_13"/></StgValue>
</operation>

<operation id="16" st_id="1" stage="1" lat="1">
<core>NULL</core>
<MemPortIdVec></MemPortIdVec>
<condition id="-1">
<or_exp><and_exp></and_exp></or_exp>
</condition>

<Node id="54" bw="8" op_0_bw="8" op_1_bw="128" op_2_bw="32" op_3_bw="32">
<![CDATA[
:32  %blockarr_12 = call i8 @_ssdm_op_PartSelect.i8.i128.i32.i32(i128 %block_data_V_tmp, i32 24, i32 31)

]]></Node>
<StgValue><ssdm name="blockarr_12"/></StgValue>
</operation>

<operation id="17" st_id="1" stage="1" lat="1">
<core>NULL</core>
<MemPortIdVec></MemPortIdVec>
<condition id="-1">
<or_exp><and_exp></and_exp></or_exp>
</condition>

<Node id="55" bw="8" op_0_bw="8" op_1_bw="128" op_2_bw="32" op_3_bw="32">
<![CDATA[
:33  %blockarr_11 = call i8 @_ssdm_op_PartSelect.i8.i128.i32.i32(i128 %block_data_V_tmp, i32 32, i32 39)

]]></Node>
<StgValue><ssdm name="blockarr_11"/></StgValue>
</operation>

<operation id="18" st_id="1" stage="1" lat="1">
<core>NULL</core>
<MemPortIdVec></MemPortIdVec>
<condition id="-1">
<or_exp><and_exp></and_exp></or_exp>
</condition>

<Node id="56" bw="8" op_0_bw="8" op_1_bw="128" op_2_bw="32" op_3_bw="32">
<![CDATA[
:34  %blockarr_10 = call i8 @_ssdm_op_PartSelect.i8.i128.i32.i32(i128 %block_data_V_tmp, i32 40, i32 47)

]]></Node>
<StgValue><ssdm name="blockarr_10"/></StgValue>
</operation>

<operation id="19" st_id="1" stage="1" lat="1">
<core>NULL</core>
<MemPortIdVec></MemPortIdVec>
<condition id="-1">
<or_exp><and_exp></and_exp></or_exp>
</condition>

<Node id="57" bw="8" op_0_bw="8" op_1_bw="128" op_2_bw="32" op_3_bw="32">
<![CDATA[
:35  %blockarr_9 = call i8 @_ssdm_op_PartSelect.i8.i128.i32.i32(i128 %block_data_V_tmp, i32 48, i32 55)

]]></Node>
<StgValue><ssdm name="blockarr_9"/></StgValue>
</operation>

<operation id="20" st_id="1" stage="1" lat="1">
<core>NULL</core>
<MemPortIdVec></MemPortIdVec>
<condition id="-1">
<or_exp><and_exp></and_exp></or_exp>
</condition>

<Node id="58" bw="8" op_0_bw="8" op_1_bw="128" op_2_bw="32" op_3_bw="32">
<![CDATA[
:36  %blockarr_8 = call i8 @_ssdm_op_PartSelect.i8.i128.i32.i32(i128 %block_data_V_tmp, i32 56, i32 63)

]]></Node>
<StgValue><ssdm name="blockarr_8"/></StgValue>
</operation>

<operation id="21" st_id="1" stage="1" lat="1">
<core>NULL</core>
<MemPortIdVec></MemPortIdVec>
<condition id="-1">
<or_exp><and_exp></and_exp></or_exp>
</condition>

<Node id="59" bw="8" op_0_bw="8" op_1_bw="128" op_2_bw="32" op_3_bw="32">
<![CDATA[
:37  %blockarr_7 = call i8 @_ssdm_op_PartSelect.i8.i128.i32.i32(i128 %block_data_V_tmp, i32 64, i32 71)

]]></Node>
<StgValue><ssdm name="blockarr_7"/></StgValue>
</operation>

<operation id="22" st_id="1" stage="1" lat="1">
<core>NULL</core>
<MemPortIdVec></MemPortIdVec>
<condition id="-1">
<or_exp><and_exp></and_exp></or_exp>
</condition>

<Node id="60" bw="8" op_0_bw="8" op_1_bw="128" op_2_bw="32" op_3_bw="32">
<![CDATA[
:38  %blockarr_6 = call i8 @_ssdm_op_PartSelect.i8.i128.i32.i32(i128 %block_data_V_tmp, i32 72, i32 79)

]]></Node>
<StgValue><ssdm name="blockarr_6"/></StgValue>
</operation>

<operation id="23" st_id="1" stage="1" lat="1">
<core>NULL</core>
<MemPortIdVec></MemPortIdVec>
<condition id="-1">
<or_exp><and_exp></and_exp></or_exp>
</condition>

<Node id="61" bw="8" op_0_bw="8" op_1_bw="128" op_2_bw="32" op_3_bw="32">
<![CDATA[
:39  %blockarr_5 = call i8 @_ssdm_op_PartSelect.i8.i128.i32.i32(i128 %block_data_V_tmp, i32 80, i32 87)

]]></Node>
<StgValue><ssdm name="blockarr_5"/></StgValue>
</operation>

<operation id="24" st_id="1" stage="1" lat="1">
<core>NULL</core>
<MemPortIdVec></MemPortIdVec>
<condition id="-1">
<or_exp><and_exp></and_exp></or_exp>
</condition>

<Node id="62" bw="8" op_0_bw="8" op_1_bw="128" op_2_bw="32" op_3_bw="32">
<![CDATA[
:40  %blockarr_4 = call i8 @_ssdm_op_PartSelect.i8.i128.i32.i32(i128 %block_data_V_tmp, i32 88, i32 95)

]]></Node>
<StgValue><ssdm name="blockarr_4"/></StgValue>
</operation>

<operation id="25" st_id="1" stage="1" lat="1">
<core>NULL</core>
<MemPortIdVec></MemPortIdVec>
<condition id="-1">
<or_exp><and_exp></and_exp></or_exp>
</condition>

<Node id="63" bw="8" op_0_bw="8" op_1_bw="128" op_2_bw="32" op_3_bw="32">
<![CDATA[
:41  %blockarr_3 = call i8 @_ssdm_op_PartSelect.i8.i128.i32.i32(i128 %block_data_V_tmp, i32 96, i32 103)

]]></Node>
<StgValue><ssdm name="blockarr_3"/></StgValue>
</operation>

<operation id="26" st_id="1" stage="1" lat="1">
<core>NULL</core>
<MemPortIdVec></MemPortIdVec>
<condition id="-1">
<or_exp><and_exp></and_exp></or_exp>
</condition>

<Node id="64" bw="8" op_0_bw="8" op_1_bw="128" op_2_bw="32" op_3_bw="32">
<![CDATA[
:42  %blockarr_2 = call i8 @_ssdm_op_PartSelect.i8.i128.i32.i32(i128 %block_data_V_tmp, i32 104, i32 111)

]]></Node>
<StgValue><ssdm name="blockarr_2"/></StgValue>
</operation>

<operation id="27" st_id="1" stage="1" lat="1">
<core>NULL</core>
<MemPortIdVec></MemPortIdVec>
<condition id="-1">
<or_exp><and_exp></and_exp></or_exp>
</condition>

<Node id="65" bw="8" op_0_bw="8" op_1_bw="128" op_2_bw="32" op_3_bw="32">
<![CDATA[
:43  %blockarr_1 = call i8 @_ssdm_op_PartSelect.i8.i128.i32.i32(i128 %block_data_V_tmp, i32 112, i32 119)

]]></Node>
<StgValue><ssdm name="blockarr_1"/></StgValue>
</operation>

<operation id="28" st_id="1" stage="1" lat="1">
<core>NULL</core>
<MemPortIdVec></MemPortIdVec>
<condition id="-1">
<or_exp><and_exp></and_exp></or_exp>
</condition>

<Node id="66" bw="8" op_0_bw="8" op_1_bw="128" op_2_bw="32" op_3_bw="32">
<![CDATA[
:44  %blockarr_0 = call i8 @_ssdm_op_PartSelect.i8.i128.i32.i32(i128 %block_data_V_tmp, i32 120, i32 127)

]]></Node>
<StgValue><ssdm name="blockarr_0"/></StgValue>
</operation>

<operation id="29" st_id="1" stage="1" lat="1">
<core>NULL</core>
<MemPortIdVec></MemPortIdVec>
<condition id="-1">
<or_exp><and_exp></and_exp></or_exp>
</condition>

<Node id="67" bw="8" op_0_bw="128">
<![CDATA[
:45  %keyarr_15 = trunc i128 %key_const_V_read to i8

]]></Node>
<StgValue><ssdm name="keyarr_15"/></StgValue>
</operation>

<operation id="30" st_id="1" stage="1" lat="1">
<core>NULL</core>
<MemPortIdVec></MemPortIdVec>
<condition id="-1">
<or_exp><and_exp></and_exp></or_exp>
</condition>

<Node id="68" bw="8" op_0_bw="8" op_1_bw="128" op_2_bw="32" op_3_bw="32">
<![CDATA[
:46  %keyarr_14 = call i8 @_ssdm_op_PartSelect.i8.i128.i32.i32(i128 %key_const_V_read, i32 8, i32 15)

]]></Node>
<StgValue><ssdm name="keyarr_14"/></StgValue>
</operation>

<operation id="31" st_id="1" stage="1" lat="1">
<core>NULL</core>
<MemPortIdVec></MemPortIdVec>
<condition id="-1">
<or_exp><and_exp></and_exp></or_exp>
</condition>

<Node id="69" bw="8" op_0_bw="8" op_1_bw="128" op_2_bw="32" op_3_bw="32">
<![CDATA[
:47  %keyarr_13 = call i8 @_ssdm_op_PartSelect.i8.i128.i32.i32(i128 %key_const_V_read, i32 16, i32 23)

]]></Node>
<StgValue><ssdm name="keyarr_13"/></StgValue>
</operation>

<operation id="32" st_id="1" stage="1" lat="1">
<core>NULL</core>
<MemPortIdVec></MemPortIdVec>
<condition id="-1">
<or_exp><and_exp></and_exp></or_exp>
</condition>

<Node id="70" bw="8" op_0_bw="8" op_1_bw="128" op_2_bw="32" op_3_bw="32">
<![CDATA[
:48  %keyarr_12 = call i8 @_ssdm_op_PartSelect.i8.i128.i32.i32(i128 %key_const_V_read, i32 24, i32 31)

]]></Node>
<StgValue><ssdm name="keyarr_12"/></StgValue>
</operation>

<operation id="33" st_id="1" stage="1" lat="1">
<core>NULL</core>
<MemPortIdVec></MemPortIdVec>
<condition id="-1">
<or_exp><and_exp></and_exp></or_exp>
</condition>

<Node id="71" bw="8" op_0_bw="8" op_1_bw="128" op_2_bw="32" op_3_bw="32">
<![CDATA[
:49  %keyarr_11 = call i8 @_ssdm_op_PartSelect.i8.i128.i32.i32(i128 %key_const_V_read, i32 32, i32 39)

]]></Node>
<StgValue><ssdm name="keyarr_11"/></StgValue>
</operation>

<operation id="34" st_id="1" stage="1" lat="1">
<core>NULL</core>
<MemPortIdVec></MemPortIdVec>
<condition id="-1">
<or_exp><and_exp></and_exp></or_exp>
</condition>

<Node id="72" bw="8" op_0_bw="8" op_1_bw="128" op_2_bw="32" op_3_bw="32">
<![CDATA[
:50  %keyarr_10 = call i8 @_ssdm_op_PartSelect.i8.i128.i32.i32(i128 %key_const_V_read, i32 40, i32 47)

]]></Node>
<StgValue><ssdm name="keyarr_10"/></StgValue>
</operation>

<operation id="35" st_id="1" stage="1" lat="1">
<core>NULL</core>
<MemPortIdVec></MemPortIdVec>
<condition id="-1">
<or_exp><and_exp></and_exp></or_exp>
</condition>

<Node id="73" bw="8" op_0_bw="8" op_1_bw="128" op_2_bw="32" op_3_bw="32">
<![CDATA[
:51  %keyarr_9 = call i8 @_ssdm_op_PartSelect.i8.i128.i32.i32(i128 %key_const_V_read, i32 48, i32 55)

]]></Node>
<StgValue><ssdm name="keyarr_9"/></StgValue>
</operation>

<operation id="36" st_id="1" stage="1" lat="1">
<core>NULL</core>
<MemPortIdVec></MemPortIdVec>
<condition id="-1">
<or_exp><and_exp></and_exp></or_exp>
</condition>

<Node id="74" bw="8" op_0_bw="8" op_1_bw="128" op_2_bw="32" op_3_bw="32">
<![CDATA[
:52  %keyarr_8 = call i8 @_ssdm_op_PartSelect.i8.i128.i32.i32(i128 %key_const_V_read, i32 56, i32 63)

]]></Node>
<StgValue><ssdm name="keyarr_8"/></StgValue>
</operation>

<operation id="37" st_id="1" stage="1" lat="1">
<core>NULL</core>
<MemPortIdVec></MemPortIdVec>
<condition id="-1">
<or_exp><and_exp></and_exp></or_exp>
</condition>

<Node id="75" bw="8" op_0_bw="8" op_1_bw="128" op_2_bw="32" op_3_bw="32">
<![CDATA[
:53  %keyarr_7 = call i8 @_ssdm_op_PartSelect.i8.i128.i32.i32(i128 %key_const_V_read, i32 64, i32 71)

]]></Node>
<StgValue><ssdm name="keyarr_7"/></StgValue>
</operation>

<operation id="38" st_id="1" stage="1" lat="1">
<core>NULL</core>
<MemPortIdVec></MemPortIdVec>
<condition id="-1">
<or_exp><and_exp></and_exp></or_exp>
</condition>

<Node id="76" bw="8" op_0_bw="8" op_1_bw="128" op_2_bw="32" op_3_bw="32">
<![CDATA[
:54  %keyarr_6 = call i8 @_ssdm_op_PartSelect.i8.i128.i32.i32(i128 %key_const_V_read, i32 72, i32 79)

]]></Node>
<StgValue><ssdm name="keyarr_6"/></StgValue>
</operation>

<operation id="39" st_id="1" stage="1" lat="1">
<core>NULL</core>
<MemPortIdVec></MemPortIdVec>
<condition id="-1">
<or_exp><and_exp></and_exp></or_exp>
</condition>

<Node id="77" bw="8" op_0_bw="8" op_1_bw="128" op_2_bw="32" op_3_bw="32">
<![CDATA[
:55  %keyarr_5 = call i8 @_ssdm_op_PartSelect.i8.i128.i32.i32(i128 %key_const_V_read, i32 80, i32 87)

]]></Node>
<StgValue><ssdm name="keyarr_5"/></StgValue>
</operation>

<operation id="40" st_id="1" stage="1" lat="1">
<core>NULL</core>
<MemPortIdVec></MemPortIdVec>
<condition id="-1">
<or_exp><and_exp></and_exp></or_exp>
</condition>

<Node id="78" bw="8" op_0_bw="8" op_1_bw="128" op_2_bw="32" op_3_bw="32">
<![CDATA[
:56  %keyarr_4 = call i8 @_ssdm_op_PartSelect.i8.i128.i32.i32(i128 %key_const_V_read, i32 88, i32 95)

]]></Node>
<StgValue><ssdm name="keyarr_4"/></StgValue>
</operation>

<operation id="41" st_id="1" stage="1" lat="1">
<core>NULL</core>
<MemPortIdVec></MemPortIdVec>
<condition id="-1">
<or_exp><and_exp></and_exp></or_exp>
</condition>

<Node id="79" bw="8" op_0_bw="8" op_1_bw="128" op_2_bw="32" op_3_bw="32">
<![CDATA[
:57  %keyarr_3 = call i8 @_ssdm_op_PartSelect.i8.i128.i32.i32(i128 %key_const_V_read, i32 96, i32 103)

]]></Node>
<StgValue><ssdm name="keyarr_3"/></StgValue>
</operation>

<operation id="42" st_id="1" stage="1" lat="1">
<core>NULL</core>
<MemPortIdVec></MemPortIdVec>
<condition id="-1">
<or_exp><and_exp></and_exp></or_exp>
</condition>

<Node id="80" bw="8" op_0_bw="8" op_1_bw="128" op_2_bw="32" op_3_bw="32">
<![CDATA[
:58  %keyarr_2 = call i8 @_ssdm_op_PartSelect.i8.i128.i32.i32(i128 %key_const_V_read, i32 104, i32 111)

]]></Node>
<StgValue><ssdm name="keyarr_2"/></StgValue>
</operation>

<operation id="43" st_id="1" stage="1" lat="1">
<core>NULL</core>
<MemPortIdVec></MemPortIdVec>
<condition id="-1">
<or_exp><and_exp></and_exp></or_exp>
</condition>

<Node id="81" bw="8" op_0_bw="8" op_1_bw="128" op_2_bw="32" op_3_bw="32">
<![CDATA[
:59  %keyarr_1 = call i8 @_ssdm_op_PartSelect.i8.i128.i32.i32(i128 %key_const_V_read, i32 112, i32 119)

]]></Node>
<StgValue><ssdm name="keyarr_1"/></StgValue>
</operation>

<operation id="44" st_id="1" stage="1" lat="1">
<core>NULL</core>
<MemPortIdVec></MemPortIdVec>
<condition id="-1">
<or_exp><and_exp></and_exp></or_exp>
</condition>

<Node id="82" bw="8" op_0_bw="8" op_1_bw="128" op_2_bw="32" op_3_bw="32">
<![CDATA[
:60  %keyarr_0 = call i8 @_ssdm_op_PartSelect.i8.i128.i32.i32(i128 %key_const_V_read, i32 120, i32 127)

]]></Node>
<StgValue><ssdm name="keyarr_0"/></StgValue>
</operation>

<operation id="45" st_id="1" stage="2" lat="2">
<core></core>
<MemPortIdVec></MemPortIdVec>
<condition id="-1">
<or_exp><and_exp></and_exp></or_exp>
</condition>

<Node id="83" bw="128" op_0_bw="128" op_1_bw="8" op_2_bw="8" op_3_bw="8" op_4_bw="8" op_5_bw="8" op_6_bw="8" op_7_bw="8" op_8_bw="8" op_9_bw="8" op_10_bw="8" op_11_bw="8" op_12_bw="8" op_13_bw="8" op_14_bw="8" op_15_bw="8" op_16_bw="8" op_17_bw="8" op_18_bw="8" op_19_bw="8" op_20_bw="8" op_21_bw="8" op_22_bw="8" op_23_bw="8" op_24_bw="8" op_25_bw="8" op_26_bw="8" op_27_bw="8" op_28_bw="8" op_29_bw="8" op_30_bw="8" op_31_bw="8" op_32_bw="8" op_33_bw="8" op_34_bw="8" op_35_bw="8">
<![CDATA[
:61  %call_ret = call fastcc { i8, i8, i8, i8, i8, i8, i8, i8, i8, i8, i8, i8, i8, i8, i8, i8 } @aes_encrypt(i8 %blockarr_0, i8 %blockarr_1, i8 %blockarr_2, i8 %blockarr_3, i8 %blockarr_4, i8 %blockarr_5, i8 %blockarr_6, i8 %blockarr_7, i8 %blockarr_8, i8 %blockarr_9, i8 %blockarr_10, i8 %blockarr_11, i8 %blockarr_12, i8 %blockarr_13, i8 %blockarr_14, i8 %blockarr_15, i8 %keyarr_0, i8 %keyarr_1, i8 %keyarr_2, i8 %keyarr_3, i8 %keyarr_4, i8 %keyarr_5, i8 %keyarr_6, i8 %keyarr_7, i8 %keyarr_8, i8 %keyarr_9, i8 %keyarr_10, i8 %keyarr_11, i8 %keyarr_12, i8 %keyarr_13, i8 %keyarr_14, i8 %keyarr_15)

]]></Node>
<StgValue><ssdm name="call_ret"/></StgValue>
</operation>
</state>

<state id="2" st_id="2">

<operation id="46" st_id="2" stage="1" lat="2">
<core></core>
<MemPortIdVec></MemPortIdVec>
<condition id="-1">
<or_exp><and_exp></and_exp></or_exp>
</condition>

<Node id="83" bw="128" op_0_bw="128" op_1_bw="8" op_2_bw="8" op_3_bw="8" op_4_bw="8" op_5_bw="8" op_6_bw="8" op_7_bw="8" op_8_bw="8" op_9_bw="8" op_10_bw="8" op_11_bw="8" op_12_bw="8" op_13_bw="8" op_14_bw="8" op_15_bw="8" op_16_bw="8" op_17_bw="8" op_18_bw="8" op_19_bw="8" op_20_bw="8" op_21_bw="8" op_22_bw="8" op_23_bw="8" op_24_bw="8" op_25_bw="8" op_26_bw="8" op_27_bw="8" op_28_bw="8" op_29_bw="8" op_30_bw="8" op_31_bw="8" op_32_bw="8" op_33_bw="8" op_34_bw="8" op_35_bw="8">
<![CDATA[
:61  %call_ret = call fastcc { i8, i8, i8, i8, i8, i8, i8, i8, i8, i8, i8, i8, i8, i8, i8, i8 } @aes_encrypt(i8 %blockarr_0, i8 %blockarr_1, i8 %blockarr_2, i8 %blockarr_3, i8 %blockarr_4, i8 %blockarr_5, i8 %blockarr_6, i8 %blockarr_7, i8 %blockarr_8, i8 %blockarr_9, i8 %blockarr_10, i8 %blockarr_11, i8 %blockarr_12, i8 %blockarr_13, i8 %blockarr_14, i8 %blockarr_15, i8 %keyarr_0, i8 %keyarr_1, i8 %keyarr_2, i8 %keyarr_3, i8 %keyarr_4, i8 %keyarr_5, i8 %keyarr_6, i8 %keyarr_7, i8 %keyarr_8, i8 %keyarr_9, i8 %keyarr_10, i8 %keyarr_11, i8 %keyarr_12, i8 %keyarr_13, i8 %keyarr_14, i8 %keyarr_15)

]]></Node>
<StgValue><ssdm name="call_ret"/></StgValue>
</operation>

<operation id="47" st_id="2" stage="1" lat="1">
<core>NULL</core>
<MemPortIdVec></MemPortIdVec>
<condition id="-1">
<or_exp><and_exp></and_exp></or_exp>
</condition>

<Node id="84" bw="8" op_0_bw="128">
<![CDATA[
:62  %ansarr_0 = extractvalue { i8, i8, i8, i8, i8, i8, i8, i8, i8, i8, i8, i8, i8, i8, i8, i8 } %call_ret, 0

]]></Node>
<StgValue><ssdm name="ansarr_0"/></StgValue>
</operation>

<operation id="48" st_id="2" stage="1" lat="1">
<core>NULL</core>
<MemPortIdVec></MemPortIdVec>
<condition id="-1">
<or_exp><and_exp></and_exp></or_exp>
</condition>

<Node id="85" bw="8" op_0_bw="128">
<![CDATA[
:63  %ansarr_1 = extractvalue { i8, i8, i8, i8, i8, i8, i8, i8, i8, i8, i8, i8, i8, i8, i8, i8 } %call_ret, 1

]]></Node>
<StgValue><ssdm name="ansarr_1"/></StgValue>
</operation>

<operation id="49" st_id="2" stage="1" lat="1">
<core>NULL</core>
<MemPortIdVec></MemPortIdVec>
<condition id="-1">
<or_exp><and_exp></and_exp></or_exp>
</condition>

<Node id="86" bw="8" op_0_bw="128">
<![CDATA[
:64  %ansarr_2 = extractvalue { i8, i8, i8, i8, i8, i8, i8, i8, i8, i8, i8, i8, i8, i8, i8, i8 } %call_ret, 2

]]></Node>
<StgValue><ssdm name="ansarr_2"/></StgValue>
</operation>

<operation id="50" st_id="2" stage="1" lat="1">
<core>NULL</core>
<MemPortIdVec></MemPortIdVec>
<condition id="-1">
<or_exp><and_exp></and_exp></or_exp>
</condition>

<Node id="87" bw="8" op_0_bw="128">
<![CDATA[
:65  %ansarr_3 = extractvalue { i8, i8, i8, i8, i8, i8, i8, i8, i8, i8, i8, i8, i8, i8, i8, i8 } %call_ret, 3

]]></Node>
<StgValue><ssdm name="ansarr_3"/></StgValue>
</operation>

<operation id="51" st_id="2" stage="1" lat="1">
<core>NULL</core>
<MemPortIdVec></MemPortIdVec>
<condition id="-1">
<or_exp><and_exp></and_exp></or_exp>
</condition>

<Node id="88" bw="8" op_0_bw="128">
<![CDATA[
:66  %ansarr_4 = extractvalue { i8, i8, i8, i8, i8, i8, i8, i8, i8, i8, i8, i8, i8, i8, i8, i8 } %call_ret, 4

]]></Node>
<StgValue><ssdm name="ansarr_4"/></StgValue>
</operation>

<operation id="52" st_id="2" stage="1" lat="1">
<core>NULL</core>
<MemPortIdVec></MemPortIdVec>
<condition id="-1">
<or_exp><and_exp></and_exp></or_exp>
</condition>

<Node id="89" bw="8" op_0_bw="128">
<![CDATA[
:67  %ansarr_5 = extractvalue { i8, i8, i8, i8, i8, i8, i8, i8, i8, i8, i8, i8, i8, i8, i8, i8 } %call_ret, 5

]]></Node>
<StgValue><ssdm name="ansarr_5"/></StgValue>
</operation>

<operation id="53" st_id="2" stage="1" lat="1">
<core>NULL</core>
<MemPortIdVec></MemPortIdVec>
<condition id="-1">
<or_exp><and_exp></and_exp></or_exp>
</condition>

<Node id="90" bw="8" op_0_bw="128">
<![CDATA[
:68  %ansarr_6 = extractvalue { i8, i8, i8, i8, i8, i8, i8, i8, i8, i8, i8, i8, i8, i8, i8, i8 } %call_ret, 6

]]></Node>
<StgValue><ssdm name="ansarr_6"/></StgValue>
</operation>

<operation id="54" st_id="2" stage="1" lat="1">
<core>NULL</core>
<MemPortIdVec></MemPortIdVec>
<condition id="-1">
<or_exp><and_exp></and_exp></or_exp>
</condition>

<Node id="91" bw="8" op_0_bw="128">
<![CDATA[
:69  %ansarr_7 = extractvalue { i8, i8, i8, i8, i8, i8, i8, i8, i8, i8, i8, i8, i8, i8, i8, i8 } %call_ret, 7

]]></Node>
<StgValue><ssdm name="ansarr_7"/></StgValue>
</operation>

<operation id="55" st_id="2" stage="1" lat="1">
<core>NULL</core>
<MemPortIdVec></MemPortIdVec>
<condition id="-1">
<or_exp><and_exp></and_exp></or_exp>
</condition>

<Node id="92" bw="8" op_0_bw="128">
<![CDATA[
:70  %ansarr_8 = extractvalue { i8, i8, i8, i8, i8, i8, i8, i8, i8, i8, i8, i8, i8, i8, i8, i8 } %call_ret, 8

]]></Node>
<StgValue><ssdm name="ansarr_8"/></StgValue>
</operation>

<operation id="56" st_id="2" stage="1" lat="1">
<core>NULL</core>
<MemPortIdVec></MemPortIdVec>
<condition id="-1">
<or_exp><and_exp></and_exp></or_exp>
</condition>

<Node id="93" bw="8" op_0_bw="128">
<![CDATA[
:71  %ansarr_9 = extractvalue { i8, i8, i8, i8, i8, i8, i8, i8, i8, i8, i8, i8, i8, i8, i8, i8 } %call_ret, 9

]]></Node>
<StgValue><ssdm name="ansarr_9"/></StgValue>
</operation>

<operation id="57" st_id="2" stage="1" lat="1">
<core>NULL</core>
<MemPortIdVec></MemPortIdVec>
<condition id="-1">
<or_exp><and_exp></and_exp></or_exp>
</condition>

<Node id="94" bw="8" op_0_bw="128">
<![CDATA[
:72  %ansarr_10 = extractvalue { i8, i8, i8, i8, i8, i8, i8, i8, i8, i8, i8, i8, i8, i8, i8, i8 } %call_ret, 10

]]></Node>
<StgValue><ssdm name="ansarr_10"/></StgValue>
</operation>

<operation id="58" st_id="2" stage="1" lat="1">
<core>NULL</core>
<MemPortIdVec></MemPortIdVec>
<condition id="-1">
<or_exp><and_exp></and_exp></or_exp>
</condition>

<Node id="95" bw="8" op_0_bw="128">
<![CDATA[
:73  %ansarr_11 = extractvalue { i8, i8, i8, i8, i8, i8, i8, i8, i8, i8, i8, i8, i8, i8, i8, i8 } %call_ret, 11

]]></Node>
<StgValue><ssdm name="ansarr_11"/></StgValue>
</operation>

<operation id="59" st_id="2" stage="1" lat="1">
<core>NULL</core>
<MemPortIdVec></MemPortIdVec>
<condition id="-1">
<or_exp><and_exp></and_exp></or_exp>
</condition>

<Node id="96" bw="8" op_0_bw="128">
<![CDATA[
:74  %ansarr_12 = extractvalue { i8, i8, i8, i8, i8, i8, i8, i8, i8, i8, i8, i8, i8, i8, i8, i8 } %call_ret, 12

]]></Node>
<StgValue><ssdm name="ansarr_12"/></StgValue>
</operation>

<operation id="60" st_id="2" stage="1" lat="1">
<core>NULL</core>
<MemPortIdVec></MemPortIdVec>
<condition id="-1">
<or_exp><and_exp></and_exp></or_exp>
</condition>

<Node id="97" bw="8" op_0_bw="128">
<![CDATA[
:75  %ansarr_13 = extractvalue { i8, i8, i8, i8, i8, i8, i8, i8, i8, i8, i8, i8, i8, i8, i8, i8 } %call_ret, 13

]]></Node>
<StgValue><ssdm name="ansarr_13"/></StgValue>
</operation>

<operation id="61" st_id="2" stage="1" lat="1">
<core>NULL</core>
<MemPortIdVec></MemPortIdVec>
<condition id="-1">
<or_exp><and_exp></and_exp></or_exp>
</condition>

<Node id="98" bw="8" op_0_bw="128">
<![CDATA[
:76  %ansarr_14 = extractvalue { i8, i8, i8, i8, i8, i8, i8, i8, i8, i8, i8, i8, i8, i8, i8, i8 } %call_ret, 14

]]></Node>
<StgValue><ssdm name="ansarr_14"/></StgValue>
</operation>

<operation id="62" st_id="2" stage="1" lat="1">
<core>NULL</core>
<MemPortIdVec></MemPortIdVec>
<condition id="-1">
<or_exp><and_exp></and_exp></or_exp>
</condition>

<Node id="99" bw="8" op_0_bw="128">
<![CDATA[
:77  %ansarr_15 = extractvalue { i8, i8, i8, i8, i8, i8, i8, i8, i8, i8, i8, i8, i8, i8, i8, i8 } %call_ret, 15

]]></Node>
<StgValue><ssdm name="ansarr_15"/></StgValue>
</operation>

<operation id="63" st_id="2" stage="1" lat="1">
<core>NULL</core>
<MemPortIdVec></MemPortIdVec>
<condition id="-1">
<or_exp><and_exp></and_exp></or_exp>
</condition>

<Node id="100" bw="128" op_0_bw="128" op_1_bw="8" op_2_bw="8" op_3_bw="8" op_4_bw="8" op_5_bw="8" op_6_bw="8" op_7_bw="8" op_8_bw="8" op_9_bw="8" op_10_bw="8" op_11_bw="48">
<![CDATA[
:78  %tmp = call i128 @_ssdm_op_BitConcatenate.i128.i8.i8.i8.i8.i8.i8.i8.i8.i8.i8.i48(i8 %ansarr_0, i8 %ansarr_1, i8 %ansarr_2, i8 %ansarr_3, i8 %ansarr_4, i8 %ansarr_5, i8 %ansarr_6, i8 %ansarr_7, i8 %ansarr_8, i8 %ansarr_9, i48 0)

]]></Node>
<StgValue><ssdm name="tmp"/></StgValue>
</operation>

<operation id="64" st_id="2" stage="1" lat="1">
<core>NULL</core>
<MemPortIdVec></MemPortIdVec>
<condition id="-1">
<or_exp><and_exp></and_exp></or_exp>
</condition>

<Node id="101" bw="48" op_0_bw="48" op_1_bw="8" op_2_bw="8" op_3_bw="8" op_4_bw="8" op_5_bw="8" op_6_bw="8">
<![CDATA[
:79  %tmp1 = call i48 @_ssdm_op_BitConcatenate.i48.i8.i8.i8.i8.i8.i8(i8 %ansarr_10, i8 %ansarr_11, i8 %ansarr_12, i8 %ansarr_13, i8 %ansarr_14, i8 %ansarr_15)

]]></Node>
<StgValue><ssdm name="tmp1"/></StgValue>
</operation>

<operation id="65" st_id="2" stage="1" lat="1">
<core>NULL</core>
<MemPortIdVec></MemPortIdVec>
<condition id="-1">
<or_exp><and_exp></and_exp></or_exp>
</condition>

<Node id="102" bw="128" op_0_bw="48">
<![CDATA[
:80  %zext_ln719 = zext i48 %tmp1 to i128

]]></Node>
<StgValue><ssdm name="zext_ln719"/></StgValue>
</operation>

<operation id="66" st_id="2" stage="1" lat="1">
<core>LogicGate</core>
<MemPortIdVec></MemPortIdVec>
<condition id="-1">
<or_exp><and_exp></and_exp></or_exp>
</condition>

<Node id="103" bw="128" op_0_bw="128" op_1_bw="128">
<![CDATA[
:81  %ansEncrypt_V = xor i128 %zext_ln719, %tmp

]]></Node>
<StgValue><ssdm name="ansEncrypt_V"/></StgValue>
</operation>

<operation id="67" st_id="2" stage="2" lat="2">
<core>AXI4Stream</core>
<MemPortIdVec></MemPortIdVec>
<condition id="-1">
<or_exp><and_exp></and_exp></or_exp>
</condition>

<Node id="104" bw="0" op_0_bw="0" op_1_bw="128" op_2_bw="16" op_3_bw="16" op_4_bw="1" op_5_bw="1" op_6_bw="1" op_7_bw="1" op_8_bw="128" op_9_bw="16" op_10_bw="16" op_11_bw="1" op_12_bw="1" op_13_bw="1" op_14_bw="1">
<![CDATA[
:82  call void @_ssdm_op_Write.axis.volatile.i128P.i16P.i16P.i1P.i1P.i1P.i1P(i128* %encrypted_data_V, i16* %encrypted_keep_V, i16* %encrypted_strb_V, i1* %encrypted_user_V, i1* %encrypted_last_V, i1* %encrypted_id_V, i1* %encrypted_dest_V, i128 %ansEncrypt_V, i16 %block_keep_V_tmp, i16 %block_strb_V_tmp, i1 %block_user_V_tmp, i1 %block_last_V_tmp, i1 %block_id_V_tmp, i1 %block_dest_V_tmp)

]]></Node>
<StgValue><ssdm name="write_ln87"/></StgValue>
</operation>
</state>

<state id="3" st_id="3">

<operation id="68" st_id="3" stage="1" lat="1">
<core>NULL</core>
<MemPortIdVec></MemPortIdVec>
<condition id="-1">
<or_exp><and_exp></and_exp></or_exp>
</condition>

<Node id="23" bw="0" op_0_bw="0" op_1_bw="128">
<![CDATA[
:1  call void (...)* @_ssdm_op_SpecBitsMap(i128* %block_data_V), !map !108

]]></Node>
<StgValue><ssdm name="specbitsmap_ln0"/></StgValue>
</operation>

<operation id="69" st_id="3" stage="1" lat="1">
<core>NULL</core>
<MemPortIdVec></MemPortIdVec>
<condition id="-1">
<or_exp><and_exp></and_exp></or_exp>
</condition>

<Node id="24" bw="0" op_0_bw="0" op_1_bw="16">
<![CDATA[
:2  call void (...)* @_ssdm_op_SpecBitsMap(i16* %block_keep_V), !map !114

]]></Node>
<StgValue><ssdm name="specbitsmap_ln0"/></StgValue>
</operation>

<operation id="70" st_id="3" stage="1" lat="1">
<core>NULL</core>
<MemPortIdVec></MemPortIdVec>
<condition id="-1">
<or_exp><and_exp></and_exp></or_exp>
</condition>

<Node id="25" bw="0" op_0_bw="0" op_1_bw="16">
<![CDATA[
:3  call void (...)* @_ssdm_op_SpecBitsMap(i16* %block_strb_V), !map !118

]]></Node>
<StgValue><ssdm name="specbitsmap_ln0"/></StgValue>
</operation>

<operation id="71" st_id="3" stage="1" lat="1">
<core>NULL</core>
<MemPortIdVec></MemPortIdVec>
<condition id="-1">
<or_exp><and_exp></and_exp></or_exp>
</condition>

<Node id="26" bw="0" op_0_bw="0" op_1_bw="1">
<![CDATA[
:4  call void (...)* @_ssdm_op_SpecBitsMap(i1* %block_user_V), !map !122

]]></Node>
<StgValue><ssdm name="specbitsmap_ln0"/></StgValue>
</operation>

<operation id="72" st_id="3" stage="1" lat="1">
<core>NULL</core>
<MemPortIdVec></MemPortIdVec>
<condition id="-1">
<or_exp><and_exp></and_exp></or_exp>
</condition>

<Node id="27" bw="0" op_0_bw="0" op_1_bw="1">
<![CDATA[
:5  call void (...)* @_ssdm_op_SpecBitsMap(i1* %block_last_V), !map !126

]]></Node>
<StgValue><ssdm name="specbitsmap_ln0"/></StgValue>
</operation>

<operation id="73" st_id="3" stage="1" lat="1">
<core>NULL</core>
<MemPortIdVec></MemPortIdVec>
<condition id="-1">
<or_exp><and_exp></and_exp></or_exp>
</condition>

<Node id="28" bw="0" op_0_bw="0" op_1_bw="1">
<![CDATA[
:6  call void (...)* @_ssdm_op_SpecBitsMap(i1* %block_id_V), !map !130

]]></Node>
<StgValue><ssdm name="specbitsmap_ln0"/></StgValue>
</operation>

<operation id="74" st_id="3" stage="1" lat="1">
<core>NULL</core>
<MemPortIdVec></MemPortIdVec>
<condition id="-1">
<or_exp><and_exp></and_exp></or_exp>
</condition>

<Node id="29" bw="0" op_0_bw="0" op_1_bw="1">
<![CDATA[
:7  call void (...)* @_ssdm_op_SpecBitsMap(i1* %block_dest_V), !map !134

]]></Node>
<StgValue><ssdm name="specbitsmap_ln0"/></StgValue>
</operation>

<operation id="75" st_id="3" stage="1" lat="1">
<core>NULL</core>
<MemPortIdVec></MemPortIdVec>
<condition id="-1">
<or_exp><and_exp></and_exp></or_exp>
</condition>

<Node id="30" bw="0" op_0_bw="0" op_1_bw="128">
<![CDATA[
:8  call void (...)* @_ssdm_op_SpecBitsMap(i128* %encrypted_data_V), !map !138

]]></Node>
<StgValue><ssdm name="specbitsmap_ln0"/></StgValue>
</operation>

<operation id="76" st_id="3" stage="1" lat="1">
<core>NULL</core>
<MemPortIdVec></MemPortIdVec>
<condition id="-1">
<or_exp><and_exp></and_exp></or_exp>
</condition>

<Node id="31" bw="0" op_0_bw="0" op_1_bw="16">
<![CDATA[
:9  call void (...)* @_ssdm_op_SpecBitsMap(i16* %encrypted_keep_V), !map !142

]]></Node>
<StgValue><ssdm name="specbitsmap_ln0"/></StgValue>
</operation>

<operation id="77" st_id="3" stage="1" lat="1">
<core>NULL</core>
<MemPortIdVec></MemPortIdVec>
<condition id="-1">
<or_exp><and_exp></and_exp></or_exp>
</condition>

<Node id="32" bw="0" op_0_bw="0" op_1_bw="16">
<![CDATA[
:10  call void (...)* @_ssdm_op_SpecBitsMap(i16* %encrypted_strb_V), !map !146

]]></Node>
<StgValue><ssdm name="specbitsmap_ln0"/></StgValue>
</operation>

<operation id="78" st_id="3" stage="1" lat="1">
<core>NULL</core>
<MemPortIdVec></MemPortIdVec>
<condition id="-1">
<or_exp><and_exp></and_exp></or_exp>
</condition>

<Node id="33" bw="0" op_0_bw="0" op_1_bw="1">
<![CDATA[
:11  call void (...)* @_ssdm_op_SpecBitsMap(i1* %encrypted_user_V), !map !150

]]></Node>
<StgValue><ssdm name="specbitsmap_ln0"/></StgValue>
</operation>

<operation id="79" st_id="3" stage="1" lat="1">
<core>NULL</core>
<MemPortIdVec></MemPortIdVec>
<condition id="-1">
<or_exp><and_exp></and_exp></or_exp>
</condition>

<Node id="34" bw="0" op_0_bw="0" op_1_bw="1">
<![CDATA[
:12  call void (...)* @_ssdm_op_SpecBitsMap(i1* %encrypted_last_V), !map !154

]]></Node>
<StgValue><ssdm name="specbitsmap_ln0"/></StgValue>
</operation>

<operation id="80" st_id="3" stage="1" lat="1">
<core>NULL</core>
<MemPortIdVec></MemPortIdVec>
<condition id="-1">
<or_exp><and_exp></and_exp></or_exp>
</condition>

<Node id="35" bw="0" op_0_bw="0" op_1_bw="1">
<![CDATA[
:13  call void (...)* @_ssdm_op_SpecBitsMap(i1* %encrypted_id_V), !map !158

]]></Node>
<StgValue><ssdm name="specbitsmap_ln0"/></StgValue>
</operation>

<operation id="81" st_id="3" stage="1" lat="1">
<core>NULL</core>
<MemPortIdVec></MemPortIdVec>
<condition id="-1">
<or_exp><and_exp></and_exp></or_exp>
</condition>

<Node id="36" bw="0" op_0_bw="0" op_1_bw="1">
<![CDATA[
:14  call void (...)* @_ssdm_op_SpecBitsMap(i1* %encrypted_dest_V), !map !162

]]></Node>
<StgValue><ssdm name="specbitsmap_ln0"/></StgValue>
</operation>

<operation id="82" st_id="3" stage="1" lat="1">
<core>NULL</core>
<MemPortIdVec></MemPortIdVec>
<condition id="-1">
<or_exp><and_exp></and_exp></or_exp>
</condition>

<Node id="37" bw="0" op_0_bw="0" op_1_bw="128">
<![CDATA[
:15  call void (...)* @_ssdm_op_SpecBitsMap(i128 %key_const_V), !map !166

]]></Node>
<StgValue><ssdm name="specbitsmap_ln0"/></StgValue>
</operation>

<operation id="83" st_id="3" stage="1" lat="1">
<core>NULL</core>
<MemPortIdVec></MemPortIdVec>
<condition id="-1">
<or_exp><and_exp></and_exp></or_exp>
</condition>

<Node id="38" bw="0" op_0_bw="0" op_1_bw="0">
<![CDATA[
:16  call void (...)* @_ssdm_op_SpecTopModule([17 x i8]* @aes_encrypt_impl_str) nounwind

]]></Node>
<StgValue><ssdm name="spectopmodule_ln0"/></StgValue>
</operation>

<operation id="84" st_id="3" stage="1" lat="1">
<core>NULL</core>
<MemPortIdVec></MemPortIdVec>
<condition id="-1">
<or_exp><and_exp></and_exp></or_exp>
</condition>

<Node id="39" bw="0" op_0_bw="0" op_1_bw="128" op_2_bw="16" op_3_bw="16" op_4_bw="1" op_5_bw="1" op_6_bw="1" op_7_bw="1" op_8_bw="0" op_9_bw="32" op_10_bw="32" op_11_bw="0" op_12_bw="32" op_13_bw="32" op_14_bw="0" op_15_bw="0" op_16_bw="0" op_17_bw="32" op_18_bw="32" op_19_bw="32" op_20_bw="32" op_21_bw="0" op_22_bw="0">
<![CDATA[
:17  call void (...)* @_ssdm_op_SpecInterface(i128* %encrypted_data_V, i16* %encrypted_keep_V, i16* %encrypted_strb_V, i1* %encrypted_user_V, i1* %encrypted_last_V, i1* %encrypted_id_V, i1* %encrypted_dest_V, [5 x i8]* @p_str6, i32 1, i32 1, [5 x i8]* @p_str7, i32 0, i32 0, [1 x i8]* @p_str16, [1 x i8]* @p_str16, [1 x i8]* @p_str16, i32 0, i32 0, i32 0, i32 0, [1 x i8]* @p_str16, [1 x i8]* @p_str16) nounwind

]]></Node>
<StgValue><ssdm name="specinterface_ln88"/></StgValue>
</operation>

<operation id="85" st_id="3" stage="1" lat="1">
<core>NULL</core>
<MemPortIdVec></MemPortIdVec>
<condition id="-1">
<or_exp><and_exp></and_exp></or_exp>
</condition>

<Node id="40" bw="0" op_0_bw="0" op_1_bw="128" op_2_bw="16" op_3_bw="16" op_4_bw="1" op_5_bw="1" op_6_bw="1" op_7_bw="1" op_8_bw="0" op_9_bw="32" op_10_bw="32" op_11_bw="0" op_12_bw="32" op_13_bw="32" op_14_bw="0" op_15_bw="0" op_16_bw="0" op_17_bw="32" op_18_bw="32" op_19_bw="32" op_20_bw="32" op_21_bw="0" op_22_bw="0">
<![CDATA[
:18  call void (...)* @_ssdm_op_SpecInterface(i128* %block_data_V, i16* %block_keep_V, i16* %block_strb_V, i1* %block_user_V, i1* %block_last_V, i1* %block_id_V, i1* %block_dest_V, [5 x i8]* @p_str6, i32 1, i32 1, [5 x i8]* @p_str7, i32 0, i32 0, [1 x i8]* @p_str16, [1 x i8]* @p_str16, [1 x i8]* @p_str16, i32 0, i32 0, i32 0, i32 0, [1 x i8]* @p_str16, [1 x i8]* @p_str16) nounwind

]]></Node>
<StgValue><ssdm name="specinterface_ln89"/></StgValue>
</operation>

<operation id="86" st_id="3" stage="1" lat="1">
<core>NULL</core>
<MemPortIdVec></MemPortIdVec>
<condition id="-1">
<or_exp><and_exp></and_exp></or_exp>
</condition>

<Node id="41" bw="0" op_0_bw="0" op_1_bw="128" op_2_bw="0" op_3_bw="32" op_4_bw="32" op_5_bw="0" op_6_bw="32" op_7_bw="32" op_8_bw="0" op_9_bw="0" op_10_bw="0" op_11_bw="32" op_12_bw="32" op_13_bw="32" op_14_bw="32" op_15_bw="0" op_16_bw="0">
<![CDATA[
:19  call void (...)* @_ssdm_op_SpecInterface(i128 %key_const_V, [10 x i8]* @p_str8, i32 0, i32 0, [1 x i8]* @p_str16, i32 0, i32 0, [1 x i8]* @p_str16, [1 x i8]* @p_str16, [1 x i8]* @p_str16, i32 0, i32 0, i32 0, i32 0, [1 x i8]* @p_str16, [1 x i8]* @p_str16) nounwind

]]></Node>
<StgValue><ssdm name="specinterface_ln90"/></StgValue>
</operation>

<operation id="87" st_id="3" stage="1" lat="1">
<core>NULL</core>
<MemPortIdVec></MemPortIdVec>
<condition id="-1">
<or_exp><and_exp></and_exp></or_exp>
</condition>

<Node id="42" bw="0" op_0_bw="0" op_1_bw="32" op_2_bw="0" op_3_bw="32" op_4_bw="32" op_5_bw="0" op_6_bw="32" op_7_bw="32" op_8_bw="0" op_9_bw="0" op_10_bw="0" op_11_bw="32" op_12_bw="32" op_13_bw="32" op_14_bw="32" op_15_bw="0" op_16_bw="0">
<![CDATA[
:20  call void (...)* @_ssdm_op_SpecInterface(i32 0, [13 x i8]* @p_str9, i32 0, i32 0, [1 x i8]* @p_str16, i32 0, i32 0, [1 x i8]* @p_str16, [1 x i8]* @p_str16, [1 x i8]* @p_str16, i32 0, i32 0, i32 0, i32 0, [1 x i8]* @p_str16, [1 x i8]* @p_str16) nounwind

]]></Node>
<StgValue><ssdm name="specinterface_ln91"/></StgValue>
</operation>

<operation id="88" st_id="3" stage="1" lat="2">
<core>AXI4Stream</core>
<MemPortIdVec></MemPortIdVec>
<condition id="-1">
<or_exp><and_exp></and_exp></or_exp>
</condition>

<Node id="104" bw="0" op_0_bw="0" op_1_bw="128" op_2_bw="16" op_3_bw="16" op_4_bw="1" op_5_bw="1" op_6_bw="1" op_7_bw="1" op_8_bw="128" op_9_bw="16" op_10_bw="16" op_11_bw="1" op_12_bw="1" op_13_bw="1" op_14_bw="1">
<![CDATA[
:82  call void @_ssdm_op_Write.axis.volatile.i128P.i16P.i16P.i1P.i1P.i1P.i1P(i128* %encrypted_data_V, i16* %encrypted_keep_V, i16* %encrypted_strb_V, i1* %encrypted_user_V, i1* %encrypted_last_V, i1* %encrypted_id_V, i1* %encrypted_dest_V, i128 %ansEncrypt_V, i16 %block_keep_V_tmp, i16 %block_strb_V_tmp, i1 %block_user_V_tmp, i1 %block_last_V_tmp, i1 %block_id_V_tmp, i1 %block_dest_V_tmp)

]]></Node>
<StgValue><ssdm name="write_ln87"/></StgValue>
</operation>

<operation id="89" st_id="3" stage="1" lat="1">
<core>NULL</core>
<MemPortIdVec></MemPortIdVec>
<condition id="-1">
<or_exp><and_exp></and_exp></or_exp>
</condition>

<Node id="105" bw="0">
<![CDATA[
:83  ret void

]]></Node>
<StgValue><ssdm name="ret_ln113"/></StgValue>
</operation>
</state>
</state_list>


<ports>
<port id="92" name="block_data_V" dir="0" iftype="0">
<core>NULL</core><StgValue><ssdm name="block_data_V"/></StgValue>
</port>
<port id="93" name="block_keep_V" dir="0" iftype="0">
<core>NULL</core><StgValue><ssdm name="block_keep_V"/></StgValue>
</port>
<port id="94" name="block_strb_V" dir="0" iftype="0">
<core>NULL</core><StgValue><ssdm name="block_strb_V"/></StgValue>
</port>
<port id="95" name="block_user_V" dir="0" iftype="0">
<core>NULL</core><StgValue><ssdm name="block_user_V"/></StgValue>
</port>
<port id="96" name="block_last_V" dir="0" iftype="0">
<core>NULL</core><StgValue><ssdm name="block_last_V"/></StgValue>
</port>
<port id="97" name="block_id_V" dir="0" iftype="0">
<core>NULL</core><StgValue><ssdm name="block_id_V"/></StgValue>
</port>
<port id="98" name="block_dest_V" dir="0" iftype="0">
<core>NULL</core><StgValue><ssdm name="block_dest_V"/></StgValue>
</port>
<port id="99" name="encrypted_data_V" dir="1" iftype="0">
<core>NULL</core><StgValue><ssdm name="encrypted_data_V"/></StgValue>
</port>
<port id="100" name="encrypted_keep_V" dir="1" iftype="0">
<core>NULL</core><StgValue><ssdm name="encrypted_keep_V"/></StgValue>
</port>
<port id="101" name="encrypted_strb_V" dir="1" iftype="0">
<core>NULL</core><StgValue><ssdm name="encrypted_strb_V"/></StgValue>
</port>
<port id="102" name="encrypted_user_V" dir="1" iftype="0">
<core>NULL</core><StgValue><ssdm name="encrypted_user_V"/></StgValue>
</port>
<port id="103" name="encrypted_last_V" dir="1" iftype="0">
<core>NULL</core><StgValue><ssdm name="encrypted_last_V"/></StgValue>
</port>
<port id="104" name="encrypted_id_V" dir="1" iftype="0">
<core>NULL</core><StgValue><ssdm name="encrypted_id_V"/></StgValue>
</port>
<port id="105" name="encrypted_dest_V" dir="1" iftype="0">
<core>NULL</core><StgValue><ssdm name="encrypted_dest_V"/></StgValue>
</port>
<port id="106" name="key_const_V" dir="0" iftype="0">
<core>NULL</core><StgValue><ssdm name="key_const_V"/></StgValue>
</port>
<port id="107" name="sbox" dir="0" iftype="1">
<core>ROM_nP</core><StgValue><ssdm name="sbox"/><MemPortTyVec>1 1 1 1 </MemPortTyVec>
</StgValue>
</port>
<port id="108" name="mx2" dir="0" iftype="1">
<core>ROM_nP</core><StgValue><ssdm name="mx2"/><MemPortTyVec>1 </MemPortTyVec>
</StgValue>
</port>
<port id="109" name="mx3" dir="0" iftype="1">
<core>ROM_nP</core><StgValue><ssdm name="mx3"/><MemPortTyVec>1 </MemPortTyVec>
</StgValue>
</port>
</ports>


<dataflows>
<dataflow id="111" from="_ssdm_op_Read.s_axilite.i128" to="key_const_V_read" fromId="110" toId="4">
</dataflow>
<dataflow id="112" from="key_const_V" to="key_const_V_read" fromId="106" toId="4">
</dataflow>
<dataflow id="114" from="_ssdm_op_Read.axis.volatile.i128P.i16P.i16P.i1P.i1P.i1P.i1P" to="empty" fromId="113" toId="5">
</dataflow>
<dataflow id="115" from="block_data_V" to="empty" fromId="92" toId="5">
</dataflow>
<dataflow id="116" from="block_keep_V" to="empty" fromId="93" toId="5">
</dataflow>
<dataflow id="117" from="block_strb_V" to="empty" fromId="94" toId="5">
</dataflow>
<dataflow id="118" from="block_user_V" to="empty" fromId="95" toId="5">
</dataflow>
<dataflow id="119" from="block_last_V" to="empty" fromId="96" toId="5">
</dataflow>
<dataflow id="120" from="block_id_V" to="empty" fromId="97" toId="5">
</dataflow>
<dataflow id="121" from="block_dest_V" to="empty" fromId="98" toId="5">
</dataflow>
<dataflow id="122" from="empty" to="block_data_V_tmp" fromId="5" toId="6">
</dataflow>
<dataflow id="123" from="empty" to="block_keep_V_tmp" fromId="5" toId="7">
</dataflow>
<dataflow id="124" from="empty" to="block_strb_V_tmp" fromId="5" toId="8">
</dataflow>
<dataflow id="125" from="empty" to="block_user_V_tmp" fromId="5" toId="9">
</dataflow>
<dataflow id="126" from="empty" to="block_last_V_tmp" fromId="5" toId="10">
</dataflow>
<dataflow id="127" from="empty" to="block_id_V_tmp" fromId="5" toId="11">
</dataflow>
<dataflow id="128" from="empty" to="block_dest_V_tmp" fromId="5" toId="12">
</dataflow>
<dataflow id="129" from="block_data_V_tmp" to="blockarr_15" fromId="6" toId="13">
</dataflow>
<dataflow id="131" from="_ssdm_op_PartSelect.i8.i128.i32.i32" to="blockarr_14" fromId="130" toId="14">
</dataflow>
<dataflow id="132" from="block_data_V_tmp" to="blockarr_14" fromId="6" toId="14">
</dataflow>
<dataflow id="134" from="StgValue_133" to="blockarr_14" fromId="133" toId="14">
</dataflow>
<dataflow id="136" from="StgValue_135" to="blockarr_14" fromId="135" toId="14">
</dataflow>
<dataflow id="137" from="_ssdm_op_PartSelect.i8.i128.i32.i32" to="blockarr_13" fromId="130" toId="15">
</dataflow>
<dataflow id="138" from="block_data_V_tmp" to="blockarr_13" fromId="6" toId="15">
</dataflow>
<dataflow id="140" from="StgValue_139" to="blockarr_13" fromId="139" toId="15">
</dataflow>
<dataflow id="142" from="StgValue_141" to="blockarr_13" fromId="141" toId="15">
</dataflow>
<dataflow id="143" from="_ssdm_op_PartSelect.i8.i128.i32.i32" to="blockarr_12" fromId="130" toId="16">
</dataflow>
<dataflow id="144" from="block_data_V_tmp" to="blockarr_12" fromId="6" toId="16">
</dataflow>
<dataflow id="146" from="StgValue_145" to="blockarr_12" fromId="145" toId="16">
</dataflow>
<dataflow id="148" from="StgValue_147" to="blockarr_12" fromId="147" toId="16">
</dataflow>
<dataflow id="149" from="_ssdm_op_PartSelect.i8.i128.i32.i32" to="blockarr_11" fromId="130" toId="17">
</dataflow>
<dataflow id="150" from="block_data_V_tmp" to="blockarr_11" fromId="6" toId="17">
</dataflow>
<dataflow id="152" from="StgValue_151" to="blockarr_11" fromId="151" toId="17">
</dataflow>
<dataflow id="154" from="StgValue_153" to="blockarr_11" fromId="153" toId="17">
</dataflow>
<dataflow id="155" from="_ssdm_op_PartSelect.i8.i128.i32.i32" to="blockarr_10" fromId="130" toId="18">
</dataflow>
<dataflow id="156" from="block_data_V_tmp" to="blockarr_10" fromId="6" toId="18">
</dataflow>
<dataflow id="158" from="StgValue_157" to="blockarr_10" fromId="157" toId="18">
</dataflow>
<dataflow id="160" from="StgValue_159" to="blockarr_10" fromId="159" toId="18">
</dataflow>
<dataflow id="161" from="_ssdm_op_PartSelect.i8.i128.i32.i32" to="blockarr_9" fromId="130" toId="19">
</dataflow>
<dataflow id="162" from="block_data_V_tmp" to="blockarr_9" fromId="6" toId="19">
</dataflow>
<dataflow id="164" from="StgValue_163" to="blockarr_9" fromId="163" toId="19">
</dataflow>
<dataflow id="166" from="StgValue_165" to="blockarr_9" fromId="165" toId="19">
</dataflow>
<dataflow id="167" from="_ssdm_op_PartSelect.i8.i128.i32.i32" to="blockarr_8" fromId="130" toId="20">
</dataflow>
<dataflow id="168" from="block_data_V_tmp" to="blockarr_8" fromId="6" toId="20">
</dataflow>
<dataflow id="170" from="StgValue_169" to="blockarr_8" fromId="169" toId="20">
</dataflow>
<dataflow id="172" from="StgValue_171" to="blockarr_8" fromId="171" toId="20">
</dataflow>
<dataflow id="173" from="_ssdm_op_PartSelect.i8.i128.i32.i32" to="blockarr_7" fromId="130" toId="21">
</dataflow>
<dataflow id="174" from="block_data_V_tmp" to="blockarr_7" fromId="6" toId="21">
</dataflow>
<dataflow id="176" from="StgValue_175" to="blockarr_7" fromId="175" toId="21">
</dataflow>
<dataflow id="178" from="StgValue_177" to="blockarr_7" fromId="177" toId="21">
</dataflow>
<dataflow id="179" from="_ssdm_op_PartSelect.i8.i128.i32.i32" to="blockarr_6" fromId="130" toId="22">
</dataflow>
<dataflow id="180" from="block_data_V_tmp" to="blockarr_6" fromId="6" toId="22">
</dataflow>
<dataflow id="182" from="StgValue_181" to="blockarr_6" fromId="181" toId="22">
</dataflow>
<dataflow id="184" from="StgValue_183" to="blockarr_6" fromId="183" toId="22">
</dataflow>
<dataflow id="185" from="_ssdm_op_PartSelect.i8.i128.i32.i32" to="blockarr_5" fromId="130" toId="23">
</dataflow>
<dataflow id="186" from="block_data_V_tmp" to="blockarr_5" fromId="6" toId="23">
</dataflow>
<dataflow id="188" from="StgValue_187" to="blockarr_5" fromId="187" toId="23">
</dataflow>
<dataflow id="190" from="StgValue_189" to="blockarr_5" fromId="189" toId="23">
</dataflow>
<dataflow id="191" from="_ssdm_op_PartSelect.i8.i128.i32.i32" to="blockarr_4" fromId="130" toId="24">
</dataflow>
<dataflow id="192" from="block_data_V_tmp" to="blockarr_4" fromId="6" toId="24">
</dataflow>
<dataflow id="194" from="StgValue_193" to="blockarr_4" fromId="193" toId="24">
</dataflow>
<dataflow id="196" from="StgValue_195" to="blockarr_4" fromId="195" toId="24">
</dataflow>
<dataflow id="197" from="_ssdm_op_PartSelect.i8.i128.i32.i32" to="blockarr_3" fromId="130" toId="25">
</dataflow>
<dataflow id="198" from="block_data_V_tmp" to="blockarr_3" fromId="6" toId="25">
</dataflow>
<dataflow id="200" from="StgValue_199" to="blockarr_3" fromId="199" toId="25">
</dataflow>
<dataflow id="202" from="StgValue_201" to="blockarr_3" fromId="201" toId="25">
</dataflow>
<dataflow id="203" from="_ssdm_op_PartSelect.i8.i128.i32.i32" to="blockarr_2" fromId="130" toId="26">
</dataflow>
<dataflow id="204" from="block_data_V_tmp" to="blockarr_2" fromId="6" toId="26">
</dataflow>
<dataflow id="206" from="StgValue_205" to="blockarr_2" fromId="205" toId="26">
</dataflow>
<dataflow id="208" from="StgValue_207" to="blockarr_2" fromId="207" toId="26">
</dataflow>
<dataflow id="209" from="_ssdm_op_PartSelect.i8.i128.i32.i32" to="blockarr_1" fromId="130" toId="27">
</dataflow>
<dataflow id="210" from="block_data_V_tmp" to="blockarr_1" fromId="6" toId="27">
</dataflow>
<dataflow id="212" from="StgValue_211" to="blockarr_1" fromId="211" toId="27">
</dataflow>
<dataflow id="214" from="StgValue_213" to="blockarr_1" fromId="213" toId="27">
</dataflow>
<dataflow id="215" from="_ssdm_op_PartSelect.i8.i128.i32.i32" to="blockarr_0" fromId="130" toId="28">
</dataflow>
<dataflow id="216" from="block_data_V_tmp" to="blockarr_0" fromId="6" toId="28">
</dataflow>
<dataflow id="218" from="StgValue_217" to="blockarr_0" fromId="217" toId="28">
</dataflow>
<dataflow id="220" from="StgValue_219" to="blockarr_0" fromId="219" toId="28">
</dataflow>
<dataflow id="221" from="key_const_V_read" to="keyarr_15" fromId="4" toId="29">
</dataflow>
<dataflow id="222" from="_ssdm_op_PartSelect.i8.i128.i32.i32" to="keyarr_14" fromId="130" toId="30">
</dataflow>
<dataflow id="223" from="key_const_V_read" to="keyarr_14" fromId="4" toId="30">
</dataflow>
<dataflow id="224" from="StgValue_133" to="keyarr_14" fromId="133" toId="30">
</dataflow>
<dataflow id="225" from="StgValue_135" to="keyarr_14" fromId="135" toId="30">
</dataflow>
<dataflow id="226" from="_ssdm_op_PartSelect.i8.i128.i32.i32" to="keyarr_13" fromId="130" toId="31">
</dataflow>
<dataflow id="227" from="key_const_V_read" to="keyarr_13" fromId="4" toId="31">
</dataflow>
<dataflow id="228" from="StgValue_139" to="keyarr_13" fromId="139" toId="31">
</dataflow>
<dataflow id="229" from="StgValue_141" to="keyarr_13" fromId="141" toId="31">
</dataflow>
<dataflow id="230" from="_ssdm_op_PartSelect.i8.i128.i32.i32" to="keyarr_12" fromId="130" toId="32">
</dataflow>
<dataflow id="231" from="key_const_V_read" to="keyarr_12" fromId="4" toId="32">
</dataflow>
<dataflow id="232" from="StgValue_145" to="keyarr_12" fromId="145" toId="32">
</dataflow>
<dataflow id="233" from="StgValue_147" to="keyarr_12" fromId="147" toId="32">
</dataflow>
<dataflow id="234" from="_ssdm_op_PartSelect.i8.i128.i32.i32" to="keyarr_11" fromId="130" toId="33">
</dataflow>
<dataflow id="235" from="key_const_V_read" to="keyarr_11" fromId="4" toId="33">
</dataflow>
<dataflow id="236" from="StgValue_151" to="keyarr_11" fromId="151" toId="33">
</dataflow>
<dataflow id="237" from="StgValue_153" to="keyarr_11" fromId="153" toId="33">
</dataflow>
<dataflow id="238" from="_ssdm_op_PartSelect.i8.i128.i32.i32" to="keyarr_10" fromId="130" toId="34">
</dataflow>
<dataflow id="239" from="key_const_V_read" to="keyarr_10" fromId="4" toId="34">
</dataflow>
<dataflow id="240" from="StgValue_157" to="keyarr_10" fromId="157" toId="34">
</dataflow>
<dataflow id="241" from="StgValue_159" to="keyarr_10" fromId="159" toId="34">
</dataflow>
<dataflow id="242" from="_ssdm_op_PartSelect.i8.i128.i32.i32" to="keyarr_9" fromId="130" toId="35">
</dataflow>
<dataflow id="243" from="key_const_V_read" to="keyarr_9" fromId="4" toId="35">
</dataflow>
<dataflow id="244" from="StgValue_163" to="keyarr_9" fromId="163" toId="35">
</dataflow>
<dataflow id="245" from="StgValue_165" to="keyarr_9" fromId="165" toId="35">
</dataflow>
<dataflow id="246" from="_ssdm_op_PartSelect.i8.i128.i32.i32" to="keyarr_8" fromId="130" toId="36">
</dataflow>
<dataflow id="247" from="key_const_V_read" to="keyarr_8" fromId="4" toId="36">
</dataflow>
<dataflow id="248" from="StgValue_169" to="keyarr_8" fromId="169" toId="36">
</dataflow>
<dataflow id="249" from="StgValue_171" to="keyarr_8" fromId="171" toId="36">
</dataflow>
<dataflow id="250" from="_ssdm_op_PartSelect.i8.i128.i32.i32" to="keyarr_7" fromId="130" toId="37">
</dataflow>
<dataflow id="251" from="key_const_V_read" to="keyarr_7" fromId="4" toId="37">
</dataflow>
<dataflow id="252" from="StgValue_175" to="keyarr_7" fromId="175" toId="37">
</dataflow>
<dataflow id="253" from="StgValue_177" to="keyarr_7" fromId="177" toId="37">
</dataflow>
<dataflow id="254" from="_ssdm_op_PartSelect.i8.i128.i32.i32" to="keyarr_6" fromId="130" toId="38">
</dataflow>
<dataflow id="255" from="key_const_V_read" to="keyarr_6" fromId="4" toId="38">
</dataflow>
<dataflow id="256" from="StgValue_181" to="keyarr_6" fromId="181" toId="38">
</dataflow>
<dataflow id="257" from="StgValue_183" to="keyarr_6" fromId="183" toId="38">
</dataflow>
<dataflow id="258" from="_ssdm_op_PartSelect.i8.i128.i32.i32" to="keyarr_5" fromId="130" toId="39">
</dataflow>
<dataflow id="259" from="key_const_V_read" to="keyarr_5" fromId="4" toId="39">
</dataflow>
<dataflow id="260" from="StgValue_187" to="keyarr_5" fromId="187" toId="39">
</dataflow>
<dataflow id="261" from="StgValue_189" to="keyarr_5" fromId="189" toId="39">
</dataflow>
<dataflow id="262" from="_ssdm_op_PartSelect.i8.i128.i32.i32" to="keyarr_4" fromId="130" toId="40">
</dataflow>
<dataflow id="263" from="key_const_V_read" to="keyarr_4" fromId="4" toId="40">
</dataflow>
<dataflow id="264" from="StgValue_193" to="keyarr_4" fromId="193" toId="40">
</dataflow>
<dataflow id="265" from="StgValue_195" to="keyarr_4" fromId="195" toId="40">
</dataflow>
<dataflow id="266" from="_ssdm_op_PartSelect.i8.i128.i32.i32" to="keyarr_3" fromId="130" toId="41">
</dataflow>
<dataflow id="267" from="key_const_V_read" to="keyarr_3" fromId="4" toId="41">
</dataflow>
<dataflow id="268" from="StgValue_199" to="keyarr_3" fromId="199" toId="41">
</dataflow>
<dataflow id="269" from="StgValue_201" to="keyarr_3" fromId="201" toId="41">
</dataflow>
<dataflow id="270" from="_ssdm_op_PartSelect.i8.i128.i32.i32" to="keyarr_2" fromId="130" toId="42">
</dataflow>
<dataflow id="271" from="key_const_V_read" to="keyarr_2" fromId="4" toId="42">
</dataflow>
<dataflow id="272" from="StgValue_205" to="keyarr_2" fromId="205" toId="42">
</dataflow>
<dataflow id="273" from="StgValue_207" to="keyarr_2" fromId="207" toId="42">
</dataflow>
<dataflow id="274" from="_ssdm_op_PartSelect.i8.i128.i32.i32" to="keyarr_1" fromId="130" toId="43">
</dataflow>
<dataflow id="275" from="key_const_V_read" to="keyarr_1" fromId="4" toId="43">
</dataflow>
<dataflow id="276" from="StgValue_211" to="keyarr_1" fromId="211" toId="43">
</dataflow>
<dataflow id="277" from="StgValue_213" to="keyarr_1" fromId="213" toId="43">
</dataflow>
<dataflow id="278" from="_ssdm_op_PartSelect.i8.i128.i32.i32" to="keyarr_0" fromId="130" toId="44">
</dataflow>
<dataflow id="279" from="key_const_V_read" to="keyarr_0" fromId="4" toId="44">
</dataflow>
<dataflow id="280" from="StgValue_217" to="keyarr_0" fromId="217" toId="44">
</dataflow>
<dataflow id="281" from="StgValue_219" to="keyarr_0" fromId="219" toId="44">
</dataflow>
<dataflow id="283" from="aes_encrypt" to="call_ret" fromId="282" toId="45">
</dataflow>
<dataflow id="284" from="blockarr_0" to="call_ret" fromId="28" toId="45">
</dataflow>
<dataflow id="285" from="blockarr_1" to="call_ret" fromId="27" toId="45">
</dataflow>
<dataflow id="286" from="blockarr_2" to="call_ret" fromId="26" toId="45">
</dataflow>
<dataflow id="287" from="blockarr_3" to="call_ret" fromId="25" toId="45">
</dataflow>
<dataflow id="288" from="blockarr_4" to="call_ret" fromId="24" toId="45">
</dataflow>
<dataflow id="289" from="blockarr_5" to="call_ret" fromId="23" toId="45">
</dataflow>
<dataflow id="290" from="blockarr_6" to="call_ret" fromId="22" toId="45">
</dataflow>
<dataflow id="291" from="blockarr_7" to="call_ret" fromId="21" toId="45">
</dataflow>
<dataflow id="292" from="blockarr_8" to="call_ret" fromId="20" toId="45">
</dataflow>
<dataflow id="293" from="blockarr_9" to="call_ret" fromId="19" toId="45">
</dataflow>
<dataflow id="294" from="blockarr_10" to="call_ret" fromId="18" toId="45">
</dataflow>
<dataflow id="295" from="blockarr_11" to="call_ret" fromId="17" toId="45">
</dataflow>
<dataflow id="296" from="blockarr_12" to="call_ret" fromId="16" toId="45">
</dataflow>
<dataflow id="297" from="blockarr_13" to="call_ret" fromId="15" toId="45">
</dataflow>
<dataflow id="298" from="blockarr_14" to="call_ret" fromId="14" toId="45">
</dataflow>
<dataflow id="299" from="blockarr_15" to="call_ret" fromId="13" toId="45">
</dataflow>
<dataflow id="300" from="keyarr_0" to="call_ret" fromId="44" toId="45">
</dataflow>
<dataflow id="301" from="keyarr_1" to="call_ret" fromId="43" toId="45">
</dataflow>
<dataflow id="302" from="keyarr_2" to="call_ret" fromId="42" toId="45">
</dataflow>
<dataflow id="303" from="keyarr_3" to="call_ret" fromId="41" toId="45">
</dataflow>
<dataflow id="304" from="keyarr_4" to="call_ret" fromId="40" toId="45">
</dataflow>
<dataflow id="305" from="keyarr_5" to="call_ret" fromId="39" toId="45">
</dataflow>
<dataflow id="306" from="keyarr_6" to="call_ret" fromId="38" toId="45">
</dataflow>
<dataflow id="307" from="keyarr_7" to="call_ret" fromId="37" toId="45">
</dataflow>
<dataflow id="308" from="keyarr_8" to="call_ret" fromId="36" toId="45">
</dataflow>
<dataflow id="309" from="keyarr_9" to="call_ret" fromId="35" toId="45">
</dataflow>
<dataflow id="310" from="keyarr_10" to="call_ret" fromId="34" toId="45">
</dataflow>
<dataflow id="311" from="keyarr_11" to="call_ret" fromId="33" toId="45">
</dataflow>
<dataflow id="312" from="keyarr_12" to="call_ret" fromId="32" toId="45">
</dataflow>
<dataflow id="313" from="keyarr_13" to="call_ret" fromId="31" toId="45">
</dataflow>
<dataflow id="314" from="keyarr_14" to="call_ret" fromId="30" toId="45">
</dataflow>
<dataflow id="315" from="keyarr_15" to="call_ret" fromId="29" toId="45">
</dataflow>
<dataflow id="316" from="sbox" to="call_ret" fromId="107" toId="45">
</dataflow>
<dataflow id="317" from="mx2" to="call_ret" fromId="108" toId="45">
</dataflow>
<dataflow id="318" from="mx3" to="call_ret" fromId="109" toId="45">
</dataflow>
<dataflow id="319" from="aes_encrypt" to="call_ret" fromId="282" toId="46">
</dataflow>
<dataflow id="320" from="blockarr_0" to="call_ret" fromId="28" toId="46">
</dataflow>
<dataflow id="321" from="blockarr_1" to="call_ret" fromId="27" toId="46">
</dataflow>
<dataflow id="322" from="blockarr_2" to="call_ret" fromId="26" toId="46">
</dataflow>
<dataflow id="323" from="blockarr_3" to="call_ret" fromId="25" toId="46">
</dataflow>
<dataflow id="324" from="blockarr_4" to="call_ret" fromId="24" toId="46">
</dataflow>
<dataflow id="325" from="blockarr_5" to="call_ret" fromId="23" toId="46">
</dataflow>
<dataflow id="326" from="blockarr_6" to="call_ret" fromId="22" toId="46">
</dataflow>
<dataflow id="327" from="blockarr_7" to="call_ret" fromId="21" toId="46">
</dataflow>
<dataflow id="328" from="blockarr_8" to="call_ret" fromId="20" toId="46">
</dataflow>
<dataflow id="329" from="blockarr_9" to="call_ret" fromId="19" toId="46">
</dataflow>
<dataflow id="330" from="blockarr_10" to="call_ret" fromId="18" toId="46">
</dataflow>
<dataflow id="331" from="blockarr_11" to="call_ret" fromId="17" toId="46">
</dataflow>
<dataflow id="332" from="blockarr_12" to="call_ret" fromId="16" toId="46">
</dataflow>
<dataflow id="333" from="blockarr_13" to="call_ret" fromId="15" toId="46">
</dataflow>
<dataflow id="334" from="blockarr_14" to="call_ret" fromId="14" toId="46">
</dataflow>
<dataflow id="335" from="blockarr_15" to="call_ret" fromId="13" toId="46">
</dataflow>
<dataflow id="336" from="keyarr_0" to="call_ret" fromId="44" toId="46">
</dataflow>
<dataflow id="337" from="keyarr_1" to="call_ret" fromId="43" toId="46">
</dataflow>
<dataflow id="338" from="keyarr_2" to="call_ret" fromId="42" toId="46">
</dataflow>
<dataflow id="339" from="keyarr_3" to="call_ret" fromId="41" toId="46">
</dataflow>
<dataflow id="340" from="keyarr_4" to="call_ret" fromId="40" toId="46">
</dataflow>
<dataflow id="341" from="keyarr_5" to="call_ret" fromId="39" toId="46">
</dataflow>
<dataflow id="342" from="keyarr_6" to="call_ret" fromId="38" toId="46">
</dataflow>
<dataflow id="343" from="keyarr_7" to="call_ret" fromId="37" toId="46">
</dataflow>
<dataflow id="344" from="keyarr_8" to="call_ret" fromId="36" toId="46">
</dataflow>
<dataflow id="345" from="keyarr_9" to="call_ret" fromId="35" toId="46">
</dataflow>
<dataflow id="346" from="keyarr_10" to="call_ret" fromId="34" toId="46">
</dataflow>
<dataflow id="347" from="keyarr_11" to="call_ret" fromId="33" toId="46">
</dataflow>
<dataflow id="348" from="keyarr_12" to="call_ret" fromId="32" toId="46">
</dataflow>
<dataflow id="349" from="keyarr_13" to="call_ret" fromId="31" toId="46">
</dataflow>
<dataflow id="350" from="keyarr_14" to="call_ret" fromId="30" toId="46">
</dataflow>
<dataflow id="351" from="keyarr_15" to="call_ret" fromId="29" toId="46">
</dataflow>
<dataflow id="352" from="sbox" to="call_ret" fromId="107" toId="46">
</dataflow>
<dataflow id="353" from="mx2" to="call_ret" fromId="108" toId="46">
</dataflow>
<dataflow id="354" from="mx3" to="call_ret" fromId="109" toId="46">
</dataflow>
<dataflow id="355" from="call_ret" to="ansarr_0" fromId="46" toId="47">
</dataflow>
<dataflow id="356" from="call_ret" to="ansarr_1" fromId="46" toId="48">
</dataflow>
<dataflow id="357" from="call_ret" to="ansarr_2" fromId="46" toId="49">
</dataflow>
<dataflow id="358" from="call_ret" to="ansarr_3" fromId="46" toId="50">
</dataflow>
<dataflow id="359" from="call_ret" to="ansarr_4" fromId="46" toId="51">
</dataflow>
<dataflow id="360" from="call_ret" to="ansarr_5" fromId="46" toId="52">
</dataflow>
<dataflow id="361" from="call_ret" to="ansarr_6" fromId="46" toId="53">
</dataflow>
<dataflow id="362" from="call_ret" to="ansarr_7" fromId="46" toId="54">
</dataflow>
<dataflow id="363" from="call_ret" to="ansarr_8" fromId="46" toId="55">
</dataflow>
<dataflow id="364" from="call_ret" to="ansarr_9" fromId="46" toId="56">
</dataflow>
<dataflow id="365" from="call_ret" to="ansarr_10" fromId="46" toId="57">
</dataflow>
<dataflow id="366" from="call_ret" to="ansarr_11" fromId="46" toId="58">
</dataflow>
<dataflow id="367" from="call_ret" to="ansarr_12" fromId="46" toId="59">
</dataflow>
<dataflow id="368" from="call_ret" to="ansarr_13" fromId="46" toId="60">
</dataflow>
<dataflow id="369" from="call_ret" to="ansarr_14" fromId="46" toId="61">
</dataflow>
<dataflow id="370" from="call_ret" to="ansarr_15" fromId="46" toId="62">
</dataflow>
<dataflow id="372" from="_ssdm_op_BitConcatenate.i128.i8.i8.i8.i8.i8.i8.i8.i8.i8.i8.i48" to="tmp" fromId="371" toId="63">
</dataflow>
<dataflow id="373" from="ansarr_0" to="tmp" fromId="47" toId="63">
</dataflow>
<dataflow id="374" from="ansarr_1" to="tmp" fromId="48" toId="63">
</dataflow>
<dataflow id="375" from="ansarr_2" to="tmp" fromId="49" toId="63">
</dataflow>
<dataflow id="376" from="ansarr_3" to="tmp" fromId="50" toId="63">
</dataflow>
<dataflow id="377" from="ansarr_4" to="tmp" fromId="51" toId="63">
</dataflow>
<dataflow id="378" from="ansarr_5" to="tmp" fromId="52" toId="63">
</dataflow>
<dataflow id="379" from="ansarr_6" to="tmp" fromId="53" toId="63">
</dataflow>
<dataflow id="380" from="ansarr_7" to="tmp" fromId="54" toId="63">
</dataflow>
<dataflow id="381" from="ansarr_8" to="tmp" fromId="55" toId="63">
</dataflow>
<dataflow id="382" from="ansarr_9" to="tmp" fromId="56" toId="63">
</dataflow>
<dataflow id="384" from="StgValue_383" to="tmp" fromId="383" toId="63">
</dataflow>
<dataflow id="386" from="_ssdm_op_BitConcatenate.i48.i8.i8.i8.i8.i8.i8" to="tmp1" fromId="385" toId="64">
</dataflow>
<dataflow id="387" from="ansarr_10" to="tmp1" fromId="57" toId="64">
</dataflow>
<dataflow id="388" from="ansarr_11" to="tmp1" fromId="58" toId="64">
</dataflow>
<dataflow id="389" from="ansarr_12" to="tmp1" fromId="59" toId="64">
</dataflow>
<dataflow id="390" from="ansarr_13" to="tmp1" fromId="60" toId="64">
</dataflow>
<dataflow id="391" from="ansarr_14" to="tmp1" fromId="61" toId="64">
</dataflow>
<dataflow id="392" from="ansarr_15" to="tmp1" fromId="62" toId="64">
</dataflow>
<dataflow id="393" from="tmp1" to="zext_ln719" fromId="64" toId="65">
</dataflow>
<dataflow id="394" from="zext_ln719" to="ansEncrypt_V" fromId="65" toId="66">
</dataflow>
<dataflow id="395" from="tmp" to="ansEncrypt_V" fromId="63" toId="66">
</dataflow>
<dataflow id="397" from="_ssdm_op_Write.axis.volatile.i128P.i16P.i16P.i1P.i1P.i1P.i1P" to="write_ln87" fromId="396" toId="67">
</dataflow>
<dataflow id="398" from="encrypted_data_V" to="write_ln87" fromId="99" toId="67">
</dataflow>
<dataflow id="399" from="encrypted_keep_V" to="write_ln87" fromId="100" toId="67">
</dataflow>
<dataflow id="400" from="encrypted_strb_V" to="write_ln87" fromId="101" toId="67">
</dataflow>
<dataflow id="401" from="encrypted_user_V" to="write_ln87" fromId="102" toId="67">
</dataflow>
<dataflow id="402" from="encrypted_last_V" to="write_ln87" fromId="103" toId="67">
</dataflow>
<dataflow id="403" from="encrypted_id_V" to="write_ln87" fromId="104" toId="67">
</dataflow>
<dataflow id="404" from="encrypted_dest_V" to="write_ln87" fromId="105" toId="67">
</dataflow>
<dataflow id="405" from="ansEncrypt_V" to="write_ln87" fromId="66" toId="67">
</dataflow>
<dataflow id="406" from="block_keep_V_tmp" to="write_ln87" fromId="7" toId="67">
</dataflow>
<dataflow id="407" from="block_strb_V_tmp" to="write_ln87" fromId="8" toId="67">
</dataflow>
<dataflow id="408" from="block_user_V_tmp" to="write_ln87" fromId="9" toId="67">
</dataflow>
<dataflow id="409" from="block_last_V_tmp" to="write_ln87" fromId="10" toId="67">
</dataflow>
<dataflow id="410" from="block_id_V_tmp" to="write_ln87" fromId="11" toId="67">
</dataflow>
<dataflow id="411" from="block_dest_V_tmp" to="write_ln87" fromId="12" toId="67">
</dataflow>
<dataflow id="413" from="_ssdm_op_SpecBitsMap" to="specbitsmap_ln0" fromId="412" toId="68">
</dataflow>
<dataflow id="414" from="block_data_V" to="specbitsmap_ln0" fromId="92" toId="68">
</dataflow>
<dataflow id="415" from="_ssdm_op_SpecBitsMap" to="specbitsmap_ln0" fromId="412" toId="69">
</dataflow>
<dataflow id="416" from="block_keep_V" to="specbitsmap_ln0" fromId="93" toId="69">
</dataflow>
<dataflow id="417" from="_ssdm_op_SpecBitsMap" to="specbitsmap_ln0" fromId="412" toId="70">
</dataflow>
<dataflow id="418" from="block_strb_V" to="specbitsmap_ln0" fromId="94" toId="70">
</dataflow>
<dataflow id="419" from="_ssdm_op_SpecBitsMap" to="specbitsmap_ln0" fromId="412" toId="71">
</dataflow>
<dataflow id="420" from="block_user_V" to="specbitsmap_ln0" fromId="95" toId="71">
</dataflow>
<dataflow id="421" from="_ssdm_op_SpecBitsMap" to="specbitsmap_ln0" fromId="412" toId="72">
</dataflow>
<dataflow id="422" from="block_last_V" to="specbitsmap_ln0" fromId="96" toId="72">
</dataflow>
<dataflow id="423" from="_ssdm_op_SpecBitsMap" to="specbitsmap_ln0" fromId="412" toId="73">
</dataflow>
<dataflow id="424" from="block_id_V" to="specbitsmap_ln0" fromId="97" toId="73">
</dataflow>
<dataflow id="425" from="_ssdm_op_SpecBitsMap" to="specbitsmap_ln0" fromId="412" toId="74">
</dataflow>
<dataflow id="426" from="block_dest_V" to="specbitsmap_ln0" fromId="98" toId="74">
</dataflow>
<dataflow id="427" from="_ssdm_op_SpecBitsMap" to="specbitsmap_ln0" fromId="412" toId="75">
</dataflow>
<dataflow id="428" from="encrypted_data_V" to="specbitsmap_ln0" fromId="99" toId="75">
</dataflow>
<dataflow id="429" from="_ssdm_op_SpecBitsMap" to="specbitsmap_ln0" fromId="412" toId="76">
</dataflow>
<dataflow id="430" from="encrypted_keep_V" to="specbitsmap_ln0" fromId="100" toId="76">
</dataflow>
<dataflow id="431" from="_ssdm_op_SpecBitsMap" to="specbitsmap_ln0" fromId="412" toId="77">
</dataflow>
<dataflow id="432" from="encrypted_strb_V" to="specbitsmap_ln0" fromId="101" toId="77">
</dataflow>
<dataflow id="433" from="_ssdm_op_SpecBitsMap" to="specbitsmap_ln0" fromId="412" toId="78">
</dataflow>
<dataflow id="434" from="encrypted_user_V" to="specbitsmap_ln0" fromId="102" toId="78">
</dataflow>
<dataflow id="435" from="_ssdm_op_SpecBitsMap" to="specbitsmap_ln0" fromId="412" toId="79">
</dataflow>
<dataflow id="436" from="encrypted_last_V" to="specbitsmap_ln0" fromId="103" toId="79">
</dataflow>
<dataflow id="437" from="_ssdm_op_SpecBitsMap" to="specbitsmap_ln0" fromId="412" toId="80">
</dataflow>
<dataflow id="438" from="encrypted_id_V" to="specbitsmap_ln0" fromId="104" toId="80">
</dataflow>
<dataflow id="439" from="_ssdm_op_SpecBitsMap" to="specbitsmap_ln0" fromId="412" toId="81">
</dataflow>
<dataflow id="440" from="encrypted_dest_V" to="specbitsmap_ln0" fromId="105" toId="81">
</dataflow>
<dataflow id="441" from="_ssdm_op_SpecBitsMap" to="specbitsmap_ln0" fromId="412" toId="82">
</dataflow>
<dataflow id="442" from="key_const_V" to="specbitsmap_ln0" fromId="106" toId="82">
</dataflow>
<dataflow id="444" from="_ssdm_op_SpecTopModule" to="spectopmodule_ln0" fromId="443" toId="83">
</dataflow>
<dataflow id="446" from="aes_encrypt_impl_str" to="spectopmodule_ln0" fromId="445" toId="83">
</dataflow>
<dataflow id="448" from="_ssdm_op_SpecInterface" to="specinterface_ln88" fromId="447" toId="84">
</dataflow>
<dataflow id="449" from="encrypted_data_V" to="specinterface_ln88" fromId="99" toId="84">
</dataflow>
<dataflow id="450" from="encrypted_keep_V" to="specinterface_ln88" fromId="100" toId="84">
</dataflow>
<dataflow id="451" from="encrypted_strb_V" to="specinterface_ln88" fromId="101" toId="84">
</dataflow>
<dataflow id="452" from="encrypted_user_V" to="specinterface_ln88" fromId="102" toId="84">
</dataflow>
<dataflow id="453" from="encrypted_last_V" to="specinterface_ln88" fromId="103" toId="84">
</dataflow>
<dataflow id="454" from="encrypted_id_V" to="specinterface_ln88" fromId="104" toId="84">
</dataflow>
<dataflow id="455" from="encrypted_dest_V" to="specinterface_ln88" fromId="105" toId="84">
</dataflow>
<dataflow id="457" from="p_str6" to="specinterface_ln88" fromId="456" toId="84">
</dataflow>
<dataflow id="459" from="StgValue_458" to="specinterface_ln88" fromId="458" toId="84">
</dataflow>
<dataflow id="460" from="StgValue_458" to="specinterface_ln88" fromId="458" toId="84">
</dataflow>
<dataflow id="462" from="p_str7" to="specinterface_ln88" fromId="461" toId="84">
</dataflow>
<dataflow id="464" from="StgValue_463" to="specinterface_ln88" fromId="463" toId="84">
</dataflow>
<dataflow id="465" from="StgValue_463" to="specinterface_ln88" fromId="463" toId="84">
</dataflow>
<dataflow id="467" from="p_str16" to="specinterface_ln88" fromId="466" toId="84">
</dataflow>
<dataflow id="468" from="p_str16" to="specinterface_ln88" fromId="466" toId="84">
</dataflow>
<dataflow id="469" from="p_str16" to="specinterface_ln88" fromId="466" toId="84">
</dataflow>
<dataflow id="470" from="StgValue_463" to="specinterface_ln88" fromId="463" toId="84">
</dataflow>
<dataflow id="471" from="StgValue_463" to="specinterface_ln88" fromId="463" toId="84">
</dataflow>
<dataflow id="472" from="StgValue_463" to="specinterface_ln88" fromId="463" toId="84">
</dataflow>
<dataflow id="473" from="StgValue_463" to="specinterface_ln88" fromId="463" toId="84">
</dataflow>
<dataflow id="474" from="p_str16" to="specinterface_ln88" fromId="466" toId="84">
</dataflow>
<dataflow id="475" from="p_str16" to="specinterface_ln88" fromId="466" toId="84">
</dataflow>
<dataflow id="476" from="_ssdm_op_SpecInterface" to="specinterface_ln89" fromId="447" toId="85">
</dataflow>
<dataflow id="477" from="block_data_V" to="specinterface_ln89" fromId="92" toId="85">
</dataflow>
<dataflow id="478" from="block_keep_V" to="specinterface_ln89" fromId="93" toId="85">
</dataflow>
<dataflow id="479" from="block_strb_V" to="specinterface_ln89" fromId="94" toId="85">
</dataflow>
<dataflow id="480" from="block_user_V" to="specinterface_ln89" fromId="95" toId="85">
</dataflow>
<dataflow id="481" from="block_last_V" to="specinterface_ln89" fromId="96" toId="85">
</dataflow>
<dataflow id="482" from="block_id_V" to="specinterface_ln89" fromId="97" toId="85">
</dataflow>
<dataflow id="483" from="block_dest_V" to="specinterface_ln89" fromId="98" toId="85">
</dataflow>
<dataflow id="484" from="p_str6" to="specinterface_ln89" fromId="456" toId="85">
</dataflow>
<dataflow id="485" from="StgValue_458" to="specinterface_ln89" fromId="458" toId="85">
</dataflow>
<dataflow id="486" from="StgValue_458" to="specinterface_ln89" fromId="458" toId="85">
</dataflow>
<dataflow id="487" from="p_str7" to="specinterface_ln89" fromId="461" toId="85">
</dataflow>
<dataflow id="488" from="StgValue_463" to="specinterface_ln89" fromId="463" toId="85">
</dataflow>
<dataflow id="489" from="StgValue_463" to="specinterface_ln89" fromId="463" toId="85">
</dataflow>
<dataflow id="490" from="p_str16" to="specinterface_ln89" fromId="466" toId="85">
</dataflow>
<dataflow id="491" from="p_str16" to="specinterface_ln89" fromId="466" toId="85">
</dataflow>
<dataflow id="492" from="p_str16" to="specinterface_ln89" fromId="466" toId="85">
</dataflow>
<dataflow id="493" from="StgValue_463" to="specinterface_ln89" fromId="463" toId="85">
</dataflow>
<dataflow id="494" from="StgValue_463" to="specinterface_ln89" fromId="463" toId="85">
</dataflow>
<dataflow id="495" from="StgValue_463" to="specinterface_ln89" fromId="463" toId="85">
</dataflow>
<dataflow id="496" from="StgValue_463" to="specinterface_ln89" fromId="463" toId="85">
</dataflow>
<dataflow id="497" from="p_str16" to="specinterface_ln89" fromId="466" toId="85">
</dataflow>
<dataflow id="498" from="p_str16" to="specinterface_ln89" fromId="466" toId="85">
</dataflow>
<dataflow id="499" from="_ssdm_op_SpecInterface" to="specinterface_ln90" fromId="447" toId="86">
</dataflow>
<dataflow id="500" from="key_const_V" to="specinterface_ln90" fromId="106" toId="86">
</dataflow>
<dataflow id="502" from="p_str8" to="specinterface_ln90" fromId="501" toId="86">
</dataflow>
<dataflow id="503" from="StgValue_463" to="specinterface_ln90" fromId="463" toId="86">
</dataflow>
<dataflow id="504" from="StgValue_463" to="specinterface_ln90" fromId="463" toId="86">
</dataflow>
<dataflow id="505" from="p_str16" to="specinterface_ln90" fromId="466" toId="86">
</dataflow>
<dataflow id="506" from="StgValue_463" to="specinterface_ln90" fromId="463" toId="86">
</dataflow>
<dataflow id="507" from="StgValue_463" to="specinterface_ln90" fromId="463" toId="86">
</dataflow>
<dataflow id="508" from="p_str16" to="specinterface_ln90" fromId="466" toId="86">
</dataflow>
<dataflow id="509" from="p_str16" to="specinterface_ln90" fromId="466" toId="86">
</dataflow>
<dataflow id="510" from="p_str16" to="specinterface_ln90" fromId="466" toId="86">
</dataflow>
<dataflow id="511" from="StgValue_463" to="specinterface_ln90" fromId="463" toId="86">
</dataflow>
<dataflow id="512" from="StgValue_463" to="specinterface_ln90" fromId="463" toId="86">
</dataflow>
<dataflow id="513" from="StgValue_463" to="specinterface_ln90" fromId="463" toId="86">
</dataflow>
<dataflow id="514" from="StgValue_463" to="specinterface_ln90" fromId="463" toId="86">
</dataflow>
<dataflow id="515" from="p_str16" to="specinterface_ln90" fromId="466" toId="86">
</dataflow>
<dataflow id="516" from="p_str16" to="specinterface_ln90" fromId="466" toId="86">
</dataflow>
<dataflow id="517" from="_ssdm_op_SpecInterface" to="specinterface_ln91" fromId="447" toId="87">
</dataflow>
<dataflow id="518" from="StgValue_463" to="specinterface_ln91" fromId="463" toId="87">
</dataflow>
<dataflow id="520" from="p_str9" to="specinterface_ln91" fromId="519" toId="87">
</dataflow>
<dataflow id="521" from="StgValue_463" to="specinterface_ln91" fromId="463" toId="87">
</dataflow>
<dataflow id="522" from="StgValue_463" to="specinterface_ln91" fromId="463" toId="87">
</dataflow>
<dataflow id="523" from="p_str16" to="specinterface_ln91" fromId="466" toId="87">
</dataflow>
<dataflow id="524" from="StgValue_463" to="specinterface_ln91" fromId="463" toId="87">
</dataflow>
<dataflow id="525" from="StgValue_463" to="specinterface_ln91" fromId="463" toId="87">
</dataflow>
<dataflow id="526" from="p_str16" to="specinterface_ln91" fromId="466" toId="87">
</dataflow>
<dataflow id="527" from="p_str16" to="specinterface_ln91" fromId="466" toId="87">
</dataflow>
<dataflow id="528" from="p_str16" to="specinterface_ln91" fromId="466" toId="87">
</dataflow>
<dataflow id="529" from="StgValue_463" to="specinterface_ln91" fromId="463" toId="87">
</dataflow>
<dataflow id="530" from="StgValue_463" to="specinterface_ln91" fromId="463" toId="87">
</dataflow>
<dataflow id="531" from="StgValue_463" to="specinterface_ln91" fromId="463" toId="87">
</dataflow>
<dataflow id="532" from="StgValue_463" to="specinterface_ln91" fromId="463" toId="87">
</dataflow>
<dataflow id="533" from="p_str16" to="specinterface_ln91" fromId="466" toId="87">
</dataflow>
<dataflow id="534" from="p_str16" to="specinterface_ln91" fromId="466" toId="87">
</dataflow>
<dataflow id="535" from="_ssdm_op_Write.axis.volatile.i128P.i16P.i16P.i1P.i1P.i1P.i1P" to="write_ln87" fromId="396" toId="88">
</dataflow>
<dataflow id="536" from="encrypted_data_V" to="write_ln87" fromId="99" toId="88">
</dataflow>
<dataflow id="537" from="encrypted_keep_V" to="write_ln87" fromId="100" toId="88">
</dataflow>
<dataflow id="538" from="encrypted_strb_V" to="write_ln87" fromId="101" toId="88">
</dataflow>
<dataflow id="539" from="encrypted_user_V" to="write_ln87" fromId="102" toId="88">
</dataflow>
<dataflow id="540" from="encrypted_last_V" to="write_ln87" fromId="103" toId="88">
</dataflow>
<dataflow id="541" from="encrypted_id_V" to="write_ln87" fromId="104" toId="88">
</dataflow>
<dataflow id="542" from="encrypted_dest_V" to="write_ln87" fromId="105" toId="88">
</dataflow>
<dataflow id="543" from="ansEncrypt_V" to="write_ln87" fromId="66" toId="88">
</dataflow>
<dataflow id="544" from="block_keep_V_tmp" to="write_ln87" fromId="7" toId="88">
</dataflow>
<dataflow id="545" from="block_strb_V_tmp" to="write_ln87" fromId="8" toId="88">
</dataflow>
<dataflow id="546" from="block_user_V_tmp" to="write_ln87" fromId="9" toId="88">
</dataflow>
<dataflow id="547" from="block_last_V_tmp" to="write_ln87" fromId="10" toId="88">
</dataflow>
<dataflow id="548" from="block_id_V_tmp" to="write_ln87" fromId="11" toId="88">
</dataflow>
<dataflow id="549" from="block_dest_V_tmp" to="write_ln87" fromId="12" toId="88">
</dataflow>
</dataflows>


</stg>
