<profile>

<section name = "Vivado HLS Report for 'aes_encrypt_impl'" level="0">
<item name = "Date">Wed Apr 13 14:23:24 2022
</item>
<item name = "Version">2020.1 (Build 2897737 on Wed May 27 20:21:37 MDT 2020)</item>
<item name = "Project">aes_hw_impl_hls</item>
<item name = "Solution">solution11</item>
<item name = "Product family">zynq</item>
<item name = "Target device">xc7z020-clg400-1</item>
</section>

<section name = "Performance Estimates" level="0">
<item name = "Timing">
<section name = "" level="1">
<item name = "Summary"><table name="" hasTotal="0">
<keys size="4">Clock, Target, Estimated, Uncertainty</keys>
<column name="ap_clk">10.00 ns, 9.345 ns, 1.25 ns</column>
</table>
</item>
</section>
</item>
<item name = "Latency">
<section name = "" level="1">
<item name = "Summary"><table name="" hasTotal="0">
<keys size="8">, min, max, min, max, min, max, Type</keys>
<column name="">771, 771, 7.710 us, 7.710 us, 771, 771, none</column>
</table>
</item>
<item name = "Detail">
<section name = "" level="1">
<item name = "Instance"><table name="" hasTotal="0">
<keys size="9">Instance, Module, min, max, min, max, min, max, Type</keys>
<column name="grp_aes_encrypt_fu_183">aes_encrypt, 769, 769, 7.690 us, 7.690 us, 769, 769, none</column>
</table>
</item>
<item name = "Loop"><table name="" hasTotal="0">
<keys size="8">Loop Name, min, max, Latency, achieved, target, Count, Pipelined</keys>
</table>
</item>
</section>
</item>
</section>
</item>
</section>
</profile>
