{"sourceFile": [{
      "name": "",
      "directive": [
        {
          "functionName": "aes_encrypt",
          "label": "aes_encrypt_label0",
          "functionLabel": "",
          "pragma": {"name": "UNROLL"}
        },
        {
          "functionName": "arrToBigInt",
          "label": "arr_to_int_loop",
          "functionLabel": "",
          "pragma": {"name": "UNROLL"}
        },
        {
          "functionName": "bigIntToArr",
          "label": "int_to_arr_loop",
          "functionLabel": "",
          "pragma": {"name": "UNROLL"}
        },
        {
          "functionName": "aes_encrypt",
          "label": "aes_input_loop",
          "functionLabel": "",
          "pragma": {"name": "UNROLL"}
        },
        {
          "functionName": "aes_encrypt",
          "label": "aes_output_loop",
          "functionLabel": "",
          "pragma": {"name": "UNROLL"}
        },
        {
          "functionName": "keyExpand",
          "label": "key_expand_work_loop",
          "functionLabel": "",
          "pragma": {"name": "UNROLL"}
        },
        {
          "functionName": "keyExpand",
          "label": "key_expand_loop",
          "functionLabel": "",
          "pragma": {"name": "UNROLL"}
        },
        {
          "functionName": "addRoundKey",
          "label": "round_key_loop",
          "functionLabel": "",
          "pragma": {"name": "UNROLL"}
        },
        {
          "functionName": "forwardSubst1",
          "label": "forward_subst_loop",
          "functionLabel": "",
          "pragma": {"name": "UNROLL"}
        },
        {
          "functionName": "mixColViaLUT",
          "label": "mix_col_lut_loop",
          "functionLabel": "",
          "pragma": {"name": "UNROLL"}
        },
        {
          "functionName": "mixColumnsInBlock",
          "label": "mix_col_block_loop",
          "functionLabel": "",
          "pragma": {"name": "UNROLL"}
        },
        {
          "functionName": "aes_encrypt",
          "label": "aes_round_loop",
          "functionLabel": "",
          "pragma": {"name": "PIPELINE"}
        }
      ]
    }]}
