<stg><name>deconWord</name>


<trans_list>
</trans_list>



<state_list>

<state id="1" st_id="1">

<operation id="2" st_id="1" stage="1" lat="1">
<core>NULL</core>
<MemPortIdVec></MemPortIdVec>
<condition id="-1">
<or_exp><and_exp></and_exp></or_exp>
</condition>

<Node id="2" bw="32" op_0_bw="32" op_1_bw="32">
<![CDATA[
:0  %w_read = call i32 @_ssdm_op_Read.ap_auto.i32(i32 %w) nounwind

]]></Node>
<StgValue><ssdm name="w_read"/></StgValue>
</operation>

<operation id="3" st_id="1" stage="1" lat="1">
<core>NULL</core>
<MemPortIdVec></MemPortIdVec>
<condition id="-1">
<or_exp><and_exp></and_exp></or_exp>
</condition>

<Node id="3" bw="8" op_0_bw="8" op_1_bw="32" op_2_bw="32" op_3_bw="32">
<![CDATA[
:1  %a_write_assign = call i8 @_ssdm_op_PartSelect.i8.i32.i32.i32(i32 %w_read, i32 24, i32 31)

]]></Node>
<StgValue><ssdm name="a_write_assign"/></StgValue>
</operation>

<operation id="4" st_id="1" stage="1" lat="1">
<core>NULL</core>
<MemPortIdVec></MemPortIdVec>
<condition id="-1">
<or_exp><and_exp></and_exp></or_exp>
</condition>

<Node id="4" bw="8" op_0_bw="8" op_1_bw="32" op_2_bw="32" op_3_bw="32">
<![CDATA[
:2  %b_write_assign = call i8 @_ssdm_op_PartSelect.i8.i32.i32.i32(i32 %w_read, i32 16, i32 23)

]]></Node>
<StgValue><ssdm name="b_write_assign"/></StgValue>
</operation>

<operation id="5" st_id="1" stage="1" lat="1">
<core>NULL</core>
<MemPortIdVec></MemPortIdVec>
<condition id="-1">
<or_exp><and_exp></and_exp></or_exp>
</condition>

<Node id="5" bw="8" op_0_bw="8" op_1_bw="32" op_2_bw="32" op_3_bw="32">
<![CDATA[
:3  %c_write_assign = call i8 @_ssdm_op_PartSelect.i8.i32.i32.i32(i32 %w_read, i32 8, i32 15)

]]></Node>
<StgValue><ssdm name="c_write_assign"/></StgValue>
</operation>

<operation id="6" st_id="1" stage="1" lat="1">
<core>NULL</core>
<MemPortIdVec></MemPortIdVec>
<condition id="-1">
<or_exp><and_exp></and_exp></or_exp>
</condition>

<Node id="6" bw="8" op_0_bw="32">
<![CDATA[
:4  %trunc_ln19 = trunc i32 %w_read to i8

]]></Node>
<StgValue><ssdm name="trunc_ln19"/></StgValue>
</operation>

<operation id="7" st_id="1" stage="1" lat="1">
<core>NULL</core>
<MemPortIdVec></MemPortIdVec>
<condition id="-1">
<or_exp><and_exp></and_exp></or_exp>
</condition>

<Node id="7" bw="32" op_0_bw="32" op_1_bw="8">
<![CDATA[
:5  %mrv = insertvalue { i8, i8, i8, i8 } undef, i8 %a_write_assign, 0

]]></Node>
<StgValue><ssdm name="mrv"/></StgValue>
</operation>

<operation id="8" st_id="1" stage="1" lat="1">
<core>NULL</core>
<MemPortIdVec></MemPortIdVec>
<condition id="-1">
<or_exp><and_exp></and_exp></or_exp>
</condition>

<Node id="8" bw="32" op_0_bw="32" op_1_bw="8">
<![CDATA[
:6  %mrv_1 = insertvalue { i8, i8, i8, i8 } %mrv, i8 %b_write_assign, 1

]]></Node>
<StgValue><ssdm name="mrv_1"/></StgValue>
</operation>

<operation id="9" st_id="1" stage="1" lat="1">
<core>NULL</core>
<MemPortIdVec></MemPortIdVec>
<condition id="-1">
<or_exp><and_exp></and_exp></or_exp>
</condition>

<Node id="9" bw="32" op_0_bw="32" op_1_bw="8">
<![CDATA[
:7  %mrv_2 = insertvalue { i8, i8, i8, i8 } %mrv_1, i8 %c_write_assign, 2

]]></Node>
<StgValue><ssdm name="mrv_2"/></StgValue>
</operation>

<operation id="10" st_id="1" stage="1" lat="1">
<core>NULL</core>
<MemPortIdVec></MemPortIdVec>
<condition id="-1">
<or_exp><and_exp></and_exp></or_exp>
</condition>

<Node id="10" bw="32" op_0_bw="32" op_1_bw="8">
<![CDATA[
:8  %mrv_3 = insertvalue { i8, i8, i8, i8 } %mrv_2, i8 %trunc_ln19, 3

]]></Node>
<StgValue><ssdm name="mrv_3"/></StgValue>
</operation>

<operation id="11" st_id="1" stage="1" lat="1">
<core>NULL</core>
<MemPortIdVec></MemPortIdVec>
<condition id="-1">
<or_exp><and_exp></and_exp></or_exp>
</condition>

<Node id="11" bw="0" op_0_bw="32">
<![CDATA[
:9  ret { i8, i8, i8, i8 } %mrv_3

]]></Node>
<StgValue><ssdm name="ret_ln20"/></StgValue>
</operation>
</state>
</state_list>


<ports>
<port id="12" name="w" dir="0" iftype="0">
<core>NULL</core><StgValue><ssdm name="w"/></StgValue>
</port>
</ports>


<dataflows>
<dataflow id="14" from="_ssdm_op_Read.ap_auto.i32" to="w_read" fromId="13" toId="2">
</dataflow>
<dataflow id="15" from="w" to="w_read" fromId="12" toId="2">
</dataflow>
<dataflow id="17" from="_ssdm_op_PartSelect.i8.i32.i32.i32" to="a_write_assign" fromId="16" toId="3">
</dataflow>
<dataflow id="18" from="w_read" to="a_write_assign" fromId="2" toId="3">
</dataflow>
<dataflow id="20" from="StgValue_19" to="a_write_assign" fromId="19" toId="3">
</dataflow>
<dataflow id="22" from="StgValue_21" to="a_write_assign" fromId="21" toId="3">
</dataflow>
<dataflow id="23" from="_ssdm_op_PartSelect.i8.i32.i32.i32" to="b_write_assign" fromId="16" toId="4">
</dataflow>
<dataflow id="24" from="w_read" to="b_write_assign" fromId="2" toId="4">
</dataflow>
<dataflow id="26" from="StgValue_25" to="b_write_assign" fromId="25" toId="4">
</dataflow>
<dataflow id="28" from="StgValue_27" to="b_write_assign" fromId="27" toId="4">
</dataflow>
<dataflow id="29" from="_ssdm_op_PartSelect.i8.i32.i32.i32" to="c_write_assign" fromId="16" toId="5">
</dataflow>
<dataflow id="30" from="w_read" to="c_write_assign" fromId="2" toId="5">
</dataflow>
<dataflow id="32" from="StgValue_31" to="c_write_assign" fromId="31" toId="5">
</dataflow>
<dataflow id="34" from="StgValue_33" to="c_write_assign" fromId="33" toId="5">
</dataflow>
<dataflow id="35" from="w_read" to="trunc_ln19" fromId="2" toId="6">
</dataflow>
<dataflow id="37" from="StgValue_36" to="mrv" fromId="36" toId="7">
</dataflow>
<dataflow id="38" from="a_write_assign" to="mrv" fromId="3" toId="7">
</dataflow>
<dataflow id="39" from="mrv" to="mrv_1" fromId="7" toId="8">
</dataflow>
<dataflow id="40" from="b_write_assign" to="mrv_1" fromId="4" toId="8">
</dataflow>
<dataflow id="41" from="mrv_1" to="mrv_2" fromId="8" toId="9">
</dataflow>
<dataflow id="42" from="c_write_assign" to="mrv_2" fromId="5" toId="9">
</dataflow>
<dataflow id="43" from="mrv_2" to="mrv_3" fromId="9" toId="10">
</dataflow>
<dataflow id="44" from="trunc_ln19" to="mrv_3" fromId="6" toId="10">
</dataflow>
<dataflow id="45" from="mrv_3" to="ret_ln20" fromId="10" toId="11">
</dataflow>
</dataflows>


</stg>
