<stg><name>forwardSubst1</name>


<trans_list>

<trans id="166" from="1" to="2">
<condition id="-1">
<or_exp><and_exp></and_exp></or_exp>
</condition>
</trans>

<trans id="167" from="2" to="3">
<condition id="-1">
<or_exp><and_exp></and_exp></or_exp>
</condition>
</trans>

<trans id="168" from="3" to="4">
<condition id="-1">
<or_exp><and_exp></and_exp></or_exp>
</condition>
</trans>

<trans id="169" from="4" to="5">
<condition id="-1">
<or_exp><and_exp></and_exp></or_exp>
</condition>
</trans>

<trans id="170" from="5" to="6">
<condition id="-1">
<or_exp><and_exp></and_exp></or_exp>
</condition>
</trans>

<trans id="171" from="6" to="7">
<condition id="-1">
<or_exp><and_exp></and_exp></or_exp>
</condition>
</trans>

<trans id="172" from="7" to="8">
<condition id="-1">
<or_exp><and_exp></and_exp></or_exp>
</condition>
</trans>

<trans id="173" from="8" to="9">
<condition id="-1">
<or_exp><and_exp></and_exp></or_exp>
</condition>
</trans>

<trans id="174" from="9" to="10">
<condition id="-1">
<or_exp><and_exp></and_exp></or_exp>
</condition>
</trans>

<trans id="175" from="10" to="11">
<condition id="-1">
<or_exp><and_exp></and_exp></or_exp>
</condition>
</trans>

<trans id="176" from="11" to="12">
<condition id="-1">
<or_exp><and_exp></and_exp></or_exp>
</condition>
</trans>

<trans id="177" from="12" to="13">
<condition id="-1">
<or_exp><and_exp></and_exp></or_exp>
</condition>
</trans>

<trans id="178" from="13" to="14">
<condition id="-1">
<or_exp><and_exp></and_exp></or_exp>
</condition>
</trans>

<trans id="179" from="14" to="15">
<condition id="-1">
<or_exp><and_exp></and_exp></or_exp>
</condition>
</trans>

<trans id="180" from="15" to="16">
<condition id="-1">
<or_exp><and_exp></and_exp></or_exp>
</condition>
</trans>

<trans id="181" from="16" to="17">
<condition id="-1">
<or_exp><and_exp></and_exp></or_exp>
</condition>
</trans>

<trans id="182" from="17" to="18">
<condition id="-1">
<or_exp><and_exp></and_exp></or_exp>
</condition>
</trans>
</trans_list>



<state_list>

<state id="1" st_id="1">

<operation id="19" st_id="1" stage="1" lat="1">
<core>NULL</core>
<MemPortIdVec></MemPortIdVec>
<condition id="-1">
<or_exp><and_exp></and_exp></or_exp>
</condition>

<Node id="4" bw="4" op_0_bw="8" op_1_bw="64" op_2_bw="64">
<![CDATA[
:0  %state_addr = getelementptr [16 x i8]* %state, i64 0, i64 0

]]></Node>
<StgValue><ssdm name="state_addr"/></StgValue>
</operation>

<operation id="20" st_id="1" stage="2" lat="2">
<core>RAM</core>
<MemPortIdVec></MemPortIdVec>
<condition id="-1">
<or_exp><and_exp></and_exp></or_exp>
</condition>

<Node id="5" bw="8" op_0_bw="4">
<![CDATA[
:1  %state_load = load i8* %state_addr, align 1

]]></Node>
<StgValue><ssdm name="state_load"/></StgValue>
</operation>

<operation id="21" st_id="1" stage="1" lat="1">
<core>NULL</core>
<MemPortIdVec></MemPortIdVec>
<condition id="-1">
<or_exp><and_exp></and_exp></or_exp>
</condition>

<Node id="10" bw="4" op_0_bw="8" op_1_bw="64" op_2_bw="64">
<![CDATA[
:6  %state_addr_1 = getelementptr [16 x i8]* %state, i64 0, i64 1

]]></Node>
<StgValue><ssdm name="state_addr_1"/></StgValue>
</operation>

<operation id="22" st_id="1" stage="2" lat="2">
<core>RAM</core>
<MemPortIdVec></MemPortIdVec>
<condition id="-1">
<or_exp><and_exp></and_exp></or_exp>
</condition>

<Node id="11" bw="8" op_0_bw="4">
<![CDATA[
:7  %state_load_1 = load i8* %state_addr_1, align 1

]]></Node>
<StgValue><ssdm name="state_load_1"/></StgValue>
</operation>
</state>

<state id="2" st_id="2">

<operation id="23" st_id="2" stage="1" lat="2">
<core>RAM</core>
<MemPortIdVec></MemPortIdVec>
<condition id="-1">
<or_exp><and_exp></and_exp></or_exp>
</condition>

<Node id="5" bw="8" op_0_bw="4">
<![CDATA[
:1  %state_load = load i8* %state_addr, align 1

]]></Node>
<StgValue><ssdm name="state_load"/></StgValue>
</operation>

<operation id="24" st_id="2" stage="1" lat="1">
<core>NULL</core>
<MemPortIdVec></MemPortIdVec>
<condition id="-1">
<or_exp><and_exp></and_exp></or_exp>
</condition>

<Node id="6" bw="64" op_0_bw="8">
<![CDATA[
:2  %zext_ln68 = zext i8 %state_load to i64

]]></Node>
<StgValue><ssdm name="zext_ln68"/></StgValue>
</operation>

<operation id="25" st_id="2" stage="1" lat="1">
<core>NULL</core>
<MemPortIdVec></MemPortIdVec>
<condition id="-1">
<or_exp><and_exp></and_exp></or_exp>
</condition>

<Node id="7" bw="8" op_0_bw="8" op_1_bw="64" op_2_bw="64">
<![CDATA[
:3  %sbox_addr = getelementptr inbounds [256 x i8]* @sbox, i64 0, i64 %zext_ln68

]]></Node>
<StgValue><ssdm name="sbox_addr"/></StgValue>
</operation>

<operation id="26" st_id="2" stage="2" lat="2">
<core>ROM_nP</core>
<MemPortIdVec></MemPortIdVec>
<condition id="-1">
<or_exp><and_exp></and_exp></or_exp>
</condition>

<Node id="8" bw="8" op_0_bw="8">
<![CDATA[
:4  %sbox_load = load i8* %sbox_addr, align 1

]]></Node>
<StgValue><ssdm name="sbox_load"/></StgValue>
</operation>

<operation id="27" st_id="2" stage="1" lat="2">
<core>RAM</core>
<MemPortIdVec></MemPortIdVec>
<condition id="-1">
<or_exp><and_exp></and_exp></or_exp>
</condition>

<Node id="11" bw="8" op_0_bw="4">
<![CDATA[
:7  %state_load_1 = load i8* %state_addr_1, align 1

]]></Node>
<StgValue><ssdm name="state_load_1"/></StgValue>
</operation>

<operation id="28" st_id="2" stage="1" lat="1">
<core>NULL</core>
<MemPortIdVec></MemPortIdVec>
<condition id="-1">
<or_exp><and_exp></and_exp></or_exp>
</condition>

<Node id="16" bw="4" op_0_bw="8" op_1_bw="64" op_2_bw="64">
<![CDATA[
:12  %state_addr_2 = getelementptr [16 x i8]* %state, i64 0, i64 2

]]></Node>
<StgValue><ssdm name="state_addr_2"/></StgValue>
</operation>

<operation id="29" st_id="2" stage="2" lat="2">
<core>RAM</core>
<MemPortIdVec></MemPortIdVec>
<condition id="-1">
<or_exp><and_exp></and_exp></or_exp>
</condition>

<Node id="17" bw="8" op_0_bw="4">
<![CDATA[
:13  %state_load_2 = load i8* %state_addr_2, align 1

]]></Node>
<StgValue><ssdm name="state_load_2"/></StgValue>
</operation>

<operation id="30" st_id="2" stage="1" lat="1">
<core>NULL</core>
<MemPortIdVec></MemPortIdVec>
<condition id="-1">
<or_exp><and_exp></and_exp></or_exp>
</condition>

<Node id="22" bw="4" op_0_bw="8" op_1_bw="64" op_2_bw="64">
<![CDATA[
:18  %state_addr_3 = getelementptr [16 x i8]* %state, i64 0, i64 3

]]></Node>
<StgValue><ssdm name="state_addr_3"/></StgValue>
</operation>

<operation id="31" st_id="2" stage="2" lat="2">
<core>RAM</core>
<MemPortIdVec></MemPortIdVec>
<condition id="-1">
<or_exp><and_exp></and_exp></or_exp>
</condition>

<Node id="23" bw="8" op_0_bw="4">
<![CDATA[
:19  %state_load_3 = load i8* %state_addr_3, align 1

]]></Node>
<StgValue><ssdm name="state_load_3"/></StgValue>
</operation>
</state>

<state id="3" st_id="3">

<operation id="32" st_id="3" stage="1" lat="2">
<core>ROM_nP</core>
<MemPortIdVec></MemPortIdVec>
<condition id="-1">
<or_exp><and_exp></and_exp></or_exp>
</condition>

<Node id="8" bw="8" op_0_bw="8">
<![CDATA[
:4  %sbox_load = load i8* %sbox_addr, align 1

]]></Node>
<StgValue><ssdm name="sbox_load"/></StgValue>
</operation>

<operation id="33" st_id="3" stage="1" lat="1">
<core>NULL</core>
<MemPortIdVec></MemPortIdVec>
<condition id="-1">
<or_exp><and_exp></and_exp></or_exp>
</condition>

<Node id="12" bw="64" op_0_bw="8">
<![CDATA[
:8  %zext_ln68_1 = zext i8 %state_load_1 to i64

]]></Node>
<StgValue><ssdm name="zext_ln68_1"/></StgValue>
</operation>

<operation id="34" st_id="3" stage="1" lat="1">
<core>NULL</core>
<MemPortIdVec></MemPortIdVec>
<condition id="-1">
<or_exp><and_exp></and_exp></or_exp>
</condition>

<Node id="13" bw="8" op_0_bw="8" op_1_bw="64" op_2_bw="64">
<![CDATA[
:9  %sbox_addr_1 = getelementptr inbounds [256 x i8]* @sbox, i64 0, i64 %zext_ln68_1

]]></Node>
<StgValue><ssdm name="sbox_addr_1"/></StgValue>
</operation>

<operation id="35" st_id="3" stage="2" lat="2">
<core>ROM_nP</core>
<MemPortIdVec></MemPortIdVec>
<condition id="-1">
<or_exp><and_exp></and_exp></or_exp>
</condition>

<Node id="14" bw="8" op_0_bw="8">
<![CDATA[
:10  %sbox_load_1 = load i8* %sbox_addr_1, align 1

]]></Node>
<StgValue><ssdm name="sbox_load_1"/></StgValue>
</operation>

<operation id="36" st_id="3" stage="1" lat="2">
<core>RAM</core>
<MemPortIdVec></MemPortIdVec>
<condition id="-1">
<or_exp><and_exp></and_exp></or_exp>
</condition>

<Node id="17" bw="8" op_0_bw="4">
<![CDATA[
:13  %state_load_2 = load i8* %state_addr_2, align 1

]]></Node>
<StgValue><ssdm name="state_load_2"/></StgValue>
</operation>

<operation id="37" st_id="3" stage="1" lat="2">
<core>RAM</core>
<MemPortIdVec></MemPortIdVec>
<condition id="-1">
<or_exp><and_exp></and_exp></or_exp>
</condition>

<Node id="23" bw="8" op_0_bw="4">
<![CDATA[
:19  %state_load_3 = load i8* %state_addr_3, align 1

]]></Node>
<StgValue><ssdm name="state_load_3"/></StgValue>
</operation>

<operation id="38" st_id="3" stage="1" lat="1">
<core>NULL</core>
<MemPortIdVec></MemPortIdVec>
<condition id="-1">
<or_exp><and_exp></and_exp></or_exp>
</condition>

<Node id="28" bw="4" op_0_bw="8" op_1_bw="64" op_2_bw="64">
<![CDATA[
:24  %state_addr_4 = getelementptr [16 x i8]* %state, i64 0, i64 4

]]></Node>
<StgValue><ssdm name="state_addr_4"/></StgValue>
</operation>

<operation id="39" st_id="3" stage="2" lat="2">
<core>RAM</core>
<MemPortIdVec></MemPortIdVec>
<condition id="-1">
<or_exp><and_exp></and_exp></or_exp>
</condition>

<Node id="29" bw="8" op_0_bw="4">
<![CDATA[
:25  %state_load_4 = load i8* %state_addr_4, align 1

]]></Node>
<StgValue><ssdm name="state_load_4"/></StgValue>
</operation>

<operation id="40" st_id="3" stage="1" lat="1">
<core>NULL</core>
<MemPortIdVec></MemPortIdVec>
<condition id="-1">
<or_exp><and_exp></and_exp></or_exp>
</condition>

<Node id="34" bw="4" op_0_bw="8" op_1_bw="64" op_2_bw="64">
<![CDATA[
:30  %state_addr_5 = getelementptr [16 x i8]* %state, i64 0, i64 5

]]></Node>
<StgValue><ssdm name="state_addr_5"/></StgValue>
</operation>

<operation id="41" st_id="3" stage="2" lat="2">
<core>RAM</core>
<MemPortIdVec></MemPortIdVec>
<condition id="-1">
<or_exp><and_exp></and_exp></or_exp>
</condition>

<Node id="35" bw="8" op_0_bw="4">
<![CDATA[
:31  %state_load_5 = load i8* %state_addr_5, align 1

]]></Node>
<StgValue><ssdm name="state_load_5"/></StgValue>
</operation>
</state>

<state id="4" st_id="4">

<operation id="42" st_id="4" stage="1" lat="2">
<core>ROM_nP</core>
<MemPortIdVec></MemPortIdVec>
<condition id="-1">
<or_exp><and_exp></and_exp></or_exp>
</condition>

<Node id="14" bw="8" op_0_bw="8">
<![CDATA[
:10  %sbox_load_1 = load i8* %sbox_addr_1, align 1

]]></Node>
<StgValue><ssdm name="sbox_load_1"/></StgValue>
</operation>

<operation id="43" st_id="4" stage="1" lat="1">
<core>NULL</core>
<MemPortIdVec></MemPortIdVec>
<condition id="-1">
<or_exp><and_exp></and_exp></or_exp>
</condition>

<Node id="18" bw="64" op_0_bw="8">
<![CDATA[
:14  %zext_ln68_2 = zext i8 %state_load_2 to i64

]]></Node>
<StgValue><ssdm name="zext_ln68_2"/></StgValue>
</operation>

<operation id="44" st_id="4" stage="1" lat="1">
<core>NULL</core>
<MemPortIdVec></MemPortIdVec>
<condition id="-1">
<or_exp><and_exp></and_exp></or_exp>
</condition>

<Node id="19" bw="8" op_0_bw="8" op_1_bw="64" op_2_bw="64">
<![CDATA[
:15  %sbox_addr_2 = getelementptr inbounds [256 x i8]* @sbox, i64 0, i64 %zext_ln68_2

]]></Node>
<StgValue><ssdm name="sbox_addr_2"/></StgValue>
</operation>

<operation id="45" st_id="4" stage="2" lat="2">
<core>ROM_nP</core>
<MemPortIdVec></MemPortIdVec>
<condition id="-1">
<or_exp><and_exp></and_exp></or_exp>
</condition>

<Node id="20" bw="8" op_0_bw="8">
<![CDATA[
:16  %sbox_load_2 = load i8* %sbox_addr_2, align 1

]]></Node>
<StgValue><ssdm name="sbox_load_2"/></StgValue>
</operation>

<operation id="46" st_id="4" stage="1" lat="2">
<core>RAM</core>
<MemPortIdVec></MemPortIdVec>
<condition id="-1">
<or_exp><and_exp></and_exp></or_exp>
</condition>

<Node id="29" bw="8" op_0_bw="4">
<![CDATA[
:25  %state_load_4 = load i8* %state_addr_4, align 1

]]></Node>
<StgValue><ssdm name="state_load_4"/></StgValue>
</operation>

<operation id="47" st_id="4" stage="1" lat="2">
<core>RAM</core>
<MemPortIdVec></MemPortIdVec>
<condition id="-1">
<or_exp><and_exp></and_exp></or_exp>
</condition>

<Node id="35" bw="8" op_0_bw="4">
<![CDATA[
:31  %state_load_5 = load i8* %state_addr_5, align 1

]]></Node>
<StgValue><ssdm name="state_load_5"/></StgValue>
</operation>

<operation id="48" st_id="4" stage="1" lat="1">
<core>NULL</core>
<MemPortIdVec></MemPortIdVec>
<condition id="-1">
<or_exp><and_exp></and_exp></or_exp>
</condition>

<Node id="40" bw="4" op_0_bw="8" op_1_bw="64" op_2_bw="64">
<![CDATA[
:36  %state_addr_6 = getelementptr [16 x i8]* %state, i64 0, i64 6

]]></Node>
<StgValue><ssdm name="state_addr_6"/></StgValue>
</operation>

<operation id="49" st_id="4" stage="2" lat="2">
<core>RAM</core>
<MemPortIdVec></MemPortIdVec>
<condition id="-1">
<or_exp><and_exp></and_exp></or_exp>
</condition>

<Node id="41" bw="8" op_0_bw="4">
<![CDATA[
:37  %state_load_6 = load i8* %state_addr_6, align 1

]]></Node>
<StgValue><ssdm name="state_load_6"/></StgValue>
</operation>

<operation id="50" st_id="4" stage="1" lat="1">
<core>NULL</core>
<MemPortIdVec></MemPortIdVec>
<condition id="-1">
<or_exp><and_exp></and_exp></or_exp>
</condition>

<Node id="46" bw="4" op_0_bw="8" op_1_bw="64" op_2_bw="64">
<![CDATA[
:42  %state_addr_7 = getelementptr [16 x i8]* %state, i64 0, i64 7

]]></Node>
<StgValue><ssdm name="state_addr_7"/></StgValue>
</operation>

<operation id="51" st_id="4" stage="2" lat="2">
<core>RAM</core>
<MemPortIdVec></MemPortIdVec>
<condition id="-1">
<or_exp><and_exp></and_exp></or_exp>
</condition>

<Node id="47" bw="8" op_0_bw="4">
<![CDATA[
:43  %state_load_7 = load i8* %state_addr_7, align 1

]]></Node>
<StgValue><ssdm name="state_load_7"/></StgValue>
</operation>
</state>

<state id="5" st_id="5">

<operation id="52" st_id="5" stage="1" lat="2">
<core>ROM_nP</core>
<MemPortIdVec></MemPortIdVec>
<condition id="-1">
<or_exp><and_exp></and_exp></or_exp>
</condition>

<Node id="20" bw="8" op_0_bw="8">
<![CDATA[
:16  %sbox_load_2 = load i8* %sbox_addr_2, align 1

]]></Node>
<StgValue><ssdm name="sbox_load_2"/></StgValue>
</operation>

<operation id="53" st_id="5" stage="1" lat="1">
<core>NULL</core>
<MemPortIdVec></MemPortIdVec>
<condition id="-1">
<or_exp><and_exp></and_exp></or_exp>
</condition>

<Node id="24" bw="64" op_0_bw="8">
<![CDATA[
:20  %zext_ln68_3 = zext i8 %state_load_3 to i64

]]></Node>
<StgValue><ssdm name="zext_ln68_3"/></StgValue>
</operation>

<operation id="54" st_id="5" stage="1" lat="1">
<core>NULL</core>
<MemPortIdVec></MemPortIdVec>
<condition id="-1">
<or_exp><and_exp></and_exp></or_exp>
</condition>

<Node id="25" bw="8" op_0_bw="8" op_1_bw="64" op_2_bw="64">
<![CDATA[
:21  %sbox_addr_3 = getelementptr inbounds [256 x i8]* @sbox, i64 0, i64 %zext_ln68_3

]]></Node>
<StgValue><ssdm name="sbox_addr_3"/></StgValue>
</operation>

<operation id="55" st_id="5" stage="2" lat="2">
<core>ROM_nP</core>
<MemPortIdVec></MemPortIdVec>
<condition id="-1">
<or_exp><and_exp></and_exp></or_exp>
</condition>

<Node id="26" bw="8" op_0_bw="8">
<![CDATA[
:22  %sbox_load_3 = load i8* %sbox_addr_3, align 1

]]></Node>
<StgValue><ssdm name="sbox_load_3"/></StgValue>
</operation>

<operation id="56" st_id="5" stage="1" lat="2">
<core>RAM</core>
<MemPortIdVec></MemPortIdVec>
<condition id="-1">
<or_exp><and_exp></and_exp></or_exp>
</condition>

<Node id="41" bw="8" op_0_bw="4">
<![CDATA[
:37  %state_load_6 = load i8* %state_addr_6, align 1

]]></Node>
<StgValue><ssdm name="state_load_6"/></StgValue>
</operation>

<operation id="57" st_id="5" stage="1" lat="2">
<core>RAM</core>
<MemPortIdVec></MemPortIdVec>
<condition id="-1">
<or_exp><and_exp></and_exp></or_exp>
</condition>

<Node id="47" bw="8" op_0_bw="4">
<![CDATA[
:43  %state_load_7 = load i8* %state_addr_7, align 1

]]></Node>
<StgValue><ssdm name="state_load_7"/></StgValue>
</operation>

<operation id="58" st_id="5" stage="1" lat="1">
<core>NULL</core>
<MemPortIdVec></MemPortIdVec>
<condition id="-1">
<or_exp><and_exp></and_exp></or_exp>
</condition>

<Node id="52" bw="4" op_0_bw="8" op_1_bw="64" op_2_bw="64">
<![CDATA[
:48  %state_addr_8 = getelementptr [16 x i8]* %state, i64 0, i64 8

]]></Node>
<StgValue><ssdm name="state_addr_8"/></StgValue>
</operation>

<operation id="59" st_id="5" stage="2" lat="2">
<core>RAM</core>
<MemPortIdVec></MemPortIdVec>
<condition id="-1">
<or_exp><and_exp></and_exp></or_exp>
</condition>

<Node id="53" bw="8" op_0_bw="4">
<![CDATA[
:49  %state_load_8 = load i8* %state_addr_8, align 1

]]></Node>
<StgValue><ssdm name="state_load_8"/></StgValue>
</operation>

<operation id="60" st_id="5" stage="1" lat="1">
<core>NULL</core>
<MemPortIdVec></MemPortIdVec>
<condition id="-1">
<or_exp><and_exp></and_exp></or_exp>
</condition>

<Node id="58" bw="4" op_0_bw="8" op_1_bw="64" op_2_bw="64">
<![CDATA[
:54  %state_addr_9 = getelementptr [16 x i8]* %state, i64 0, i64 9

]]></Node>
<StgValue><ssdm name="state_addr_9"/></StgValue>
</operation>

<operation id="61" st_id="5" stage="2" lat="2">
<core>RAM</core>
<MemPortIdVec></MemPortIdVec>
<condition id="-1">
<or_exp><and_exp></and_exp></or_exp>
</condition>

<Node id="59" bw="8" op_0_bw="4">
<![CDATA[
:55  %state_load_9 = load i8* %state_addr_9, align 1

]]></Node>
<StgValue><ssdm name="state_load_9"/></StgValue>
</operation>
</state>

<state id="6" st_id="6">

<operation id="62" st_id="6" stage="1" lat="2">
<core>ROM_nP</core>
<MemPortIdVec></MemPortIdVec>
<condition id="-1">
<or_exp><and_exp></and_exp></or_exp>
</condition>

<Node id="26" bw="8" op_0_bw="8">
<![CDATA[
:22  %sbox_load_3 = load i8* %sbox_addr_3, align 1

]]></Node>
<StgValue><ssdm name="sbox_load_3"/></StgValue>
</operation>

<operation id="63" st_id="6" stage="1" lat="1">
<core>NULL</core>
<MemPortIdVec></MemPortIdVec>
<condition id="-1">
<or_exp><and_exp></and_exp></or_exp>
</condition>

<Node id="30" bw="64" op_0_bw="8">
<![CDATA[
:26  %zext_ln68_4 = zext i8 %state_load_4 to i64

]]></Node>
<StgValue><ssdm name="zext_ln68_4"/></StgValue>
</operation>

<operation id="64" st_id="6" stage="1" lat="1">
<core>NULL</core>
<MemPortIdVec></MemPortIdVec>
<condition id="-1">
<or_exp><and_exp></and_exp></or_exp>
</condition>

<Node id="31" bw="8" op_0_bw="8" op_1_bw="64" op_2_bw="64">
<![CDATA[
:27  %sbox_addr_4 = getelementptr inbounds [256 x i8]* @sbox, i64 0, i64 %zext_ln68_4

]]></Node>
<StgValue><ssdm name="sbox_addr_4"/></StgValue>
</operation>

<operation id="65" st_id="6" stage="2" lat="2">
<core>ROM_nP</core>
<MemPortIdVec></MemPortIdVec>
<condition id="-1">
<or_exp><and_exp></and_exp></or_exp>
</condition>

<Node id="32" bw="8" op_0_bw="8">
<![CDATA[
:28  %sbox_load_4 = load i8* %sbox_addr_4, align 1

]]></Node>
<StgValue><ssdm name="sbox_load_4"/></StgValue>
</operation>

<operation id="66" st_id="6" stage="1" lat="2">
<core>RAM</core>
<MemPortIdVec></MemPortIdVec>
<condition id="-1">
<or_exp><and_exp></and_exp></or_exp>
</condition>

<Node id="53" bw="8" op_0_bw="4">
<![CDATA[
:49  %state_load_8 = load i8* %state_addr_8, align 1

]]></Node>
<StgValue><ssdm name="state_load_8"/></StgValue>
</operation>

<operation id="67" st_id="6" stage="1" lat="2">
<core>RAM</core>
<MemPortIdVec></MemPortIdVec>
<condition id="-1">
<or_exp><and_exp></and_exp></or_exp>
</condition>

<Node id="59" bw="8" op_0_bw="4">
<![CDATA[
:55  %state_load_9 = load i8* %state_addr_9, align 1

]]></Node>
<StgValue><ssdm name="state_load_9"/></StgValue>
</operation>

<operation id="68" st_id="6" stage="1" lat="1">
<core>NULL</core>
<MemPortIdVec></MemPortIdVec>
<condition id="-1">
<or_exp><and_exp></and_exp></or_exp>
</condition>

<Node id="64" bw="4" op_0_bw="8" op_1_bw="64" op_2_bw="64">
<![CDATA[
:60  %state_addr_10 = getelementptr [16 x i8]* %state, i64 0, i64 10

]]></Node>
<StgValue><ssdm name="state_addr_10"/></StgValue>
</operation>

<operation id="69" st_id="6" stage="2" lat="2">
<core>RAM</core>
<MemPortIdVec></MemPortIdVec>
<condition id="-1">
<or_exp><and_exp></and_exp></or_exp>
</condition>

<Node id="65" bw="8" op_0_bw="4">
<![CDATA[
:61  %state_load_10 = load i8* %state_addr_10, align 1

]]></Node>
<StgValue><ssdm name="state_load_10"/></StgValue>
</operation>

<operation id="70" st_id="6" stage="1" lat="1">
<core>NULL</core>
<MemPortIdVec></MemPortIdVec>
<condition id="-1">
<or_exp><and_exp></and_exp></or_exp>
</condition>

<Node id="70" bw="4" op_0_bw="8" op_1_bw="64" op_2_bw="64">
<![CDATA[
:66  %state_addr_11 = getelementptr [16 x i8]* %state, i64 0, i64 11

]]></Node>
<StgValue><ssdm name="state_addr_11"/></StgValue>
</operation>

<operation id="71" st_id="6" stage="2" lat="2">
<core>RAM</core>
<MemPortIdVec></MemPortIdVec>
<condition id="-1">
<or_exp><and_exp></and_exp></or_exp>
</condition>

<Node id="71" bw="8" op_0_bw="4">
<![CDATA[
:67  %state_load_11 = load i8* %state_addr_11, align 1

]]></Node>
<StgValue><ssdm name="state_load_11"/></StgValue>
</operation>
</state>

<state id="7" st_id="7">

<operation id="72" st_id="7" stage="1" lat="2">
<core>ROM_nP</core>
<MemPortIdVec></MemPortIdVec>
<condition id="-1">
<or_exp><and_exp></and_exp></or_exp>
</condition>

<Node id="32" bw="8" op_0_bw="8">
<![CDATA[
:28  %sbox_load_4 = load i8* %sbox_addr_4, align 1

]]></Node>
<StgValue><ssdm name="sbox_load_4"/></StgValue>
</operation>

<operation id="73" st_id="7" stage="1" lat="1">
<core>NULL</core>
<MemPortIdVec></MemPortIdVec>
<condition id="-1">
<or_exp><and_exp></and_exp></or_exp>
</condition>

<Node id="36" bw="64" op_0_bw="8">
<![CDATA[
:32  %zext_ln68_5 = zext i8 %state_load_5 to i64

]]></Node>
<StgValue><ssdm name="zext_ln68_5"/></StgValue>
</operation>

<operation id="74" st_id="7" stage="1" lat="1">
<core>NULL</core>
<MemPortIdVec></MemPortIdVec>
<condition id="-1">
<or_exp><and_exp></and_exp></or_exp>
</condition>

<Node id="37" bw="8" op_0_bw="8" op_1_bw="64" op_2_bw="64">
<![CDATA[
:33  %sbox_addr_5 = getelementptr inbounds [256 x i8]* @sbox, i64 0, i64 %zext_ln68_5

]]></Node>
<StgValue><ssdm name="sbox_addr_5"/></StgValue>
</operation>

<operation id="75" st_id="7" stage="2" lat="2">
<core>ROM_nP</core>
<MemPortIdVec></MemPortIdVec>
<condition id="-1">
<or_exp><and_exp></and_exp></or_exp>
</condition>

<Node id="38" bw="8" op_0_bw="8">
<![CDATA[
:34  %sbox_load_5 = load i8* %sbox_addr_5, align 1

]]></Node>
<StgValue><ssdm name="sbox_load_5"/></StgValue>
</operation>

<operation id="76" st_id="7" stage="1" lat="2">
<core>RAM</core>
<MemPortIdVec></MemPortIdVec>
<condition id="-1">
<or_exp><and_exp></and_exp></or_exp>
</condition>

<Node id="65" bw="8" op_0_bw="4">
<![CDATA[
:61  %state_load_10 = load i8* %state_addr_10, align 1

]]></Node>
<StgValue><ssdm name="state_load_10"/></StgValue>
</operation>

<operation id="77" st_id="7" stage="1" lat="2">
<core>RAM</core>
<MemPortIdVec></MemPortIdVec>
<condition id="-1">
<or_exp><and_exp></and_exp></or_exp>
</condition>

<Node id="71" bw="8" op_0_bw="4">
<![CDATA[
:67  %state_load_11 = load i8* %state_addr_11, align 1

]]></Node>
<StgValue><ssdm name="state_load_11"/></StgValue>
</operation>

<operation id="78" st_id="7" stage="1" lat="1">
<core>NULL</core>
<MemPortIdVec></MemPortIdVec>
<condition id="-1">
<or_exp><and_exp></and_exp></or_exp>
</condition>

<Node id="76" bw="4" op_0_bw="8" op_1_bw="64" op_2_bw="64">
<![CDATA[
:72  %state_addr_12 = getelementptr [16 x i8]* %state, i64 0, i64 12

]]></Node>
<StgValue><ssdm name="state_addr_12"/></StgValue>
</operation>

<operation id="79" st_id="7" stage="2" lat="2">
<core>RAM</core>
<MemPortIdVec></MemPortIdVec>
<condition id="-1">
<or_exp><and_exp></and_exp></or_exp>
</condition>

<Node id="77" bw="8" op_0_bw="4">
<![CDATA[
:73  %state_load_12 = load i8* %state_addr_12, align 1

]]></Node>
<StgValue><ssdm name="state_load_12"/></StgValue>
</operation>

<operation id="80" st_id="7" stage="1" lat="1">
<core>NULL</core>
<MemPortIdVec></MemPortIdVec>
<condition id="-1">
<or_exp><and_exp></and_exp></or_exp>
</condition>

<Node id="82" bw="4" op_0_bw="8" op_1_bw="64" op_2_bw="64">
<![CDATA[
:78  %state_addr_13 = getelementptr [16 x i8]* %state, i64 0, i64 13

]]></Node>
<StgValue><ssdm name="state_addr_13"/></StgValue>
</operation>

<operation id="81" st_id="7" stage="2" lat="2">
<core>RAM</core>
<MemPortIdVec></MemPortIdVec>
<condition id="-1">
<or_exp><and_exp></and_exp></or_exp>
</condition>

<Node id="83" bw="8" op_0_bw="4">
<![CDATA[
:79  %state_load_13 = load i8* %state_addr_13, align 1

]]></Node>
<StgValue><ssdm name="state_load_13"/></StgValue>
</operation>
</state>

<state id="8" st_id="8">

<operation id="82" st_id="8" stage="1" lat="2">
<core>ROM_nP</core>
<MemPortIdVec></MemPortIdVec>
<condition id="-1">
<or_exp><and_exp></and_exp></or_exp>
</condition>

<Node id="38" bw="8" op_0_bw="8">
<![CDATA[
:34  %sbox_load_5 = load i8* %sbox_addr_5, align 1

]]></Node>
<StgValue><ssdm name="sbox_load_5"/></StgValue>
</operation>

<operation id="83" st_id="8" stage="1" lat="1">
<core>NULL</core>
<MemPortIdVec></MemPortIdVec>
<condition id="-1">
<or_exp><and_exp></and_exp></or_exp>
</condition>

<Node id="42" bw="64" op_0_bw="8">
<![CDATA[
:38  %zext_ln68_6 = zext i8 %state_load_6 to i64

]]></Node>
<StgValue><ssdm name="zext_ln68_6"/></StgValue>
</operation>

<operation id="84" st_id="8" stage="1" lat="1">
<core>NULL</core>
<MemPortIdVec></MemPortIdVec>
<condition id="-1">
<or_exp><and_exp></and_exp></or_exp>
</condition>

<Node id="43" bw="8" op_0_bw="8" op_1_bw="64" op_2_bw="64">
<![CDATA[
:39  %sbox_addr_6 = getelementptr inbounds [256 x i8]* @sbox, i64 0, i64 %zext_ln68_6

]]></Node>
<StgValue><ssdm name="sbox_addr_6"/></StgValue>
</operation>

<operation id="85" st_id="8" stage="2" lat="2">
<core>ROM_nP</core>
<MemPortIdVec></MemPortIdVec>
<condition id="-1">
<or_exp><and_exp></and_exp></or_exp>
</condition>

<Node id="44" bw="8" op_0_bw="8">
<![CDATA[
:40  %sbox_load_6 = load i8* %sbox_addr_6, align 1

]]></Node>
<StgValue><ssdm name="sbox_load_6"/></StgValue>
</operation>

<operation id="86" st_id="8" stage="1" lat="2">
<core>RAM</core>
<MemPortIdVec></MemPortIdVec>
<condition id="-1">
<or_exp><and_exp></and_exp></or_exp>
</condition>

<Node id="77" bw="8" op_0_bw="4">
<![CDATA[
:73  %state_load_12 = load i8* %state_addr_12, align 1

]]></Node>
<StgValue><ssdm name="state_load_12"/></StgValue>
</operation>

<operation id="87" st_id="8" stage="1" lat="2">
<core>RAM</core>
<MemPortIdVec></MemPortIdVec>
<condition id="-1">
<or_exp><and_exp></and_exp></or_exp>
</condition>

<Node id="83" bw="8" op_0_bw="4">
<![CDATA[
:79  %state_load_13 = load i8* %state_addr_13, align 1

]]></Node>
<StgValue><ssdm name="state_load_13"/></StgValue>
</operation>

<operation id="88" st_id="8" stage="1" lat="1">
<core>NULL</core>
<MemPortIdVec></MemPortIdVec>
<condition id="-1">
<or_exp><and_exp></and_exp></or_exp>
</condition>

<Node id="88" bw="4" op_0_bw="8" op_1_bw="64" op_2_bw="64">
<![CDATA[
:84  %state_addr_14 = getelementptr [16 x i8]* %state, i64 0, i64 14

]]></Node>
<StgValue><ssdm name="state_addr_14"/></StgValue>
</operation>

<operation id="89" st_id="8" stage="2" lat="2">
<core>RAM</core>
<MemPortIdVec></MemPortIdVec>
<condition id="-1">
<or_exp><and_exp></and_exp></or_exp>
</condition>

<Node id="89" bw="8" op_0_bw="4">
<![CDATA[
:85  %state_load_14 = load i8* %state_addr_14, align 1

]]></Node>
<StgValue><ssdm name="state_load_14"/></StgValue>
</operation>

<operation id="90" st_id="8" stage="1" lat="1">
<core>NULL</core>
<MemPortIdVec></MemPortIdVec>
<condition id="-1">
<or_exp><and_exp></and_exp></or_exp>
</condition>

<Node id="94" bw="4" op_0_bw="8" op_1_bw="64" op_2_bw="64">
<![CDATA[
:90  %state_addr_15 = getelementptr [16 x i8]* %state, i64 0, i64 15

]]></Node>
<StgValue><ssdm name="state_addr_15"/></StgValue>
</operation>

<operation id="91" st_id="8" stage="2" lat="2">
<core>RAM</core>
<MemPortIdVec></MemPortIdVec>
<condition id="-1">
<or_exp><and_exp></and_exp></or_exp>
</condition>

<Node id="95" bw="8" op_0_bw="4">
<![CDATA[
:91  %state_load_15 = load i8* %state_addr_15, align 1

]]></Node>
<StgValue><ssdm name="state_load_15"/></StgValue>
</operation>
</state>

<state id="9" st_id="9">

<operation id="92" st_id="9" stage="1" lat="1">
<core>RAM</core>
<MemPortIdVec></MemPortIdVec>
<condition id="-1">
<or_exp><and_exp></and_exp></or_exp>
</condition>

<Node id="9" bw="0" op_0_bw="8" op_1_bw="4" op_2_bw="8">
<![CDATA[
:5  store i8 %sbox_load, i8* %state_addr, align 1

]]></Node>
<StgValue><ssdm name="store_ln68"/></StgValue>
</operation>

<operation id="93" st_id="9" stage="1" lat="1">
<core>RAM</core>
<MemPortIdVec></MemPortIdVec>
<condition id="-1">
<or_exp><and_exp></and_exp></or_exp>
</condition>

<Node id="15" bw="0" op_0_bw="8" op_1_bw="4" op_2_bw="8">
<![CDATA[
:11  store i8 %sbox_load_1, i8* %state_addr_1, align 1

]]></Node>
<StgValue><ssdm name="store_ln68"/></StgValue>
</operation>

<operation id="94" st_id="9" stage="1" lat="2">
<core>ROM_nP</core>
<MemPortIdVec></MemPortIdVec>
<condition id="-1">
<or_exp><and_exp></and_exp></or_exp>
</condition>

<Node id="44" bw="8" op_0_bw="8">
<![CDATA[
:40  %sbox_load_6 = load i8* %sbox_addr_6, align 1

]]></Node>
<StgValue><ssdm name="sbox_load_6"/></StgValue>
</operation>

<operation id="95" st_id="9" stage="1" lat="1">
<core>NULL</core>
<MemPortIdVec></MemPortIdVec>
<condition id="-1">
<or_exp><and_exp></and_exp></or_exp>
</condition>

<Node id="48" bw="64" op_0_bw="8">
<![CDATA[
:44  %zext_ln68_7 = zext i8 %state_load_7 to i64

]]></Node>
<StgValue><ssdm name="zext_ln68_7"/></StgValue>
</operation>

<operation id="96" st_id="9" stage="1" lat="1">
<core>NULL</core>
<MemPortIdVec></MemPortIdVec>
<condition id="-1">
<or_exp><and_exp></and_exp></or_exp>
</condition>

<Node id="49" bw="8" op_0_bw="8" op_1_bw="64" op_2_bw="64">
<![CDATA[
:45  %sbox_addr_7 = getelementptr inbounds [256 x i8]* @sbox, i64 0, i64 %zext_ln68_7

]]></Node>
<StgValue><ssdm name="sbox_addr_7"/></StgValue>
</operation>

<operation id="97" st_id="9" stage="2" lat="2">
<core>ROM_nP</core>
<MemPortIdVec></MemPortIdVec>
<condition id="-1">
<or_exp><and_exp></and_exp></or_exp>
</condition>

<Node id="50" bw="8" op_0_bw="8">
<![CDATA[
:46  %sbox_load_7 = load i8* %sbox_addr_7, align 1

]]></Node>
<StgValue><ssdm name="sbox_load_7"/></StgValue>
</operation>

<operation id="98" st_id="9" stage="1" lat="2">
<core>RAM</core>
<MemPortIdVec></MemPortIdVec>
<condition id="-1">
<or_exp><and_exp></and_exp></or_exp>
</condition>

<Node id="89" bw="8" op_0_bw="4">
<![CDATA[
:85  %state_load_14 = load i8* %state_addr_14, align 1

]]></Node>
<StgValue><ssdm name="state_load_14"/></StgValue>
</operation>

<operation id="99" st_id="9" stage="1" lat="2">
<core>RAM</core>
<MemPortIdVec></MemPortIdVec>
<condition id="-1">
<or_exp><and_exp></and_exp></or_exp>
</condition>

<Node id="95" bw="8" op_0_bw="4">
<![CDATA[
:91  %state_load_15 = load i8* %state_addr_15, align 1

]]></Node>
<StgValue><ssdm name="state_load_15"/></StgValue>
</operation>
</state>

<state id="10" st_id="10">

<operation id="100" st_id="10" stage="1" lat="1">
<core>RAM</core>
<MemPortIdVec></MemPortIdVec>
<condition id="-1">
<or_exp><and_exp></and_exp></or_exp>
</condition>

<Node id="21" bw="0" op_0_bw="8" op_1_bw="4" op_2_bw="8">
<![CDATA[
:17  store i8 %sbox_load_2, i8* %state_addr_2, align 1

]]></Node>
<StgValue><ssdm name="store_ln68"/></StgValue>
</operation>

<operation id="101" st_id="10" stage="1" lat="1">
<core>RAM</core>
<MemPortIdVec></MemPortIdVec>
<condition id="-1">
<or_exp><and_exp></and_exp></or_exp>
</condition>

<Node id="27" bw="0" op_0_bw="8" op_1_bw="4" op_2_bw="8">
<![CDATA[
:23  store i8 %sbox_load_3, i8* %state_addr_3, align 1

]]></Node>
<StgValue><ssdm name="store_ln68"/></StgValue>
</operation>

<operation id="102" st_id="10" stage="1" lat="2">
<core>ROM_nP</core>
<MemPortIdVec></MemPortIdVec>
<condition id="-1">
<or_exp><and_exp></and_exp></or_exp>
</condition>

<Node id="50" bw="8" op_0_bw="8">
<![CDATA[
:46  %sbox_load_7 = load i8* %sbox_addr_7, align 1

]]></Node>
<StgValue><ssdm name="sbox_load_7"/></StgValue>
</operation>

<operation id="103" st_id="10" stage="1" lat="1">
<core>NULL</core>
<MemPortIdVec></MemPortIdVec>
<condition id="-1">
<or_exp><and_exp></and_exp></or_exp>
</condition>

<Node id="54" bw="64" op_0_bw="8">
<![CDATA[
:50  %zext_ln68_8 = zext i8 %state_load_8 to i64

]]></Node>
<StgValue><ssdm name="zext_ln68_8"/></StgValue>
</operation>

<operation id="104" st_id="10" stage="1" lat="1">
<core>NULL</core>
<MemPortIdVec></MemPortIdVec>
<condition id="-1">
<or_exp><and_exp></and_exp></or_exp>
</condition>

<Node id="55" bw="8" op_0_bw="8" op_1_bw="64" op_2_bw="64">
<![CDATA[
:51  %sbox_addr_8 = getelementptr inbounds [256 x i8]* @sbox, i64 0, i64 %zext_ln68_8

]]></Node>
<StgValue><ssdm name="sbox_addr_8"/></StgValue>
</operation>

<operation id="105" st_id="10" stage="2" lat="2">
<core>ROM_nP</core>
<MemPortIdVec></MemPortIdVec>
<condition id="-1">
<or_exp><and_exp></and_exp></or_exp>
</condition>

<Node id="56" bw="8" op_0_bw="8">
<![CDATA[
:52  %sbox_load_8 = load i8* %sbox_addr_8, align 1

]]></Node>
<StgValue><ssdm name="sbox_load_8"/></StgValue>
</operation>
</state>

<state id="11" st_id="11">

<operation id="106" st_id="11" stage="1" lat="1">
<core>RAM</core>
<MemPortIdVec></MemPortIdVec>
<condition id="-1">
<or_exp><and_exp></and_exp></or_exp>
</condition>

<Node id="33" bw="0" op_0_bw="8" op_1_bw="4" op_2_bw="8">
<![CDATA[
:29  store i8 %sbox_load_4, i8* %state_addr_4, align 1

]]></Node>
<StgValue><ssdm name="store_ln68"/></StgValue>
</operation>

<operation id="107" st_id="11" stage="1" lat="1">
<core>RAM</core>
<MemPortIdVec></MemPortIdVec>
<condition id="-1">
<or_exp><and_exp></and_exp></or_exp>
</condition>

<Node id="39" bw="0" op_0_bw="8" op_1_bw="4" op_2_bw="8">
<![CDATA[
:35  store i8 %sbox_load_5, i8* %state_addr_5, align 1

]]></Node>
<StgValue><ssdm name="store_ln68"/></StgValue>
</operation>

<operation id="108" st_id="11" stage="1" lat="2">
<core>ROM_nP</core>
<MemPortIdVec></MemPortIdVec>
<condition id="-1">
<or_exp><and_exp></and_exp></or_exp>
</condition>

<Node id="56" bw="8" op_0_bw="8">
<![CDATA[
:52  %sbox_load_8 = load i8* %sbox_addr_8, align 1

]]></Node>
<StgValue><ssdm name="sbox_load_8"/></StgValue>
</operation>

<operation id="109" st_id="11" stage="1" lat="1">
<core>NULL</core>
<MemPortIdVec></MemPortIdVec>
<condition id="-1">
<or_exp><and_exp></and_exp></or_exp>
</condition>

<Node id="60" bw="64" op_0_bw="8">
<![CDATA[
:56  %zext_ln68_9 = zext i8 %state_load_9 to i64

]]></Node>
<StgValue><ssdm name="zext_ln68_9"/></StgValue>
</operation>

<operation id="110" st_id="11" stage="1" lat="1">
<core>NULL</core>
<MemPortIdVec></MemPortIdVec>
<condition id="-1">
<or_exp><and_exp></and_exp></or_exp>
</condition>

<Node id="61" bw="8" op_0_bw="8" op_1_bw="64" op_2_bw="64">
<![CDATA[
:57  %sbox_addr_9 = getelementptr inbounds [256 x i8]* @sbox, i64 0, i64 %zext_ln68_9

]]></Node>
<StgValue><ssdm name="sbox_addr_9"/></StgValue>
</operation>

<operation id="111" st_id="11" stage="2" lat="2">
<core>ROM_nP</core>
<MemPortIdVec></MemPortIdVec>
<condition id="-1">
<or_exp><and_exp></and_exp></or_exp>
</condition>

<Node id="62" bw="8" op_0_bw="8">
<![CDATA[
:58  %sbox_load_9 = load i8* %sbox_addr_9, align 1

]]></Node>
<StgValue><ssdm name="sbox_load_9"/></StgValue>
</operation>
</state>

<state id="12" st_id="12">

<operation id="112" st_id="12" stage="1" lat="1">
<core>RAM</core>
<MemPortIdVec></MemPortIdVec>
<condition id="-1">
<or_exp><and_exp></and_exp></or_exp>
</condition>

<Node id="45" bw="0" op_0_bw="8" op_1_bw="4" op_2_bw="8">
<![CDATA[
:41  store i8 %sbox_load_6, i8* %state_addr_6, align 1

]]></Node>
<StgValue><ssdm name="store_ln68"/></StgValue>
</operation>

<operation id="113" st_id="12" stage="1" lat="1">
<core>RAM</core>
<MemPortIdVec></MemPortIdVec>
<condition id="-1">
<or_exp><and_exp></and_exp></or_exp>
</condition>

<Node id="51" bw="0" op_0_bw="8" op_1_bw="4" op_2_bw="8">
<![CDATA[
:47  store i8 %sbox_load_7, i8* %state_addr_7, align 1

]]></Node>
<StgValue><ssdm name="store_ln68"/></StgValue>
</operation>

<operation id="114" st_id="12" stage="1" lat="2">
<core>ROM_nP</core>
<MemPortIdVec></MemPortIdVec>
<condition id="-1">
<or_exp><and_exp></and_exp></or_exp>
</condition>

<Node id="62" bw="8" op_0_bw="8">
<![CDATA[
:58  %sbox_load_9 = load i8* %sbox_addr_9, align 1

]]></Node>
<StgValue><ssdm name="sbox_load_9"/></StgValue>
</operation>

<operation id="115" st_id="12" stage="1" lat="1">
<core>NULL</core>
<MemPortIdVec></MemPortIdVec>
<condition id="-1">
<or_exp><and_exp></and_exp></or_exp>
</condition>

<Node id="66" bw="64" op_0_bw="8">
<![CDATA[
:62  %zext_ln68_10 = zext i8 %state_load_10 to i64

]]></Node>
<StgValue><ssdm name="zext_ln68_10"/></StgValue>
</operation>

<operation id="116" st_id="12" stage="1" lat="1">
<core>NULL</core>
<MemPortIdVec></MemPortIdVec>
<condition id="-1">
<or_exp><and_exp></and_exp></or_exp>
</condition>

<Node id="67" bw="8" op_0_bw="8" op_1_bw="64" op_2_bw="64">
<![CDATA[
:63  %sbox_addr_10 = getelementptr inbounds [256 x i8]* @sbox, i64 0, i64 %zext_ln68_10

]]></Node>
<StgValue><ssdm name="sbox_addr_10"/></StgValue>
</operation>

<operation id="117" st_id="12" stage="2" lat="2">
<core>ROM_nP</core>
<MemPortIdVec></MemPortIdVec>
<condition id="-1">
<or_exp><and_exp></and_exp></or_exp>
</condition>

<Node id="68" bw="8" op_0_bw="8">
<![CDATA[
:64  %sbox_load_10 = load i8* %sbox_addr_10, align 1

]]></Node>
<StgValue><ssdm name="sbox_load_10"/></StgValue>
</operation>
</state>

<state id="13" st_id="13">

<operation id="118" st_id="13" stage="1" lat="1">
<core>RAM</core>
<MemPortIdVec></MemPortIdVec>
<condition id="-1">
<or_exp><and_exp></and_exp></or_exp>
</condition>

<Node id="57" bw="0" op_0_bw="8" op_1_bw="4" op_2_bw="8">
<![CDATA[
:53  store i8 %sbox_load_8, i8* %state_addr_8, align 1

]]></Node>
<StgValue><ssdm name="store_ln68"/></StgValue>
</operation>

<operation id="119" st_id="13" stage="1" lat="1">
<core>RAM</core>
<MemPortIdVec></MemPortIdVec>
<condition id="-1">
<or_exp><and_exp></and_exp></or_exp>
</condition>

<Node id="63" bw="0" op_0_bw="8" op_1_bw="4" op_2_bw="8">
<![CDATA[
:59  store i8 %sbox_load_9, i8* %state_addr_9, align 1

]]></Node>
<StgValue><ssdm name="store_ln68"/></StgValue>
</operation>

<operation id="120" st_id="13" stage="1" lat="2">
<core>ROM_nP</core>
<MemPortIdVec></MemPortIdVec>
<condition id="-1">
<or_exp><and_exp></and_exp></or_exp>
</condition>

<Node id="68" bw="8" op_0_bw="8">
<![CDATA[
:64  %sbox_load_10 = load i8* %sbox_addr_10, align 1

]]></Node>
<StgValue><ssdm name="sbox_load_10"/></StgValue>
</operation>

<operation id="121" st_id="13" stage="1" lat="1">
<core>NULL</core>
<MemPortIdVec></MemPortIdVec>
<condition id="-1">
<or_exp><and_exp></and_exp></or_exp>
</condition>

<Node id="72" bw="64" op_0_bw="8">
<![CDATA[
:68  %zext_ln68_11 = zext i8 %state_load_11 to i64

]]></Node>
<StgValue><ssdm name="zext_ln68_11"/></StgValue>
</operation>

<operation id="122" st_id="13" stage="1" lat="1">
<core>NULL</core>
<MemPortIdVec></MemPortIdVec>
<condition id="-1">
<or_exp><and_exp></and_exp></or_exp>
</condition>

<Node id="73" bw="8" op_0_bw="8" op_1_bw="64" op_2_bw="64">
<![CDATA[
:69  %sbox_addr_11 = getelementptr inbounds [256 x i8]* @sbox, i64 0, i64 %zext_ln68_11

]]></Node>
<StgValue><ssdm name="sbox_addr_11"/></StgValue>
</operation>

<operation id="123" st_id="13" stage="2" lat="2">
<core>ROM_nP</core>
<MemPortIdVec></MemPortIdVec>
<condition id="-1">
<or_exp><and_exp></and_exp></or_exp>
</condition>

<Node id="74" bw="8" op_0_bw="8">
<![CDATA[
:70  %sbox_load_11 = load i8* %sbox_addr_11, align 1

]]></Node>
<StgValue><ssdm name="sbox_load_11"/></StgValue>
</operation>
</state>

<state id="14" st_id="14">

<operation id="124" st_id="14" stage="1" lat="1">
<core>RAM</core>
<MemPortIdVec></MemPortIdVec>
<condition id="-1">
<or_exp><and_exp></and_exp></or_exp>
</condition>

<Node id="69" bw="0" op_0_bw="8" op_1_bw="4" op_2_bw="8">
<![CDATA[
:65  store i8 %sbox_load_10, i8* %state_addr_10, align 1

]]></Node>
<StgValue><ssdm name="store_ln68"/></StgValue>
</operation>

<operation id="125" st_id="14" stage="1" lat="2">
<core>ROM_nP</core>
<MemPortIdVec></MemPortIdVec>
<condition id="-1">
<or_exp><and_exp></and_exp></or_exp>
</condition>

<Node id="74" bw="8" op_0_bw="8">
<![CDATA[
:70  %sbox_load_11 = load i8* %sbox_addr_11, align 1

]]></Node>
<StgValue><ssdm name="sbox_load_11"/></StgValue>
</operation>

<operation id="126" st_id="14" stage="1" lat="1">
<core>RAM</core>
<MemPortIdVec></MemPortIdVec>
<condition id="-1">
<or_exp><and_exp></and_exp></or_exp>
</condition>

<Node id="75" bw="0" op_0_bw="8" op_1_bw="4" op_2_bw="8">
<![CDATA[
:71  store i8 %sbox_load_11, i8* %state_addr_11, align 1

]]></Node>
<StgValue><ssdm name="store_ln68"/></StgValue>
</operation>

<operation id="127" st_id="14" stage="1" lat="1">
<core>NULL</core>
<MemPortIdVec></MemPortIdVec>
<condition id="-1">
<or_exp><and_exp></and_exp></or_exp>
</condition>

<Node id="78" bw="64" op_0_bw="8">
<![CDATA[
:74  %zext_ln68_12 = zext i8 %state_load_12 to i64

]]></Node>
<StgValue><ssdm name="zext_ln68_12"/></StgValue>
</operation>

<operation id="128" st_id="14" stage="1" lat="1">
<core>NULL</core>
<MemPortIdVec></MemPortIdVec>
<condition id="-1">
<or_exp><and_exp></and_exp></or_exp>
</condition>

<Node id="79" bw="8" op_0_bw="8" op_1_bw="64" op_2_bw="64">
<![CDATA[
:75  %sbox_addr_12 = getelementptr inbounds [256 x i8]* @sbox, i64 0, i64 %zext_ln68_12

]]></Node>
<StgValue><ssdm name="sbox_addr_12"/></StgValue>
</operation>

<operation id="129" st_id="14" stage="2" lat="2">
<core>ROM_nP</core>
<MemPortIdVec></MemPortIdVec>
<condition id="-1">
<or_exp><and_exp></and_exp></or_exp>
</condition>

<Node id="80" bw="8" op_0_bw="8">
<![CDATA[
:76  %sbox_load_12 = load i8* %sbox_addr_12, align 1

]]></Node>
<StgValue><ssdm name="sbox_load_12"/></StgValue>
</operation>
</state>

<state id="15" st_id="15">

<operation id="130" st_id="15" stage="1" lat="2">
<core>ROM_nP</core>
<MemPortIdVec></MemPortIdVec>
<condition id="-1">
<or_exp><and_exp></and_exp></or_exp>
</condition>

<Node id="80" bw="8" op_0_bw="8">
<![CDATA[
:76  %sbox_load_12 = load i8* %sbox_addr_12, align 1

]]></Node>
<StgValue><ssdm name="sbox_load_12"/></StgValue>
</operation>

<operation id="131" st_id="15" stage="1" lat="1">
<core>RAM</core>
<MemPortIdVec></MemPortIdVec>
<condition id="-1">
<or_exp><and_exp></and_exp></or_exp>
</condition>

<Node id="81" bw="0" op_0_bw="8" op_1_bw="4" op_2_bw="8">
<![CDATA[
:77  store i8 %sbox_load_12, i8* %state_addr_12, align 1

]]></Node>
<StgValue><ssdm name="store_ln68"/></StgValue>
</operation>

<operation id="132" st_id="15" stage="1" lat="1">
<core>NULL</core>
<MemPortIdVec></MemPortIdVec>
<condition id="-1">
<or_exp><and_exp></and_exp></or_exp>
</condition>

<Node id="84" bw="64" op_0_bw="8">
<![CDATA[
:80  %zext_ln68_13 = zext i8 %state_load_13 to i64

]]></Node>
<StgValue><ssdm name="zext_ln68_13"/></StgValue>
</operation>

<operation id="133" st_id="15" stage="1" lat="1">
<core>NULL</core>
<MemPortIdVec></MemPortIdVec>
<condition id="-1">
<or_exp><and_exp></and_exp></or_exp>
</condition>

<Node id="85" bw="8" op_0_bw="8" op_1_bw="64" op_2_bw="64">
<![CDATA[
:81  %sbox_addr_13 = getelementptr inbounds [256 x i8]* @sbox, i64 0, i64 %zext_ln68_13

]]></Node>
<StgValue><ssdm name="sbox_addr_13"/></StgValue>
</operation>

<operation id="134" st_id="15" stage="2" lat="2">
<core>ROM_nP</core>
<MemPortIdVec></MemPortIdVec>
<condition id="-1">
<or_exp><and_exp></and_exp></or_exp>
</condition>

<Node id="86" bw="8" op_0_bw="8">
<![CDATA[
:82  %sbox_load_13 = load i8* %sbox_addr_13, align 1

]]></Node>
<StgValue><ssdm name="sbox_load_13"/></StgValue>
</operation>
</state>

<state id="16" st_id="16">

<operation id="135" st_id="16" stage="1" lat="2">
<core>ROM_nP</core>
<MemPortIdVec></MemPortIdVec>
<condition id="-1">
<or_exp><and_exp></and_exp></or_exp>
</condition>

<Node id="86" bw="8" op_0_bw="8">
<![CDATA[
:82  %sbox_load_13 = load i8* %sbox_addr_13, align 1

]]></Node>
<StgValue><ssdm name="sbox_load_13"/></StgValue>
</operation>

<operation id="136" st_id="16" stage="1" lat="1">
<core>RAM</core>
<MemPortIdVec></MemPortIdVec>
<condition id="-1">
<or_exp><and_exp></and_exp></or_exp>
</condition>

<Node id="87" bw="0" op_0_bw="8" op_1_bw="4" op_2_bw="8">
<![CDATA[
:83  store i8 %sbox_load_13, i8* %state_addr_13, align 1

]]></Node>
<StgValue><ssdm name="store_ln68"/></StgValue>
</operation>

<operation id="137" st_id="16" stage="1" lat="1">
<core>NULL</core>
<MemPortIdVec></MemPortIdVec>
<condition id="-1">
<or_exp><and_exp></and_exp></or_exp>
</condition>

<Node id="90" bw="64" op_0_bw="8">
<![CDATA[
:86  %zext_ln68_14 = zext i8 %state_load_14 to i64

]]></Node>
<StgValue><ssdm name="zext_ln68_14"/></StgValue>
</operation>

<operation id="138" st_id="16" stage="1" lat="1">
<core>NULL</core>
<MemPortIdVec></MemPortIdVec>
<condition id="-1">
<or_exp><and_exp></and_exp></or_exp>
</condition>

<Node id="91" bw="8" op_0_bw="8" op_1_bw="64" op_2_bw="64">
<![CDATA[
:87  %sbox_addr_14 = getelementptr inbounds [256 x i8]* @sbox, i64 0, i64 %zext_ln68_14

]]></Node>
<StgValue><ssdm name="sbox_addr_14"/></StgValue>
</operation>

<operation id="139" st_id="16" stage="2" lat="2">
<core>ROM_nP</core>
<MemPortIdVec></MemPortIdVec>
<condition id="-1">
<or_exp><and_exp></and_exp></or_exp>
</condition>

<Node id="92" bw="8" op_0_bw="8">
<![CDATA[
:88  %sbox_load_14 = load i8* %sbox_addr_14, align 1

]]></Node>
<StgValue><ssdm name="sbox_load_14"/></StgValue>
</operation>
</state>

<state id="17" st_id="17">

<operation id="140" st_id="17" stage="1" lat="2">
<core>ROM_nP</core>
<MemPortIdVec></MemPortIdVec>
<condition id="-1">
<or_exp><and_exp></and_exp></or_exp>
</condition>

<Node id="92" bw="8" op_0_bw="8">
<![CDATA[
:88  %sbox_load_14 = load i8* %sbox_addr_14, align 1

]]></Node>
<StgValue><ssdm name="sbox_load_14"/></StgValue>
</operation>

<operation id="141" st_id="17" stage="1" lat="1">
<core>RAM</core>
<MemPortIdVec></MemPortIdVec>
<condition id="-1">
<or_exp><and_exp></and_exp></or_exp>
</condition>

<Node id="93" bw="0" op_0_bw="8" op_1_bw="4" op_2_bw="8">
<![CDATA[
:89  store i8 %sbox_load_14, i8* %state_addr_14, align 1

]]></Node>
<StgValue><ssdm name="store_ln68"/></StgValue>
</operation>

<operation id="142" st_id="17" stage="1" lat="1">
<core>NULL</core>
<MemPortIdVec></MemPortIdVec>
<condition id="-1">
<or_exp><and_exp></and_exp></or_exp>
</condition>

<Node id="96" bw="64" op_0_bw="8">
<![CDATA[
:92  %zext_ln68_15 = zext i8 %state_load_15 to i64

]]></Node>
<StgValue><ssdm name="zext_ln68_15"/></StgValue>
</operation>

<operation id="143" st_id="17" stage="1" lat="1">
<core>NULL</core>
<MemPortIdVec></MemPortIdVec>
<condition id="-1">
<or_exp><and_exp></and_exp></or_exp>
</condition>

<Node id="97" bw="8" op_0_bw="8" op_1_bw="64" op_2_bw="64">
<![CDATA[
:93  %sbox_addr_15 = getelementptr inbounds [256 x i8]* @sbox, i64 0, i64 %zext_ln68_15

]]></Node>
<StgValue><ssdm name="sbox_addr_15"/></StgValue>
</operation>

<operation id="144" st_id="17" stage="2" lat="2">
<core>ROM_nP</core>
<MemPortIdVec></MemPortIdVec>
<condition id="-1">
<or_exp><and_exp></and_exp></or_exp>
</condition>

<Node id="98" bw="8" op_0_bw="8">
<![CDATA[
:94  %sbox_load_15 = load i8* %sbox_addr_15, align 1

]]></Node>
<StgValue><ssdm name="sbox_load_15"/></StgValue>
</operation>
</state>

<state id="18" st_id="18">

<operation id="145" st_id="18" stage="1" lat="2">
<core>ROM_nP</core>
<MemPortIdVec></MemPortIdVec>
<condition id="-1">
<or_exp><and_exp></and_exp></or_exp>
</condition>

<Node id="98" bw="8" op_0_bw="8">
<![CDATA[
:94  %sbox_load_15 = load i8* %sbox_addr_15, align 1

]]></Node>
<StgValue><ssdm name="sbox_load_15"/></StgValue>
</operation>

<operation id="146" st_id="18" stage="1" lat="1">
<core>RAM</core>
<MemPortIdVec></MemPortIdVec>
<condition id="-1">
<or_exp><and_exp></and_exp></or_exp>
</condition>

<Node id="99" bw="0" op_0_bw="8" op_1_bw="4" op_2_bw="8">
<![CDATA[
:95  store i8 %sbox_load_15, i8* %state_addr_15, align 1

]]></Node>
<StgValue><ssdm name="store_ln68"/></StgValue>
</operation>

<operation id="147" st_id="18" stage="1" lat="1">
<core>NULL</core>
<MemPortIdVec></MemPortIdVec>
<condition id="-1">
<or_exp><and_exp></and_exp></or_exp>
</condition>

<Node id="100" bw="0">
<![CDATA[
:96  ret void

]]></Node>
<StgValue><ssdm name="ret_ln70"/></StgValue>
</operation>
</state>
</state_list>


<ports>
</ports>


<dataflows>
</dataflows>


</stg>
