<stg><name>forwardSubst1</name>


<trans_list>

<trans id="166" from="1" to="2">
<condition id="-1">
<or_exp><and_exp></and_exp></or_exp>
</condition>
</trans>

<trans id="167" from="2" to="3">
<condition id="-1">
<or_exp><and_exp></and_exp></or_exp>
</condition>
</trans>

<trans id="168" from="3" to="4">
<condition id="-1">
<or_exp><and_exp></and_exp></or_exp>
</condition>
</trans>

<trans id="169" from="4" to="5">
<condition id="-1">
<or_exp><and_exp></and_exp></or_exp>
</condition>
</trans>

<trans id="170" from="5" to="6">
<condition id="-1">
<or_exp><and_exp></and_exp></or_exp>
</condition>
</trans>

<trans id="171" from="6" to="7">
<condition id="-1">
<or_exp><and_exp></and_exp></or_exp>
</condition>
</trans>

<trans id="172" from="7" to="8">
<condition id="-1">
<or_exp><and_exp></and_exp></or_exp>
</condition>
</trans>

<trans id="173" from="8" to="9">
<condition id="-1">
<or_exp><and_exp></and_exp></or_exp>
</condition>
</trans>

<trans id="174" from="9" to="10">
<condition id="-1">
<or_exp><and_exp></and_exp></or_exp>
</condition>
</trans>

<trans id="175" from="10" to="11">
<condition id="-1">
<or_exp><and_exp></and_exp></or_exp>
</condition>
</trans>

<trans id="176" from="11" to="12">
<condition id="-1">
<or_exp><and_exp></and_exp></or_exp>
</condition>
</trans>

<trans id="177" from="12" to="13">
<condition id="-1">
<or_exp><and_exp></and_exp></or_exp>
</condition>
</trans>

<trans id="178" from="13" to="14">
<condition id="-1">
<or_exp><and_exp></and_exp></or_exp>
</condition>
</trans>

<trans id="179" from="14" to="15">
<condition id="-1">
<or_exp><and_exp></and_exp></or_exp>
</condition>
</trans>

<trans id="180" from="15" to="16">
<condition id="-1">
<or_exp><and_exp></and_exp></or_exp>
</condition>
</trans>

<trans id="181" from="16" to="17">
<condition id="-1">
<or_exp><and_exp></and_exp></or_exp>
</condition>
</trans>

<trans id="182" from="17" to="18">
<condition id="-1">
<or_exp><and_exp></and_exp></or_exp>
</condition>
</trans>
</trans_list>



<state_list>

<state id="1" st_id="1">

<operation id="19" st_id="1" stage="1" lat="1">
<core>NULL</core>
<MemPortIdVec></MemPortIdVec>
<condition id="-1">
<or_exp><and_exp></and_exp></or_exp>
</condition>

<Node id="4" bw="4" op_0_bw="8" op_1_bw="64" op_2_bw="64">
<![CDATA[
:0  %state_addr = getelementptr [16 x i8]* %state, i64 0, i64 0

]]></Node>
<StgValue><ssdm name="state_addr"/></StgValue>
</operation>

<operation id="20" st_id="1" stage="2" lat="2">
<core>RAM</core>
<MemPortIdVec>0 </MemPortIdVec>
<condition id="-1">
<or_exp><and_exp></and_exp></or_exp>
</condition>

<Node id="5" bw="8" op_0_bw="4">
<![CDATA[
:1  %state_load = load i8* %state_addr, align 1

]]></Node>
<StgValue><ssdm name="state_load"/></StgValue>
</operation>

<operation id="21" st_id="1" stage="1" lat="1">
<core>NULL</core>
<MemPortIdVec></MemPortIdVec>
<condition id="-1">
<or_exp><and_exp></and_exp></or_exp>
</condition>

<Node id="10" bw="4" op_0_bw="8" op_1_bw="64" op_2_bw="64">
<![CDATA[
:6  %state_addr_1 = getelementptr [16 x i8]* %state, i64 0, i64 1

]]></Node>
<StgValue><ssdm name="state_addr_1"/></StgValue>
</operation>

<operation id="22" st_id="1" stage="2" lat="2">
<core>RAM</core>
<MemPortIdVec>1 </MemPortIdVec>
<condition id="-1">
<or_exp><and_exp></and_exp></or_exp>
</condition>

<Node id="11" bw="8" op_0_bw="4">
<![CDATA[
:7  %state_load_1 = load i8* %state_addr_1, align 1

]]></Node>
<StgValue><ssdm name="state_load_1"/></StgValue>
</operation>
</state>

<state id="2" st_id="2">

<operation id="23" st_id="2" stage="1" lat="2">
<core>RAM</core>
<MemPortIdVec>0 </MemPortIdVec>
<condition id="-1">
<or_exp><and_exp></and_exp></or_exp>
</condition>

<Node id="5" bw="8" op_0_bw="4">
<![CDATA[
:1  %state_load = load i8* %state_addr, align 1

]]></Node>
<StgValue><ssdm name="state_load"/></StgValue>
</operation>

<operation id="24" st_id="2" stage="1" lat="1">
<core>NULL</core>
<MemPortIdVec></MemPortIdVec>
<condition id="-1">
<or_exp><and_exp></and_exp></or_exp>
</condition>

<Node id="6" bw="64" op_0_bw="8">
<![CDATA[
:2  %zext_ln68 = zext i8 %state_load to i64

]]></Node>
<StgValue><ssdm name="zext_ln68"/></StgValue>
</operation>

<operation id="25" st_id="2" stage="1" lat="1">
<core>NULL</core>
<MemPortIdVec></MemPortIdVec>
<condition id="-1">
<or_exp><and_exp></and_exp></or_exp>
</condition>

<Node id="7" bw="8" op_0_bw="8" op_1_bw="64" op_2_bw="64">
<![CDATA[
:3  %sbox_addr = getelementptr inbounds [256 x i8]* @sbox, i64 0, i64 %zext_ln68

]]></Node>
<StgValue><ssdm name="sbox_addr"/></StgValue>
</operation>

<operation id="26" st_id="2" stage="2" lat="2">
<core>ROM_nP</core>
<MemPortIdVec>0 </MemPortIdVec>
<condition id="-1">
<or_exp><and_exp></and_exp></or_exp>
</condition>

<Node id="8" bw="8" op_0_bw="8">
<![CDATA[
:4  %sbox_load = load i8* %sbox_addr, align 1

]]></Node>
<StgValue><ssdm name="sbox_load"/></StgValue>
</operation>

<operation id="27" st_id="2" stage="1" lat="2">
<core>RAM</core>
<MemPortIdVec>1 </MemPortIdVec>
<condition id="-1">
<or_exp><and_exp></and_exp></or_exp>
</condition>

<Node id="11" bw="8" op_0_bw="4">
<![CDATA[
:7  %state_load_1 = load i8* %state_addr_1, align 1

]]></Node>
<StgValue><ssdm name="state_load_1"/></StgValue>
</operation>

<operation id="28" st_id="2" stage="1" lat="1">
<core>NULL</core>
<MemPortIdVec></MemPortIdVec>
<condition id="-1">
<or_exp><and_exp></and_exp></or_exp>
</condition>

<Node id="16" bw="4" op_0_bw="8" op_1_bw="64" op_2_bw="64">
<![CDATA[
:12  %state_addr_2 = getelementptr [16 x i8]* %state, i64 0, i64 2

]]></Node>
<StgValue><ssdm name="state_addr_2"/></StgValue>
</operation>

<operation id="29" st_id="2" stage="2" lat="2">
<core>RAM</core>
<MemPortIdVec>0 </MemPortIdVec>
<condition id="-1">
<or_exp><and_exp></and_exp></or_exp>
</condition>

<Node id="17" bw="8" op_0_bw="4">
<![CDATA[
:13  %state_load_2 = load i8* %state_addr_2, align 1

]]></Node>
<StgValue><ssdm name="state_load_2"/></StgValue>
</operation>

<operation id="30" st_id="2" stage="1" lat="1">
<core>NULL</core>
<MemPortIdVec></MemPortIdVec>
<condition id="-1">
<or_exp><and_exp></and_exp></or_exp>
</condition>

<Node id="22" bw="4" op_0_bw="8" op_1_bw="64" op_2_bw="64">
<![CDATA[
:18  %state_addr_3 = getelementptr [16 x i8]* %state, i64 0, i64 3

]]></Node>
<StgValue><ssdm name="state_addr_3"/></StgValue>
</operation>

<operation id="31" st_id="2" stage="2" lat="2">
<core>RAM</core>
<MemPortIdVec>1 </MemPortIdVec>
<condition id="-1">
<or_exp><and_exp></and_exp></or_exp>
</condition>

<Node id="23" bw="8" op_0_bw="4">
<![CDATA[
:19  %state_load_3 = load i8* %state_addr_3, align 1

]]></Node>
<StgValue><ssdm name="state_load_3"/></StgValue>
</operation>
</state>

<state id="3" st_id="3">

<operation id="32" st_id="3" stage="1" lat="2">
<core>ROM_nP</core>
<MemPortIdVec>0 </MemPortIdVec>
<condition id="-1">
<or_exp><and_exp></and_exp></or_exp>
</condition>

<Node id="8" bw="8" op_0_bw="8">
<![CDATA[
:4  %sbox_load = load i8* %sbox_addr, align 1

]]></Node>
<StgValue><ssdm name="sbox_load"/></StgValue>
</operation>

<operation id="33" st_id="3" stage="1" lat="1">
<core>NULL</core>
<MemPortIdVec></MemPortIdVec>
<condition id="-1">
<or_exp><and_exp></and_exp></or_exp>
</condition>

<Node id="12" bw="64" op_0_bw="8">
<![CDATA[
:8  %zext_ln68_1 = zext i8 %state_load_1 to i64

]]></Node>
<StgValue><ssdm name="zext_ln68_1"/></StgValue>
</operation>

<operation id="34" st_id="3" stage="1" lat="1">
<core>NULL</core>
<MemPortIdVec></MemPortIdVec>
<condition id="-1">
<or_exp><and_exp></and_exp></or_exp>
</condition>

<Node id="13" bw="8" op_0_bw="8" op_1_bw="64" op_2_bw="64">
<![CDATA[
:9  %sbox_addr_1 = getelementptr inbounds [256 x i8]* @sbox, i64 0, i64 %zext_ln68_1

]]></Node>
<StgValue><ssdm name="sbox_addr_1"/></StgValue>
</operation>

<operation id="35" st_id="3" stage="2" lat="2">
<core>ROM_nP</core>
<MemPortIdVec>0 </MemPortIdVec>
<condition id="-1">
<or_exp><and_exp></and_exp></or_exp>
</condition>

<Node id="14" bw="8" op_0_bw="8">
<![CDATA[
:10  %sbox_load_1 = load i8* %sbox_addr_1, align 1

]]></Node>
<StgValue><ssdm name="sbox_load_1"/></StgValue>
</operation>

<operation id="36" st_id="3" stage="1" lat="2">
<core>RAM</core>
<MemPortIdVec>0 </MemPortIdVec>
<condition id="-1">
<or_exp><and_exp></and_exp></or_exp>
</condition>

<Node id="17" bw="8" op_0_bw="4">
<![CDATA[
:13  %state_load_2 = load i8* %state_addr_2, align 1

]]></Node>
<StgValue><ssdm name="state_load_2"/></StgValue>
</operation>

<operation id="37" st_id="3" stage="1" lat="2">
<core>RAM</core>
<MemPortIdVec>1 </MemPortIdVec>
<condition id="-1">
<or_exp><and_exp></and_exp></or_exp>
</condition>

<Node id="23" bw="8" op_0_bw="4">
<![CDATA[
:19  %state_load_3 = load i8* %state_addr_3, align 1

]]></Node>
<StgValue><ssdm name="state_load_3"/></StgValue>
</operation>

<operation id="38" st_id="3" stage="1" lat="1">
<core>NULL</core>
<MemPortIdVec></MemPortIdVec>
<condition id="-1">
<or_exp><and_exp></and_exp></or_exp>
</condition>

<Node id="28" bw="4" op_0_bw="8" op_1_bw="64" op_2_bw="64">
<![CDATA[
:24  %state_addr_4 = getelementptr [16 x i8]* %state, i64 0, i64 4

]]></Node>
<StgValue><ssdm name="state_addr_4"/></StgValue>
</operation>

<operation id="39" st_id="3" stage="2" lat="2">
<core>RAM</core>
<MemPortIdVec>0 </MemPortIdVec>
<condition id="-1">
<or_exp><and_exp></and_exp></or_exp>
</condition>

<Node id="29" bw="8" op_0_bw="4">
<![CDATA[
:25  %state_load_4 = load i8* %state_addr_4, align 1

]]></Node>
<StgValue><ssdm name="state_load_4"/></StgValue>
</operation>

<operation id="40" st_id="3" stage="1" lat="1">
<core>NULL</core>
<MemPortIdVec></MemPortIdVec>
<condition id="-1">
<or_exp><and_exp></and_exp></or_exp>
</condition>

<Node id="34" bw="4" op_0_bw="8" op_1_bw="64" op_2_bw="64">
<![CDATA[
:30  %state_addr_5 = getelementptr [16 x i8]* %state, i64 0, i64 5

]]></Node>
<StgValue><ssdm name="state_addr_5"/></StgValue>
</operation>

<operation id="41" st_id="3" stage="2" lat="2">
<core>RAM</core>
<MemPortIdVec>1 </MemPortIdVec>
<condition id="-1">
<or_exp><and_exp></and_exp></or_exp>
</condition>

<Node id="35" bw="8" op_0_bw="4">
<![CDATA[
:31  %state_load_5 = load i8* %state_addr_5, align 1

]]></Node>
<StgValue><ssdm name="state_load_5"/></StgValue>
</operation>
</state>

<state id="4" st_id="4">

<operation id="42" st_id="4" stage="1" lat="2">
<core>ROM_nP</core>
<MemPortIdVec>0 </MemPortIdVec>
<condition id="-1">
<or_exp><and_exp></and_exp></or_exp>
</condition>

<Node id="14" bw="8" op_0_bw="8">
<![CDATA[
:10  %sbox_load_1 = load i8* %sbox_addr_1, align 1

]]></Node>
<StgValue><ssdm name="sbox_load_1"/></StgValue>
</operation>

<operation id="43" st_id="4" stage="1" lat="1">
<core>NULL</core>
<MemPortIdVec></MemPortIdVec>
<condition id="-1">
<or_exp><and_exp></and_exp></or_exp>
</condition>

<Node id="18" bw="64" op_0_bw="8">
<![CDATA[
:14  %zext_ln68_2 = zext i8 %state_load_2 to i64

]]></Node>
<StgValue><ssdm name="zext_ln68_2"/></StgValue>
</operation>

<operation id="44" st_id="4" stage="1" lat="1">
<core>NULL</core>
<MemPortIdVec></MemPortIdVec>
<condition id="-1">
<or_exp><and_exp></and_exp></or_exp>
</condition>

<Node id="19" bw="8" op_0_bw="8" op_1_bw="64" op_2_bw="64">
<![CDATA[
:15  %sbox_addr_2 = getelementptr inbounds [256 x i8]* @sbox, i64 0, i64 %zext_ln68_2

]]></Node>
<StgValue><ssdm name="sbox_addr_2"/></StgValue>
</operation>

<operation id="45" st_id="4" stage="2" lat="2">
<core>ROM_nP</core>
<MemPortIdVec>0 </MemPortIdVec>
<condition id="-1">
<or_exp><and_exp></and_exp></or_exp>
</condition>

<Node id="20" bw="8" op_0_bw="8">
<![CDATA[
:16  %sbox_load_2 = load i8* %sbox_addr_2, align 1

]]></Node>
<StgValue><ssdm name="sbox_load_2"/></StgValue>
</operation>

<operation id="46" st_id="4" stage="1" lat="2">
<core>RAM</core>
<MemPortIdVec>0 </MemPortIdVec>
<condition id="-1">
<or_exp><and_exp></and_exp></or_exp>
</condition>

<Node id="29" bw="8" op_0_bw="4">
<![CDATA[
:25  %state_load_4 = load i8* %state_addr_4, align 1

]]></Node>
<StgValue><ssdm name="state_load_4"/></StgValue>
</operation>

<operation id="47" st_id="4" stage="1" lat="2">
<core>RAM</core>
<MemPortIdVec>1 </MemPortIdVec>
<condition id="-1">
<or_exp><and_exp></and_exp></or_exp>
</condition>

<Node id="35" bw="8" op_0_bw="4">
<![CDATA[
:31  %state_load_5 = load i8* %state_addr_5, align 1

]]></Node>
<StgValue><ssdm name="state_load_5"/></StgValue>
</operation>

<operation id="48" st_id="4" stage="1" lat="1">
<core>NULL</core>
<MemPortIdVec></MemPortIdVec>
<condition id="-1">
<or_exp><and_exp></and_exp></or_exp>
</condition>

<Node id="40" bw="4" op_0_bw="8" op_1_bw="64" op_2_bw="64">
<![CDATA[
:36  %state_addr_6 = getelementptr [16 x i8]* %state, i64 0, i64 6

]]></Node>
<StgValue><ssdm name="state_addr_6"/></StgValue>
</operation>

<operation id="49" st_id="4" stage="2" lat="2">
<core>RAM</core>
<MemPortIdVec>0 </MemPortIdVec>
<condition id="-1">
<or_exp><and_exp></and_exp></or_exp>
</condition>

<Node id="41" bw="8" op_0_bw="4">
<![CDATA[
:37  %state_load_6 = load i8* %state_addr_6, align 1

]]></Node>
<StgValue><ssdm name="state_load_6"/></StgValue>
</operation>

<operation id="50" st_id="4" stage="1" lat="1">
<core>NULL</core>
<MemPortIdVec></MemPortIdVec>
<condition id="-1">
<or_exp><and_exp></and_exp></or_exp>
</condition>

<Node id="46" bw="4" op_0_bw="8" op_1_bw="64" op_2_bw="64">
<![CDATA[
:42  %state_addr_7 = getelementptr [16 x i8]* %state, i64 0, i64 7

]]></Node>
<StgValue><ssdm name="state_addr_7"/></StgValue>
</operation>

<operation id="51" st_id="4" stage="2" lat="2">
<core>RAM</core>
<MemPortIdVec>1 </MemPortIdVec>
<condition id="-1">
<or_exp><and_exp></and_exp></or_exp>
</condition>

<Node id="47" bw="8" op_0_bw="4">
<![CDATA[
:43  %state_load_7 = load i8* %state_addr_7, align 1

]]></Node>
<StgValue><ssdm name="state_load_7"/></StgValue>
</operation>
</state>

<state id="5" st_id="5">

<operation id="52" st_id="5" stage="1" lat="2">
<core>ROM_nP</core>
<MemPortIdVec>0 </MemPortIdVec>
<condition id="-1">
<or_exp><and_exp></and_exp></or_exp>
</condition>

<Node id="20" bw="8" op_0_bw="8">
<![CDATA[
:16  %sbox_load_2 = load i8* %sbox_addr_2, align 1

]]></Node>
<StgValue><ssdm name="sbox_load_2"/></StgValue>
</operation>

<operation id="53" st_id="5" stage="1" lat="1">
<core>NULL</core>
<MemPortIdVec></MemPortIdVec>
<condition id="-1">
<or_exp><and_exp></and_exp></or_exp>
</condition>

<Node id="24" bw="64" op_0_bw="8">
<![CDATA[
:20  %zext_ln68_3 = zext i8 %state_load_3 to i64

]]></Node>
<StgValue><ssdm name="zext_ln68_3"/></StgValue>
</operation>

<operation id="54" st_id="5" stage="1" lat="1">
<core>NULL</core>
<MemPortIdVec></MemPortIdVec>
<condition id="-1">
<or_exp><and_exp></and_exp></or_exp>
</condition>

<Node id="25" bw="8" op_0_bw="8" op_1_bw="64" op_2_bw="64">
<![CDATA[
:21  %sbox_addr_3 = getelementptr inbounds [256 x i8]* @sbox, i64 0, i64 %zext_ln68_3

]]></Node>
<StgValue><ssdm name="sbox_addr_3"/></StgValue>
</operation>

<operation id="55" st_id="5" stage="2" lat="2">
<core>ROM_nP</core>
<MemPortIdVec>0 </MemPortIdVec>
<condition id="-1">
<or_exp><and_exp></and_exp></or_exp>
</condition>

<Node id="26" bw="8" op_0_bw="8">
<![CDATA[
:22  %sbox_load_3 = load i8* %sbox_addr_3, align 1

]]></Node>
<StgValue><ssdm name="sbox_load_3"/></StgValue>
</operation>

<operation id="56" st_id="5" stage="1" lat="2">
<core>RAM</core>
<MemPortIdVec>0 </MemPortIdVec>
<condition id="-1">
<or_exp><and_exp></and_exp></or_exp>
</condition>

<Node id="41" bw="8" op_0_bw="4">
<![CDATA[
:37  %state_load_6 = load i8* %state_addr_6, align 1

]]></Node>
<StgValue><ssdm name="state_load_6"/></StgValue>
</operation>

<operation id="57" st_id="5" stage="1" lat="2">
<core>RAM</core>
<MemPortIdVec>1 </MemPortIdVec>
<condition id="-1">
<or_exp><and_exp></and_exp></or_exp>
</condition>

<Node id="47" bw="8" op_0_bw="4">
<![CDATA[
:43  %state_load_7 = load i8* %state_addr_7, align 1

]]></Node>
<StgValue><ssdm name="state_load_7"/></StgValue>
</operation>

<operation id="58" st_id="5" stage="1" lat="1">
<core>NULL</core>
<MemPortIdVec></MemPortIdVec>
<condition id="-1">
<or_exp><and_exp></and_exp></or_exp>
</condition>

<Node id="52" bw="4" op_0_bw="8" op_1_bw="64" op_2_bw="64">
<![CDATA[
:48  %state_addr_8 = getelementptr [16 x i8]* %state, i64 0, i64 8

]]></Node>
<StgValue><ssdm name="state_addr_8"/></StgValue>
</operation>

<operation id="59" st_id="5" stage="2" lat="2">
<core>RAM</core>
<MemPortIdVec>0 </MemPortIdVec>
<condition id="-1">
<or_exp><and_exp></and_exp></or_exp>
</condition>

<Node id="53" bw="8" op_0_bw="4">
<![CDATA[
:49  %state_load_8 = load i8* %state_addr_8, align 1

]]></Node>
<StgValue><ssdm name="state_load_8"/></StgValue>
</operation>

<operation id="60" st_id="5" stage="1" lat="1">
<core>NULL</core>
<MemPortIdVec></MemPortIdVec>
<condition id="-1">
<or_exp><and_exp></and_exp></or_exp>
</condition>

<Node id="58" bw="4" op_0_bw="8" op_1_bw="64" op_2_bw="64">
<![CDATA[
:54  %state_addr_9 = getelementptr [16 x i8]* %state, i64 0, i64 9

]]></Node>
<StgValue><ssdm name="state_addr_9"/></StgValue>
</operation>

<operation id="61" st_id="5" stage="2" lat="2">
<core>RAM</core>
<MemPortIdVec>1 </MemPortIdVec>
<condition id="-1">
<or_exp><and_exp></and_exp></or_exp>
</condition>

<Node id="59" bw="8" op_0_bw="4">
<![CDATA[
:55  %state_load_9 = load i8* %state_addr_9, align 1

]]></Node>
<StgValue><ssdm name="state_load_9"/></StgValue>
</operation>
</state>

<state id="6" st_id="6">

<operation id="62" st_id="6" stage="1" lat="2">
<core>ROM_nP</core>
<MemPortIdVec>0 </MemPortIdVec>
<condition id="-1">
<or_exp><and_exp></and_exp></or_exp>
</condition>

<Node id="26" bw="8" op_0_bw="8">
<![CDATA[
:22  %sbox_load_3 = load i8* %sbox_addr_3, align 1

]]></Node>
<StgValue><ssdm name="sbox_load_3"/></StgValue>
</operation>

<operation id="63" st_id="6" stage="1" lat="1">
<core>NULL</core>
<MemPortIdVec></MemPortIdVec>
<condition id="-1">
<or_exp><and_exp></and_exp></or_exp>
</condition>

<Node id="30" bw="64" op_0_bw="8">
<![CDATA[
:26  %zext_ln68_4 = zext i8 %state_load_4 to i64

]]></Node>
<StgValue><ssdm name="zext_ln68_4"/></StgValue>
</operation>

<operation id="64" st_id="6" stage="1" lat="1">
<core>NULL</core>
<MemPortIdVec></MemPortIdVec>
<condition id="-1">
<or_exp><and_exp></and_exp></or_exp>
</condition>

<Node id="31" bw="8" op_0_bw="8" op_1_bw="64" op_2_bw="64">
<![CDATA[
:27  %sbox_addr_4 = getelementptr inbounds [256 x i8]* @sbox, i64 0, i64 %zext_ln68_4

]]></Node>
<StgValue><ssdm name="sbox_addr_4"/></StgValue>
</operation>

<operation id="65" st_id="6" stage="2" lat="2">
<core>ROM_nP</core>
<MemPortIdVec>0 </MemPortIdVec>
<condition id="-1">
<or_exp><and_exp></and_exp></or_exp>
</condition>

<Node id="32" bw="8" op_0_bw="8">
<![CDATA[
:28  %sbox_load_4 = load i8* %sbox_addr_4, align 1

]]></Node>
<StgValue><ssdm name="sbox_load_4"/></StgValue>
</operation>

<operation id="66" st_id="6" stage="1" lat="2">
<core>RAM</core>
<MemPortIdVec>0 </MemPortIdVec>
<condition id="-1">
<or_exp><and_exp></and_exp></or_exp>
</condition>

<Node id="53" bw="8" op_0_bw="4">
<![CDATA[
:49  %state_load_8 = load i8* %state_addr_8, align 1

]]></Node>
<StgValue><ssdm name="state_load_8"/></StgValue>
</operation>

<operation id="67" st_id="6" stage="1" lat="2">
<core>RAM</core>
<MemPortIdVec>1 </MemPortIdVec>
<condition id="-1">
<or_exp><and_exp></and_exp></or_exp>
</condition>

<Node id="59" bw="8" op_0_bw="4">
<![CDATA[
:55  %state_load_9 = load i8* %state_addr_9, align 1

]]></Node>
<StgValue><ssdm name="state_load_9"/></StgValue>
</operation>

<operation id="68" st_id="6" stage="1" lat="1">
<core>NULL</core>
<MemPortIdVec></MemPortIdVec>
<condition id="-1">
<or_exp><and_exp></and_exp></or_exp>
</condition>

<Node id="64" bw="4" op_0_bw="8" op_1_bw="64" op_2_bw="64">
<![CDATA[
:60  %state_addr_10 = getelementptr [16 x i8]* %state, i64 0, i64 10

]]></Node>
<StgValue><ssdm name="state_addr_10"/></StgValue>
</operation>

<operation id="69" st_id="6" stage="2" lat="2">
<core>RAM</core>
<MemPortIdVec>0 </MemPortIdVec>
<condition id="-1">
<or_exp><and_exp></and_exp></or_exp>
</condition>

<Node id="65" bw="8" op_0_bw="4">
<![CDATA[
:61  %state_load_10 = load i8* %state_addr_10, align 1

]]></Node>
<StgValue><ssdm name="state_load_10"/></StgValue>
</operation>

<operation id="70" st_id="6" stage="1" lat="1">
<core>NULL</core>
<MemPortIdVec></MemPortIdVec>
<condition id="-1">
<or_exp><and_exp></and_exp></or_exp>
</condition>

<Node id="70" bw="4" op_0_bw="8" op_1_bw="64" op_2_bw="64">
<![CDATA[
:66  %state_addr_11 = getelementptr [16 x i8]* %state, i64 0, i64 11

]]></Node>
<StgValue><ssdm name="state_addr_11"/></StgValue>
</operation>

<operation id="71" st_id="6" stage="2" lat="2">
<core>RAM</core>
<MemPortIdVec>1 </MemPortIdVec>
<condition id="-1">
<or_exp><and_exp></and_exp></or_exp>
</condition>

<Node id="71" bw="8" op_0_bw="4">
<![CDATA[
:67  %state_load_11 = load i8* %state_addr_11, align 1

]]></Node>
<StgValue><ssdm name="state_load_11"/></StgValue>
</operation>
</state>

<state id="7" st_id="7">

<operation id="72" st_id="7" stage="1" lat="2">
<core>ROM_nP</core>
<MemPortIdVec>0 </MemPortIdVec>
<condition id="-1">
<or_exp><and_exp></and_exp></or_exp>
</condition>

<Node id="32" bw="8" op_0_bw="8">
<![CDATA[
:28  %sbox_load_4 = load i8* %sbox_addr_4, align 1

]]></Node>
<StgValue><ssdm name="sbox_load_4"/></StgValue>
</operation>

<operation id="73" st_id="7" stage="1" lat="1">
<core>NULL</core>
<MemPortIdVec></MemPortIdVec>
<condition id="-1">
<or_exp><and_exp></and_exp></or_exp>
</condition>

<Node id="36" bw="64" op_0_bw="8">
<![CDATA[
:32  %zext_ln68_5 = zext i8 %state_load_5 to i64

]]></Node>
<StgValue><ssdm name="zext_ln68_5"/></StgValue>
</operation>

<operation id="74" st_id="7" stage="1" lat="1">
<core>NULL</core>
<MemPortIdVec></MemPortIdVec>
<condition id="-1">
<or_exp><and_exp></and_exp></or_exp>
</condition>

<Node id="37" bw="8" op_0_bw="8" op_1_bw="64" op_2_bw="64">
<![CDATA[
:33  %sbox_addr_5 = getelementptr inbounds [256 x i8]* @sbox, i64 0, i64 %zext_ln68_5

]]></Node>
<StgValue><ssdm name="sbox_addr_5"/></StgValue>
</operation>

<operation id="75" st_id="7" stage="2" lat="2">
<core>ROM_nP</core>
<MemPortIdVec>0 </MemPortIdVec>
<condition id="-1">
<or_exp><and_exp></and_exp></or_exp>
</condition>

<Node id="38" bw="8" op_0_bw="8">
<![CDATA[
:34  %sbox_load_5 = load i8* %sbox_addr_5, align 1

]]></Node>
<StgValue><ssdm name="sbox_load_5"/></StgValue>
</operation>

<operation id="76" st_id="7" stage="1" lat="2">
<core>RAM</core>
<MemPortIdVec>0 </MemPortIdVec>
<condition id="-1">
<or_exp><and_exp></and_exp></or_exp>
</condition>

<Node id="65" bw="8" op_0_bw="4">
<![CDATA[
:61  %state_load_10 = load i8* %state_addr_10, align 1

]]></Node>
<StgValue><ssdm name="state_load_10"/></StgValue>
</operation>

<operation id="77" st_id="7" stage="1" lat="2">
<core>RAM</core>
<MemPortIdVec>1 </MemPortIdVec>
<condition id="-1">
<or_exp><and_exp></and_exp></or_exp>
</condition>

<Node id="71" bw="8" op_0_bw="4">
<![CDATA[
:67  %state_load_11 = load i8* %state_addr_11, align 1

]]></Node>
<StgValue><ssdm name="state_load_11"/></StgValue>
</operation>

<operation id="78" st_id="7" stage="1" lat="1">
<core>NULL</core>
<MemPortIdVec></MemPortIdVec>
<condition id="-1">
<or_exp><and_exp></and_exp></or_exp>
</condition>

<Node id="76" bw="4" op_0_bw="8" op_1_bw="64" op_2_bw="64">
<![CDATA[
:72  %state_addr_12 = getelementptr [16 x i8]* %state, i64 0, i64 12

]]></Node>
<StgValue><ssdm name="state_addr_12"/></StgValue>
</operation>

<operation id="79" st_id="7" stage="2" lat="2">
<core>RAM</core>
<MemPortIdVec>0 </MemPortIdVec>
<condition id="-1">
<or_exp><and_exp></and_exp></or_exp>
</condition>

<Node id="77" bw="8" op_0_bw="4">
<![CDATA[
:73  %state_load_12 = load i8* %state_addr_12, align 1

]]></Node>
<StgValue><ssdm name="state_load_12"/></StgValue>
</operation>

<operation id="80" st_id="7" stage="1" lat="1">
<core>NULL</core>
<MemPortIdVec></MemPortIdVec>
<condition id="-1">
<or_exp><and_exp></and_exp></or_exp>
</condition>

<Node id="82" bw="4" op_0_bw="8" op_1_bw="64" op_2_bw="64">
<![CDATA[
:78  %state_addr_13 = getelementptr [16 x i8]* %state, i64 0, i64 13

]]></Node>
<StgValue><ssdm name="state_addr_13"/></StgValue>
</operation>

<operation id="81" st_id="7" stage="2" lat="2">
<core>RAM</core>
<MemPortIdVec>1 </MemPortIdVec>
<condition id="-1">
<or_exp><and_exp></and_exp></or_exp>
</condition>

<Node id="83" bw="8" op_0_bw="4">
<![CDATA[
:79  %state_load_13 = load i8* %state_addr_13, align 1

]]></Node>
<StgValue><ssdm name="state_load_13"/></StgValue>
</operation>
</state>

<state id="8" st_id="8">

<operation id="82" st_id="8" stage="1" lat="2">
<core>ROM_nP</core>
<MemPortIdVec>0 </MemPortIdVec>
<condition id="-1">
<or_exp><and_exp></and_exp></or_exp>
</condition>

<Node id="38" bw="8" op_0_bw="8">
<![CDATA[
:34  %sbox_load_5 = load i8* %sbox_addr_5, align 1

]]></Node>
<StgValue><ssdm name="sbox_load_5"/></StgValue>
</operation>

<operation id="83" st_id="8" stage="1" lat="1">
<core>NULL</core>
<MemPortIdVec></MemPortIdVec>
<condition id="-1">
<or_exp><and_exp></and_exp></or_exp>
</condition>

<Node id="42" bw="64" op_0_bw="8">
<![CDATA[
:38  %zext_ln68_6 = zext i8 %state_load_6 to i64

]]></Node>
<StgValue><ssdm name="zext_ln68_6"/></StgValue>
</operation>

<operation id="84" st_id="8" stage="1" lat="1">
<core>NULL</core>
<MemPortIdVec></MemPortIdVec>
<condition id="-1">
<or_exp><and_exp></and_exp></or_exp>
</condition>

<Node id="43" bw="8" op_0_bw="8" op_1_bw="64" op_2_bw="64">
<![CDATA[
:39  %sbox_addr_6 = getelementptr inbounds [256 x i8]* @sbox, i64 0, i64 %zext_ln68_6

]]></Node>
<StgValue><ssdm name="sbox_addr_6"/></StgValue>
</operation>

<operation id="85" st_id="8" stage="2" lat="2">
<core>ROM_nP</core>
<MemPortIdVec>0 </MemPortIdVec>
<condition id="-1">
<or_exp><and_exp></and_exp></or_exp>
</condition>

<Node id="44" bw="8" op_0_bw="8">
<![CDATA[
:40  %sbox_load_6 = load i8* %sbox_addr_6, align 1

]]></Node>
<StgValue><ssdm name="sbox_load_6"/></StgValue>
</operation>

<operation id="86" st_id="8" stage="1" lat="2">
<core>RAM</core>
<MemPortIdVec>0 </MemPortIdVec>
<condition id="-1">
<or_exp><and_exp></and_exp></or_exp>
</condition>

<Node id="77" bw="8" op_0_bw="4">
<![CDATA[
:73  %state_load_12 = load i8* %state_addr_12, align 1

]]></Node>
<StgValue><ssdm name="state_load_12"/></StgValue>
</operation>

<operation id="87" st_id="8" stage="1" lat="2">
<core>RAM</core>
<MemPortIdVec>1 </MemPortIdVec>
<condition id="-1">
<or_exp><and_exp></and_exp></or_exp>
</condition>

<Node id="83" bw="8" op_0_bw="4">
<![CDATA[
:79  %state_load_13 = load i8* %state_addr_13, align 1

]]></Node>
<StgValue><ssdm name="state_load_13"/></StgValue>
</operation>

<operation id="88" st_id="8" stage="1" lat="1">
<core>NULL</core>
<MemPortIdVec></MemPortIdVec>
<condition id="-1">
<or_exp><and_exp></and_exp></or_exp>
</condition>

<Node id="88" bw="4" op_0_bw="8" op_1_bw="64" op_2_bw="64">
<![CDATA[
:84  %state_addr_14 = getelementptr [16 x i8]* %state, i64 0, i64 14

]]></Node>
<StgValue><ssdm name="state_addr_14"/></StgValue>
</operation>

<operation id="89" st_id="8" stage="2" lat="2">
<core>RAM</core>
<MemPortIdVec>0 </MemPortIdVec>
<condition id="-1">
<or_exp><and_exp></and_exp></or_exp>
</condition>

<Node id="89" bw="8" op_0_bw="4">
<![CDATA[
:85  %state_load_14 = load i8* %state_addr_14, align 1

]]></Node>
<StgValue><ssdm name="state_load_14"/></StgValue>
</operation>

<operation id="90" st_id="8" stage="1" lat="1">
<core>NULL</core>
<MemPortIdVec></MemPortIdVec>
<condition id="-1">
<or_exp><and_exp></and_exp></or_exp>
</condition>

<Node id="94" bw="4" op_0_bw="8" op_1_bw="64" op_2_bw="64">
<![CDATA[
:90  %state_addr_15 = getelementptr [16 x i8]* %state, i64 0, i64 15

]]></Node>
<StgValue><ssdm name="state_addr_15"/></StgValue>
</operation>

<operation id="91" st_id="8" stage="2" lat="2">
<core>RAM</core>
<MemPortIdVec>1 </MemPortIdVec>
<condition id="-1">
<or_exp><and_exp></and_exp></or_exp>
</condition>

<Node id="95" bw="8" op_0_bw="4">
<![CDATA[
:91  %state_load_15 = load i8* %state_addr_15, align 1

]]></Node>
<StgValue><ssdm name="state_load_15"/></StgValue>
</operation>
</state>

<state id="9" st_id="9">

<operation id="92" st_id="9" stage="1" lat="1">
<core>RAM</core>
<MemPortIdVec>0 </MemPortIdVec>
<condition id="-1">
<or_exp><and_exp></and_exp></or_exp>
</condition>

<Node id="9" bw="0" op_0_bw="8" op_1_bw="4" op_2_bw="8">
<![CDATA[
:5  store i8 %sbox_load, i8* %state_addr, align 1

]]></Node>
<StgValue><ssdm name="store_ln68"/></StgValue>
</operation>

<operation id="93" st_id="9" stage="1" lat="1">
<core>RAM</core>
<MemPortIdVec>1 </MemPortIdVec>
<condition id="-1">
<or_exp><and_exp></and_exp></or_exp>
</condition>

<Node id="15" bw="0" op_0_bw="8" op_1_bw="4" op_2_bw="8">
<![CDATA[
:11  store i8 %sbox_load_1, i8* %state_addr_1, align 1

]]></Node>
<StgValue><ssdm name="store_ln68"/></StgValue>
</operation>

<operation id="94" st_id="9" stage="1" lat="2">
<core>ROM_nP</core>
<MemPortIdVec>0 </MemPortIdVec>
<condition id="-1">
<or_exp><and_exp></and_exp></or_exp>
</condition>

<Node id="44" bw="8" op_0_bw="8">
<![CDATA[
:40  %sbox_load_6 = load i8* %sbox_addr_6, align 1

]]></Node>
<StgValue><ssdm name="sbox_load_6"/></StgValue>
</operation>

<operation id="95" st_id="9" stage="1" lat="1">
<core>NULL</core>
<MemPortIdVec></MemPortIdVec>
<condition id="-1">
<or_exp><and_exp></and_exp></or_exp>
</condition>

<Node id="48" bw="64" op_0_bw="8">
<![CDATA[
:44  %zext_ln68_7 = zext i8 %state_load_7 to i64

]]></Node>
<StgValue><ssdm name="zext_ln68_7"/></StgValue>
</operation>

<operation id="96" st_id="9" stage="1" lat="1">
<core>NULL</core>
<MemPortIdVec></MemPortIdVec>
<condition id="-1">
<or_exp><and_exp></and_exp></or_exp>
</condition>

<Node id="49" bw="8" op_0_bw="8" op_1_bw="64" op_2_bw="64">
<![CDATA[
:45  %sbox_addr_7 = getelementptr inbounds [256 x i8]* @sbox, i64 0, i64 %zext_ln68_7

]]></Node>
<StgValue><ssdm name="sbox_addr_7"/></StgValue>
</operation>

<operation id="97" st_id="9" stage="2" lat="2">
<core>ROM_nP</core>
<MemPortIdVec>0 </MemPortIdVec>
<condition id="-1">
<or_exp><and_exp></and_exp></or_exp>
</condition>

<Node id="50" bw="8" op_0_bw="8">
<![CDATA[
:46  %sbox_load_7 = load i8* %sbox_addr_7, align 1

]]></Node>
<StgValue><ssdm name="sbox_load_7"/></StgValue>
</operation>

<operation id="98" st_id="9" stage="1" lat="2">
<core>RAM</core>
<MemPortIdVec>0 </MemPortIdVec>
<condition id="-1">
<or_exp><and_exp></and_exp></or_exp>
</condition>

<Node id="89" bw="8" op_0_bw="4">
<![CDATA[
:85  %state_load_14 = load i8* %state_addr_14, align 1

]]></Node>
<StgValue><ssdm name="state_load_14"/></StgValue>
</operation>

<operation id="99" st_id="9" stage="1" lat="2">
<core>RAM</core>
<MemPortIdVec>1 </MemPortIdVec>
<condition id="-1">
<or_exp><and_exp></and_exp></or_exp>
</condition>

<Node id="95" bw="8" op_0_bw="4">
<![CDATA[
:91  %state_load_15 = load i8* %state_addr_15, align 1

]]></Node>
<StgValue><ssdm name="state_load_15"/></StgValue>
</operation>
</state>

<state id="10" st_id="10">

<operation id="100" st_id="10" stage="1" lat="1">
<core>RAM</core>
<MemPortIdVec>0 </MemPortIdVec>
<condition id="-1">
<or_exp><and_exp></and_exp></or_exp>
</condition>

<Node id="21" bw="0" op_0_bw="8" op_1_bw="4" op_2_bw="8">
<![CDATA[
:17  store i8 %sbox_load_2, i8* %state_addr_2, align 1

]]></Node>
<StgValue><ssdm name="store_ln68"/></StgValue>
</operation>

<operation id="101" st_id="10" stage="1" lat="1">
<core>RAM</core>
<MemPortIdVec>1 </MemPortIdVec>
<condition id="-1">
<or_exp><and_exp></and_exp></or_exp>
</condition>

<Node id="27" bw="0" op_0_bw="8" op_1_bw="4" op_2_bw="8">
<![CDATA[
:23  store i8 %sbox_load_3, i8* %state_addr_3, align 1

]]></Node>
<StgValue><ssdm name="store_ln68"/></StgValue>
</operation>

<operation id="102" st_id="10" stage="1" lat="2">
<core>ROM_nP</core>
<MemPortIdVec>0 </MemPortIdVec>
<condition id="-1">
<or_exp><and_exp></and_exp></or_exp>
</condition>

<Node id="50" bw="8" op_0_bw="8">
<![CDATA[
:46  %sbox_load_7 = load i8* %sbox_addr_7, align 1

]]></Node>
<StgValue><ssdm name="sbox_load_7"/></StgValue>
</operation>

<operation id="103" st_id="10" stage="1" lat="1">
<core>NULL</core>
<MemPortIdVec></MemPortIdVec>
<condition id="-1">
<or_exp><and_exp></and_exp></or_exp>
</condition>

<Node id="54" bw="64" op_0_bw="8">
<![CDATA[
:50  %zext_ln68_8 = zext i8 %state_load_8 to i64

]]></Node>
<StgValue><ssdm name="zext_ln68_8"/></StgValue>
</operation>

<operation id="104" st_id="10" stage="1" lat="1">
<core>NULL</core>
<MemPortIdVec></MemPortIdVec>
<condition id="-1">
<or_exp><and_exp></and_exp></or_exp>
</condition>

<Node id="55" bw="8" op_0_bw="8" op_1_bw="64" op_2_bw="64">
<![CDATA[
:51  %sbox_addr_8 = getelementptr inbounds [256 x i8]* @sbox, i64 0, i64 %zext_ln68_8

]]></Node>
<StgValue><ssdm name="sbox_addr_8"/></StgValue>
</operation>

<operation id="105" st_id="10" stage="2" lat="2">
<core>ROM_nP</core>
<MemPortIdVec>0 </MemPortIdVec>
<condition id="-1">
<or_exp><and_exp></and_exp></or_exp>
</condition>

<Node id="56" bw="8" op_0_bw="8">
<![CDATA[
:52  %sbox_load_8 = load i8* %sbox_addr_8, align 1

]]></Node>
<StgValue><ssdm name="sbox_load_8"/></StgValue>
</operation>
</state>

<state id="11" st_id="11">

<operation id="106" st_id="11" stage="1" lat="1">
<core>RAM</core>
<MemPortIdVec>0 </MemPortIdVec>
<condition id="-1">
<or_exp><and_exp></and_exp></or_exp>
</condition>

<Node id="33" bw="0" op_0_bw="8" op_1_bw="4" op_2_bw="8">
<![CDATA[
:29  store i8 %sbox_load_4, i8* %state_addr_4, align 1

]]></Node>
<StgValue><ssdm name="store_ln68"/></StgValue>
</operation>

<operation id="107" st_id="11" stage="1" lat="1">
<core>RAM</core>
<MemPortIdVec>1 </MemPortIdVec>
<condition id="-1">
<or_exp><and_exp></and_exp></or_exp>
</condition>

<Node id="39" bw="0" op_0_bw="8" op_1_bw="4" op_2_bw="8">
<![CDATA[
:35  store i8 %sbox_load_5, i8* %state_addr_5, align 1

]]></Node>
<StgValue><ssdm name="store_ln68"/></StgValue>
</operation>

<operation id="108" st_id="11" stage="1" lat="2">
<core>ROM_nP</core>
<MemPortIdVec>0 </MemPortIdVec>
<condition id="-1">
<or_exp><and_exp></and_exp></or_exp>
</condition>

<Node id="56" bw="8" op_0_bw="8">
<![CDATA[
:52  %sbox_load_8 = load i8* %sbox_addr_8, align 1

]]></Node>
<StgValue><ssdm name="sbox_load_8"/></StgValue>
</operation>

<operation id="109" st_id="11" stage="1" lat="1">
<core>NULL</core>
<MemPortIdVec></MemPortIdVec>
<condition id="-1">
<or_exp><and_exp></and_exp></or_exp>
</condition>

<Node id="60" bw="64" op_0_bw="8">
<![CDATA[
:56  %zext_ln68_9 = zext i8 %state_load_9 to i64

]]></Node>
<StgValue><ssdm name="zext_ln68_9"/></StgValue>
</operation>

<operation id="110" st_id="11" stage="1" lat="1">
<core>NULL</core>
<MemPortIdVec></MemPortIdVec>
<condition id="-1">
<or_exp><and_exp></and_exp></or_exp>
</condition>

<Node id="61" bw="8" op_0_bw="8" op_1_bw="64" op_2_bw="64">
<![CDATA[
:57  %sbox_addr_9 = getelementptr inbounds [256 x i8]* @sbox, i64 0, i64 %zext_ln68_9

]]></Node>
<StgValue><ssdm name="sbox_addr_9"/></StgValue>
</operation>

<operation id="111" st_id="11" stage="2" lat="2">
<core>ROM_nP</core>
<MemPortIdVec>0 </MemPortIdVec>
<condition id="-1">
<or_exp><and_exp></and_exp></or_exp>
</condition>

<Node id="62" bw="8" op_0_bw="8">
<![CDATA[
:58  %sbox_load_9 = load i8* %sbox_addr_9, align 1

]]></Node>
<StgValue><ssdm name="sbox_load_9"/></StgValue>
</operation>
</state>

<state id="12" st_id="12">

<operation id="112" st_id="12" stage="1" lat="1">
<core>RAM</core>
<MemPortIdVec>0 </MemPortIdVec>
<condition id="-1">
<or_exp><and_exp></and_exp></or_exp>
</condition>

<Node id="45" bw="0" op_0_bw="8" op_1_bw="4" op_2_bw="8">
<![CDATA[
:41  store i8 %sbox_load_6, i8* %state_addr_6, align 1

]]></Node>
<StgValue><ssdm name="store_ln68"/></StgValue>
</operation>

<operation id="113" st_id="12" stage="1" lat="1">
<core>RAM</core>
<MemPortIdVec>1 </MemPortIdVec>
<condition id="-1">
<or_exp><and_exp></and_exp></or_exp>
</condition>

<Node id="51" bw="0" op_0_bw="8" op_1_bw="4" op_2_bw="8">
<![CDATA[
:47  store i8 %sbox_load_7, i8* %state_addr_7, align 1

]]></Node>
<StgValue><ssdm name="store_ln68"/></StgValue>
</operation>

<operation id="114" st_id="12" stage="1" lat="2">
<core>ROM_nP</core>
<MemPortIdVec>0 </MemPortIdVec>
<condition id="-1">
<or_exp><and_exp></and_exp></or_exp>
</condition>

<Node id="62" bw="8" op_0_bw="8">
<![CDATA[
:58  %sbox_load_9 = load i8* %sbox_addr_9, align 1

]]></Node>
<StgValue><ssdm name="sbox_load_9"/></StgValue>
</operation>

<operation id="115" st_id="12" stage="1" lat="1">
<core>NULL</core>
<MemPortIdVec></MemPortIdVec>
<condition id="-1">
<or_exp><and_exp></and_exp></or_exp>
</condition>

<Node id="66" bw="64" op_0_bw="8">
<![CDATA[
:62  %zext_ln68_10 = zext i8 %state_load_10 to i64

]]></Node>
<StgValue><ssdm name="zext_ln68_10"/></StgValue>
</operation>

<operation id="116" st_id="12" stage="1" lat="1">
<core>NULL</core>
<MemPortIdVec></MemPortIdVec>
<condition id="-1">
<or_exp><and_exp></and_exp></or_exp>
</condition>

<Node id="67" bw="8" op_0_bw="8" op_1_bw="64" op_2_bw="64">
<![CDATA[
:63  %sbox_addr_10 = getelementptr inbounds [256 x i8]* @sbox, i64 0, i64 %zext_ln68_10

]]></Node>
<StgValue><ssdm name="sbox_addr_10"/></StgValue>
</operation>

<operation id="117" st_id="12" stage="2" lat="2">
<core>ROM_nP</core>
<MemPortIdVec>0 </MemPortIdVec>
<condition id="-1">
<or_exp><and_exp></and_exp></or_exp>
</condition>

<Node id="68" bw="8" op_0_bw="8">
<![CDATA[
:64  %sbox_load_10 = load i8* %sbox_addr_10, align 1

]]></Node>
<StgValue><ssdm name="sbox_load_10"/></StgValue>
</operation>
</state>

<state id="13" st_id="13">

<operation id="118" st_id="13" stage="1" lat="1">
<core>RAM</core>
<MemPortIdVec>0 </MemPortIdVec>
<condition id="-1">
<or_exp><and_exp></and_exp></or_exp>
</condition>

<Node id="57" bw="0" op_0_bw="8" op_1_bw="4" op_2_bw="8">
<![CDATA[
:53  store i8 %sbox_load_8, i8* %state_addr_8, align 1

]]></Node>
<StgValue><ssdm name="store_ln68"/></StgValue>
</operation>

<operation id="119" st_id="13" stage="1" lat="1">
<core>RAM</core>
<MemPortIdVec>1 </MemPortIdVec>
<condition id="-1">
<or_exp><and_exp></and_exp></or_exp>
</condition>

<Node id="63" bw="0" op_0_bw="8" op_1_bw="4" op_2_bw="8">
<![CDATA[
:59  store i8 %sbox_load_9, i8* %state_addr_9, align 1

]]></Node>
<StgValue><ssdm name="store_ln68"/></StgValue>
</operation>

<operation id="120" st_id="13" stage="1" lat="2">
<core>ROM_nP</core>
<MemPortIdVec>0 </MemPortIdVec>
<condition id="-1">
<or_exp><and_exp></and_exp></or_exp>
</condition>

<Node id="68" bw="8" op_0_bw="8">
<![CDATA[
:64  %sbox_load_10 = load i8* %sbox_addr_10, align 1

]]></Node>
<StgValue><ssdm name="sbox_load_10"/></StgValue>
</operation>

<operation id="121" st_id="13" stage="1" lat="1">
<core>NULL</core>
<MemPortIdVec></MemPortIdVec>
<condition id="-1">
<or_exp><and_exp></and_exp></or_exp>
</condition>

<Node id="72" bw="64" op_0_bw="8">
<![CDATA[
:68  %zext_ln68_11 = zext i8 %state_load_11 to i64

]]></Node>
<StgValue><ssdm name="zext_ln68_11"/></StgValue>
</operation>

<operation id="122" st_id="13" stage="1" lat="1">
<core>NULL</core>
<MemPortIdVec></MemPortIdVec>
<condition id="-1">
<or_exp><and_exp></and_exp></or_exp>
</condition>

<Node id="73" bw="8" op_0_bw="8" op_1_bw="64" op_2_bw="64">
<![CDATA[
:69  %sbox_addr_11 = getelementptr inbounds [256 x i8]* @sbox, i64 0, i64 %zext_ln68_11

]]></Node>
<StgValue><ssdm name="sbox_addr_11"/></StgValue>
</operation>

<operation id="123" st_id="13" stage="2" lat="2">
<core>ROM_nP</core>
<MemPortIdVec>0 </MemPortIdVec>
<condition id="-1">
<or_exp><and_exp></and_exp></or_exp>
</condition>

<Node id="74" bw="8" op_0_bw="8">
<![CDATA[
:70  %sbox_load_11 = load i8* %sbox_addr_11, align 1

]]></Node>
<StgValue><ssdm name="sbox_load_11"/></StgValue>
</operation>
</state>

<state id="14" st_id="14">

<operation id="124" st_id="14" stage="1" lat="1">
<core>RAM</core>
<MemPortIdVec>0 </MemPortIdVec>
<condition id="-1">
<or_exp><and_exp></and_exp></or_exp>
</condition>

<Node id="69" bw="0" op_0_bw="8" op_1_bw="4" op_2_bw="8">
<![CDATA[
:65  store i8 %sbox_load_10, i8* %state_addr_10, align 1

]]></Node>
<StgValue><ssdm name="store_ln68"/></StgValue>
</operation>

<operation id="125" st_id="14" stage="1" lat="2">
<core>ROM_nP</core>
<MemPortIdVec>0 </MemPortIdVec>
<condition id="-1">
<or_exp><and_exp></and_exp></or_exp>
</condition>

<Node id="74" bw="8" op_0_bw="8">
<![CDATA[
:70  %sbox_load_11 = load i8* %sbox_addr_11, align 1

]]></Node>
<StgValue><ssdm name="sbox_load_11"/></StgValue>
</operation>

<operation id="126" st_id="14" stage="1" lat="1">
<core>RAM</core>
<MemPortIdVec>1 </MemPortIdVec>
<condition id="-1">
<or_exp><and_exp></and_exp></or_exp>
</condition>

<Node id="75" bw="0" op_0_bw="8" op_1_bw="4" op_2_bw="8">
<![CDATA[
:71  store i8 %sbox_load_11, i8* %state_addr_11, align 1

]]></Node>
<StgValue><ssdm name="store_ln68"/></StgValue>
</operation>

<operation id="127" st_id="14" stage="1" lat="1">
<core>NULL</core>
<MemPortIdVec></MemPortIdVec>
<condition id="-1">
<or_exp><and_exp></and_exp></or_exp>
</condition>

<Node id="78" bw="64" op_0_bw="8">
<![CDATA[
:74  %zext_ln68_12 = zext i8 %state_load_12 to i64

]]></Node>
<StgValue><ssdm name="zext_ln68_12"/></StgValue>
</operation>

<operation id="128" st_id="14" stage="1" lat="1">
<core>NULL</core>
<MemPortIdVec></MemPortIdVec>
<condition id="-1">
<or_exp><and_exp></and_exp></or_exp>
</condition>

<Node id="79" bw="8" op_0_bw="8" op_1_bw="64" op_2_bw="64">
<![CDATA[
:75  %sbox_addr_12 = getelementptr inbounds [256 x i8]* @sbox, i64 0, i64 %zext_ln68_12

]]></Node>
<StgValue><ssdm name="sbox_addr_12"/></StgValue>
</operation>

<operation id="129" st_id="14" stage="2" lat="2">
<core>ROM_nP</core>
<MemPortIdVec>0 </MemPortIdVec>
<condition id="-1">
<or_exp><and_exp></and_exp></or_exp>
</condition>

<Node id="80" bw="8" op_0_bw="8">
<![CDATA[
:76  %sbox_load_12 = load i8* %sbox_addr_12, align 1

]]></Node>
<StgValue><ssdm name="sbox_load_12"/></StgValue>
</operation>
</state>

<state id="15" st_id="15">

<operation id="130" st_id="15" stage="1" lat="2">
<core>ROM_nP</core>
<MemPortIdVec>0 </MemPortIdVec>
<condition id="-1">
<or_exp><and_exp></and_exp></or_exp>
</condition>

<Node id="80" bw="8" op_0_bw="8">
<![CDATA[
:76  %sbox_load_12 = load i8* %sbox_addr_12, align 1

]]></Node>
<StgValue><ssdm name="sbox_load_12"/></StgValue>
</operation>

<operation id="131" st_id="15" stage="1" lat="1">
<core>RAM</core>
<MemPortIdVec>0 </MemPortIdVec>
<condition id="-1">
<or_exp><and_exp></and_exp></or_exp>
</condition>

<Node id="81" bw="0" op_0_bw="8" op_1_bw="4" op_2_bw="8">
<![CDATA[
:77  store i8 %sbox_load_12, i8* %state_addr_12, align 1

]]></Node>
<StgValue><ssdm name="store_ln68"/></StgValue>
</operation>

<operation id="132" st_id="15" stage="1" lat="1">
<core>NULL</core>
<MemPortIdVec></MemPortIdVec>
<condition id="-1">
<or_exp><and_exp></and_exp></or_exp>
</condition>

<Node id="84" bw="64" op_0_bw="8">
<![CDATA[
:80  %zext_ln68_13 = zext i8 %state_load_13 to i64

]]></Node>
<StgValue><ssdm name="zext_ln68_13"/></StgValue>
</operation>

<operation id="133" st_id="15" stage="1" lat="1">
<core>NULL</core>
<MemPortIdVec></MemPortIdVec>
<condition id="-1">
<or_exp><and_exp></and_exp></or_exp>
</condition>

<Node id="85" bw="8" op_0_bw="8" op_1_bw="64" op_2_bw="64">
<![CDATA[
:81  %sbox_addr_13 = getelementptr inbounds [256 x i8]* @sbox, i64 0, i64 %zext_ln68_13

]]></Node>
<StgValue><ssdm name="sbox_addr_13"/></StgValue>
</operation>

<operation id="134" st_id="15" stage="2" lat="2">
<core>ROM_nP</core>
<MemPortIdVec>0 </MemPortIdVec>
<condition id="-1">
<or_exp><and_exp></and_exp></or_exp>
</condition>

<Node id="86" bw="8" op_0_bw="8">
<![CDATA[
:82  %sbox_load_13 = load i8* %sbox_addr_13, align 1

]]></Node>
<StgValue><ssdm name="sbox_load_13"/></StgValue>
</operation>
</state>

<state id="16" st_id="16">

<operation id="135" st_id="16" stage="1" lat="2">
<core>ROM_nP</core>
<MemPortIdVec>0 </MemPortIdVec>
<condition id="-1">
<or_exp><and_exp></and_exp></or_exp>
</condition>

<Node id="86" bw="8" op_0_bw="8">
<![CDATA[
:82  %sbox_load_13 = load i8* %sbox_addr_13, align 1

]]></Node>
<StgValue><ssdm name="sbox_load_13"/></StgValue>
</operation>

<operation id="136" st_id="16" stage="1" lat="1">
<core>RAM</core>
<MemPortIdVec>1 </MemPortIdVec>
<condition id="-1">
<or_exp><and_exp></and_exp></or_exp>
</condition>

<Node id="87" bw="0" op_0_bw="8" op_1_bw="4" op_2_bw="8">
<![CDATA[
:83  store i8 %sbox_load_13, i8* %state_addr_13, align 1

]]></Node>
<StgValue><ssdm name="store_ln68"/></StgValue>
</operation>

<operation id="137" st_id="16" stage="1" lat="1">
<core>NULL</core>
<MemPortIdVec></MemPortIdVec>
<condition id="-1">
<or_exp><and_exp></and_exp></or_exp>
</condition>

<Node id="90" bw="64" op_0_bw="8">
<![CDATA[
:86  %zext_ln68_14 = zext i8 %state_load_14 to i64

]]></Node>
<StgValue><ssdm name="zext_ln68_14"/></StgValue>
</operation>

<operation id="138" st_id="16" stage="1" lat="1">
<core>NULL</core>
<MemPortIdVec></MemPortIdVec>
<condition id="-1">
<or_exp><and_exp></and_exp></or_exp>
</condition>

<Node id="91" bw="8" op_0_bw="8" op_1_bw="64" op_2_bw="64">
<![CDATA[
:87  %sbox_addr_14 = getelementptr inbounds [256 x i8]* @sbox, i64 0, i64 %zext_ln68_14

]]></Node>
<StgValue><ssdm name="sbox_addr_14"/></StgValue>
</operation>

<operation id="139" st_id="16" stage="2" lat="2">
<core>ROM_nP</core>
<MemPortIdVec>0 </MemPortIdVec>
<condition id="-1">
<or_exp><and_exp></and_exp></or_exp>
</condition>

<Node id="92" bw="8" op_0_bw="8">
<![CDATA[
:88  %sbox_load_14 = load i8* %sbox_addr_14, align 1

]]></Node>
<StgValue><ssdm name="sbox_load_14"/></StgValue>
</operation>
</state>

<state id="17" st_id="17">

<operation id="140" st_id="17" stage="1" lat="2">
<core>ROM_nP</core>
<MemPortIdVec>0 </MemPortIdVec>
<condition id="-1">
<or_exp><and_exp></and_exp></or_exp>
</condition>

<Node id="92" bw="8" op_0_bw="8">
<![CDATA[
:88  %sbox_load_14 = load i8* %sbox_addr_14, align 1

]]></Node>
<StgValue><ssdm name="sbox_load_14"/></StgValue>
</operation>

<operation id="141" st_id="17" stage="1" lat="1">
<core>RAM</core>
<MemPortIdVec>0 </MemPortIdVec>
<condition id="-1">
<or_exp><and_exp></and_exp></or_exp>
</condition>

<Node id="93" bw="0" op_0_bw="8" op_1_bw="4" op_2_bw="8">
<![CDATA[
:89  store i8 %sbox_load_14, i8* %state_addr_14, align 1

]]></Node>
<StgValue><ssdm name="store_ln68"/></StgValue>
</operation>

<operation id="142" st_id="17" stage="1" lat="1">
<core>NULL</core>
<MemPortIdVec></MemPortIdVec>
<condition id="-1">
<or_exp><and_exp></and_exp></or_exp>
</condition>

<Node id="96" bw="64" op_0_bw="8">
<![CDATA[
:92  %zext_ln68_15 = zext i8 %state_load_15 to i64

]]></Node>
<StgValue><ssdm name="zext_ln68_15"/></StgValue>
</operation>

<operation id="143" st_id="17" stage="1" lat="1">
<core>NULL</core>
<MemPortIdVec></MemPortIdVec>
<condition id="-1">
<or_exp><and_exp></and_exp></or_exp>
</condition>

<Node id="97" bw="8" op_0_bw="8" op_1_bw="64" op_2_bw="64">
<![CDATA[
:93  %sbox_addr_15 = getelementptr inbounds [256 x i8]* @sbox, i64 0, i64 %zext_ln68_15

]]></Node>
<StgValue><ssdm name="sbox_addr_15"/></StgValue>
</operation>

<operation id="144" st_id="17" stage="2" lat="2">
<core>ROM_nP</core>
<MemPortIdVec>0 </MemPortIdVec>
<condition id="-1">
<or_exp><and_exp></and_exp></or_exp>
</condition>

<Node id="98" bw="8" op_0_bw="8">
<![CDATA[
:94  %sbox_load_15 = load i8* %sbox_addr_15, align 1

]]></Node>
<StgValue><ssdm name="sbox_load_15"/></StgValue>
</operation>
</state>

<state id="18" st_id="18">

<operation id="145" st_id="18" stage="1" lat="2">
<core>ROM_nP</core>
<MemPortIdVec>0 </MemPortIdVec>
<condition id="-1">
<or_exp><and_exp></and_exp></or_exp>
</condition>

<Node id="98" bw="8" op_0_bw="8">
<![CDATA[
:94  %sbox_load_15 = load i8* %sbox_addr_15, align 1

]]></Node>
<StgValue><ssdm name="sbox_load_15"/></StgValue>
</operation>

<operation id="146" st_id="18" stage="1" lat="1">
<core>RAM</core>
<MemPortIdVec>1 </MemPortIdVec>
<condition id="-1">
<or_exp><and_exp></and_exp></or_exp>
</condition>

<Node id="99" bw="0" op_0_bw="8" op_1_bw="4" op_2_bw="8">
<![CDATA[
:95  store i8 %sbox_load_15, i8* %state_addr_15, align 1

]]></Node>
<StgValue><ssdm name="store_ln68"/></StgValue>
</operation>

<operation id="147" st_id="18" stage="1" lat="1">
<core>NULL</core>
<MemPortIdVec></MemPortIdVec>
<condition id="-1">
<or_exp><and_exp></and_exp></or_exp>
</condition>

<Node id="100" bw="0">
<![CDATA[
:96  ret void

]]></Node>
<StgValue><ssdm name="ret_ln70"/></StgValue>
</operation>
</state>
</state_list>


<ports>
<port id="183" name="state" dir="2" iftype="1">
<core>RAM</core><StgValue><ssdm name="state"/><MemPortTyVec>2 2 </MemPortTyVec>
</StgValue>
</port>
<port id="184" name="sbox" dir="0" iftype="1">
<core>ROM_nP</core><StgValue><ssdm name="sbox"/><MemPortTyVec>1 </MemPortTyVec>
</StgValue>
</port>
</ports>


<dataflows>
<dataflow id="185" from="state" to="state_addr" fromId="183" toId="19">
</dataflow>
<dataflow id="187" from="StgValue_186" to="state_addr" fromId="186" toId="19">
</dataflow>
<dataflow id="188" from="StgValue_186" to="state_addr" fromId="186" toId="19">
</dataflow>
<dataflow id="189" from="state_addr" to="state_load" fromId="19" toId="20">
</dataflow>
<dataflow id="190" from="state" to="state_addr_1" fromId="183" toId="21">
</dataflow>
<dataflow id="191" from="StgValue_186" to="state_addr_1" fromId="186" toId="21">
</dataflow>
<dataflow id="193" from="StgValue_192" to="state_addr_1" fromId="192" toId="21">
</dataflow>
<dataflow id="194" from="state_addr_1" to="state_load_1" fromId="21" toId="22">
</dataflow>
<dataflow id="195" from="state_addr" to="state_load" fromId="19" toId="23">
</dataflow>
<dataflow id="196" from="state_load" to="zext_ln68" fromId="23" toId="24">
</dataflow>
<dataflow id="197" from="sbox" to="sbox_addr" fromId="184" toId="25">
</dataflow>
<dataflow id="198" from="StgValue_186" to="sbox_addr" fromId="186" toId="25">
</dataflow>
<dataflow id="199" from="zext_ln68" to="sbox_addr" fromId="24" toId="25">
</dataflow>
<dataflow id="200" from="sbox_addr" to="sbox_load" fromId="25" toId="26">
</dataflow>
<dataflow id="201" from="state_addr_1" to="state_load_1" fromId="21" toId="27">
</dataflow>
<dataflow id="202" from="state" to="state_addr_2" fromId="183" toId="28">
</dataflow>
<dataflow id="203" from="StgValue_186" to="state_addr_2" fromId="186" toId="28">
</dataflow>
<dataflow id="205" from="StgValue_204" to="state_addr_2" fromId="204" toId="28">
</dataflow>
<dataflow id="206" from="state_addr_2" to="state_load_2" fromId="28" toId="29">
</dataflow>
<dataflow id="207" from="state" to="state_addr_3" fromId="183" toId="30">
</dataflow>
<dataflow id="208" from="StgValue_186" to="state_addr_3" fromId="186" toId="30">
</dataflow>
<dataflow id="210" from="StgValue_209" to="state_addr_3" fromId="209" toId="30">
</dataflow>
<dataflow id="211" from="state_addr_3" to="state_load_3" fromId="30" toId="31">
</dataflow>
<dataflow id="212" from="sbox_addr" to="sbox_load" fromId="25" toId="32">
</dataflow>
<dataflow id="213" from="state_load_1" to="zext_ln68_1" fromId="27" toId="33">
</dataflow>
<dataflow id="214" from="sbox" to="sbox_addr_1" fromId="184" toId="34">
</dataflow>
<dataflow id="215" from="StgValue_186" to="sbox_addr_1" fromId="186" toId="34">
</dataflow>
<dataflow id="216" from="zext_ln68_1" to="sbox_addr_1" fromId="33" toId="34">
</dataflow>
<dataflow id="217" from="sbox_addr_1" to="sbox_load_1" fromId="34" toId="35">
</dataflow>
<dataflow id="218" from="state_addr_2" to="state_load_2" fromId="28" toId="36">
</dataflow>
<dataflow id="219" from="state_addr_3" to="state_load_3" fromId="30" toId="37">
</dataflow>
<dataflow id="220" from="state" to="state_addr_4" fromId="183" toId="38">
</dataflow>
<dataflow id="221" from="StgValue_186" to="state_addr_4" fromId="186" toId="38">
</dataflow>
<dataflow id="223" from="StgValue_222" to="state_addr_4" fromId="222" toId="38">
</dataflow>
<dataflow id="224" from="state_addr_4" to="state_load_4" fromId="38" toId="39">
</dataflow>
<dataflow id="225" from="state" to="state_addr_5" fromId="183" toId="40">
</dataflow>
<dataflow id="226" from="StgValue_186" to="state_addr_5" fromId="186" toId="40">
</dataflow>
<dataflow id="228" from="StgValue_227" to="state_addr_5" fromId="227" toId="40">
</dataflow>
<dataflow id="229" from="state_addr_5" to="state_load_5" fromId="40" toId="41">
</dataflow>
<dataflow id="230" from="sbox_addr_1" to="sbox_load_1" fromId="34" toId="42">
</dataflow>
<dataflow id="231" from="state_load_2" to="zext_ln68_2" fromId="36" toId="43">
</dataflow>
<dataflow id="232" from="sbox" to="sbox_addr_2" fromId="184" toId="44">
</dataflow>
<dataflow id="233" from="StgValue_186" to="sbox_addr_2" fromId="186" toId="44">
</dataflow>
<dataflow id="234" from="zext_ln68_2" to="sbox_addr_2" fromId="43" toId="44">
</dataflow>
<dataflow id="235" from="sbox_addr_2" to="sbox_load_2" fromId="44" toId="45">
</dataflow>
<dataflow id="236" from="state_addr_4" to="state_load_4" fromId="38" toId="46">
</dataflow>
<dataflow id="237" from="state_addr_5" to="state_load_5" fromId="40" toId="47">
</dataflow>
<dataflow id="238" from="state" to="state_addr_6" fromId="183" toId="48">
</dataflow>
<dataflow id="239" from="StgValue_186" to="state_addr_6" fromId="186" toId="48">
</dataflow>
<dataflow id="241" from="StgValue_240" to="state_addr_6" fromId="240" toId="48">
</dataflow>
<dataflow id="242" from="state_addr_6" to="state_load_6" fromId="48" toId="49">
</dataflow>
<dataflow id="243" from="state" to="state_addr_7" fromId="183" toId="50">
</dataflow>
<dataflow id="244" from="StgValue_186" to="state_addr_7" fromId="186" toId="50">
</dataflow>
<dataflow id="246" from="StgValue_245" to="state_addr_7" fromId="245" toId="50">
</dataflow>
<dataflow id="247" from="state_addr_7" to="state_load_7" fromId="50" toId="51">
</dataflow>
<dataflow id="248" from="sbox_addr_2" to="sbox_load_2" fromId="44" toId="52">
</dataflow>
<dataflow id="249" from="state_load_3" to="zext_ln68_3" fromId="37" toId="53">
</dataflow>
<dataflow id="250" from="sbox" to="sbox_addr_3" fromId="184" toId="54">
</dataflow>
<dataflow id="251" from="StgValue_186" to="sbox_addr_3" fromId="186" toId="54">
</dataflow>
<dataflow id="252" from="zext_ln68_3" to="sbox_addr_3" fromId="53" toId="54">
</dataflow>
<dataflow id="253" from="sbox_addr_3" to="sbox_load_3" fromId="54" toId="55">
</dataflow>
<dataflow id="254" from="state_addr_6" to="state_load_6" fromId="48" toId="56">
</dataflow>
<dataflow id="255" from="state_addr_7" to="state_load_7" fromId="50" toId="57">
</dataflow>
<dataflow id="256" from="state" to="state_addr_8" fromId="183" toId="58">
</dataflow>
<dataflow id="257" from="StgValue_186" to="state_addr_8" fromId="186" toId="58">
</dataflow>
<dataflow id="259" from="StgValue_258" to="state_addr_8" fromId="258" toId="58">
</dataflow>
<dataflow id="260" from="state_addr_8" to="state_load_8" fromId="58" toId="59">
</dataflow>
<dataflow id="261" from="state" to="state_addr_9" fromId="183" toId="60">
</dataflow>
<dataflow id="262" from="StgValue_186" to="state_addr_9" fromId="186" toId="60">
</dataflow>
<dataflow id="264" from="StgValue_263" to="state_addr_9" fromId="263" toId="60">
</dataflow>
<dataflow id="265" from="state_addr_9" to="state_load_9" fromId="60" toId="61">
</dataflow>
<dataflow id="266" from="sbox_addr_3" to="sbox_load_3" fromId="54" toId="62">
</dataflow>
<dataflow id="267" from="state_load_4" to="zext_ln68_4" fromId="46" toId="63">
</dataflow>
<dataflow id="268" from="sbox" to="sbox_addr_4" fromId="184" toId="64">
</dataflow>
<dataflow id="269" from="StgValue_186" to="sbox_addr_4" fromId="186" toId="64">
</dataflow>
<dataflow id="270" from="zext_ln68_4" to="sbox_addr_4" fromId="63" toId="64">
</dataflow>
<dataflow id="271" from="sbox_addr_4" to="sbox_load_4" fromId="64" toId="65">
</dataflow>
<dataflow id="272" from="state_addr_8" to="state_load_8" fromId="58" toId="66">
</dataflow>
<dataflow id="273" from="state_addr_9" to="state_load_9" fromId="60" toId="67">
</dataflow>
<dataflow id="274" from="state" to="state_addr_10" fromId="183" toId="68">
</dataflow>
<dataflow id="275" from="StgValue_186" to="state_addr_10" fromId="186" toId="68">
</dataflow>
<dataflow id="277" from="StgValue_276" to="state_addr_10" fromId="276" toId="68">
</dataflow>
<dataflow id="278" from="state_addr_10" to="state_load_10" fromId="68" toId="69">
</dataflow>
<dataflow id="279" from="state" to="state_addr_11" fromId="183" toId="70">
</dataflow>
<dataflow id="280" from="StgValue_186" to="state_addr_11" fromId="186" toId="70">
</dataflow>
<dataflow id="282" from="StgValue_281" to="state_addr_11" fromId="281" toId="70">
</dataflow>
<dataflow id="283" from="state_addr_11" to="state_load_11" fromId="70" toId="71">
</dataflow>
<dataflow id="284" from="sbox_addr_4" to="sbox_load_4" fromId="64" toId="72">
</dataflow>
<dataflow id="285" from="state_load_5" to="zext_ln68_5" fromId="47" toId="73">
</dataflow>
<dataflow id="286" from="sbox" to="sbox_addr_5" fromId="184" toId="74">
</dataflow>
<dataflow id="287" from="StgValue_186" to="sbox_addr_5" fromId="186" toId="74">
</dataflow>
<dataflow id="288" from="zext_ln68_5" to="sbox_addr_5" fromId="73" toId="74">
</dataflow>
<dataflow id="289" from="sbox_addr_5" to="sbox_load_5" fromId="74" toId="75">
</dataflow>
<dataflow id="290" from="state_addr_10" to="state_load_10" fromId="68" toId="76">
</dataflow>
<dataflow id="291" from="state_addr_11" to="state_load_11" fromId="70" toId="77">
</dataflow>
<dataflow id="292" from="state" to="state_addr_12" fromId="183" toId="78">
</dataflow>
<dataflow id="293" from="StgValue_186" to="state_addr_12" fromId="186" toId="78">
</dataflow>
<dataflow id="295" from="StgValue_294" to="state_addr_12" fromId="294" toId="78">
</dataflow>
<dataflow id="296" from="state_addr_12" to="state_load_12" fromId="78" toId="79">
</dataflow>
<dataflow id="297" from="state" to="state_addr_13" fromId="183" toId="80">
</dataflow>
<dataflow id="298" from="StgValue_186" to="state_addr_13" fromId="186" toId="80">
</dataflow>
<dataflow id="300" from="StgValue_299" to="state_addr_13" fromId="299" toId="80">
</dataflow>
<dataflow id="301" from="state_addr_13" to="state_load_13" fromId="80" toId="81">
</dataflow>
<dataflow id="302" from="sbox_addr_5" to="sbox_load_5" fromId="74" toId="82">
</dataflow>
<dataflow id="303" from="state_load_6" to="zext_ln68_6" fromId="56" toId="83">
</dataflow>
<dataflow id="304" from="sbox" to="sbox_addr_6" fromId="184" toId="84">
</dataflow>
<dataflow id="305" from="StgValue_186" to="sbox_addr_6" fromId="186" toId="84">
</dataflow>
<dataflow id="306" from="zext_ln68_6" to="sbox_addr_6" fromId="83" toId="84">
</dataflow>
<dataflow id="307" from="sbox_addr_6" to="sbox_load_6" fromId="84" toId="85">
</dataflow>
<dataflow id="308" from="state_addr_12" to="state_load_12" fromId="78" toId="86">
</dataflow>
<dataflow id="309" from="state_addr_13" to="state_load_13" fromId="80" toId="87">
</dataflow>
<dataflow id="310" from="state" to="state_addr_14" fromId="183" toId="88">
</dataflow>
<dataflow id="311" from="StgValue_186" to="state_addr_14" fromId="186" toId="88">
</dataflow>
<dataflow id="313" from="StgValue_312" to="state_addr_14" fromId="312" toId="88">
</dataflow>
<dataflow id="314" from="state_addr_14" to="state_load_14" fromId="88" toId="89">
</dataflow>
<dataflow id="315" from="state" to="state_addr_15" fromId="183" toId="90">
</dataflow>
<dataflow id="316" from="StgValue_186" to="state_addr_15" fromId="186" toId="90">
</dataflow>
<dataflow id="318" from="StgValue_317" to="state_addr_15" fromId="317" toId="90">
</dataflow>
<dataflow id="319" from="state_addr_15" to="state_load_15" fromId="90" toId="91">
</dataflow>
<dataflow id="320" from="sbox_load" to="store_ln68" fromId="32" toId="92">
</dataflow>
<dataflow id="321" from="state_addr" to="store_ln68" fromId="19" toId="92">
</dataflow>
<dataflow id="322" from="sbox_load_1" to="store_ln68" fromId="42" toId="93">
</dataflow>
<dataflow id="323" from="state_addr_1" to="store_ln68" fromId="21" toId="93">
</dataflow>
<dataflow id="324" from="sbox_addr_6" to="sbox_load_6" fromId="84" toId="94">
</dataflow>
<dataflow id="325" from="state_load_7" to="zext_ln68_7" fromId="57" toId="95">
</dataflow>
<dataflow id="326" from="sbox" to="sbox_addr_7" fromId="184" toId="96">
</dataflow>
<dataflow id="327" from="StgValue_186" to="sbox_addr_7" fromId="186" toId="96">
</dataflow>
<dataflow id="328" from="zext_ln68_7" to="sbox_addr_7" fromId="95" toId="96">
</dataflow>
<dataflow id="329" from="sbox_addr_7" to="sbox_load_7" fromId="96" toId="97">
</dataflow>
<dataflow id="330" from="state_addr_14" to="state_load_14" fromId="88" toId="98">
</dataflow>
<dataflow id="331" from="state_addr_15" to="state_load_15" fromId="90" toId="99">
</dataflow>
<dataflow id="332" from="sbox_load_2" to="store_ln68" fromId="52" toId="100">
</dataflow>
<dataflow id="333" from="state_addr_2" to="store_ln68" fromId="28" toId="100">
</dataflow>
<dataflow id="334" from="sbox_load_3" to="store_ln68" fromId="62" toId="101">
</dataflow>
<dataflow id="335" from="state_addr_3" to="store_ln68" fromId="30" toId="101">
</dataflow>
<dataflow id="336" from="sbox_addr_7" to="sbox_load_7" fromId="96" toId="102">
</dataflow>
<dataflow id="337" from="state_load_8" to="zext_ln68_8" fromId="66" toId="103">
</dataflow>
<dataflow id="338" from="sbox" to="sbox_addr_8" fromId="184" toId="104">
</dataflow>
<dataflow id="339" from="StgValue_186" to="sbox_addr_8" fromId="186" toId="104">
</dataflow>
<dataflow id="340" from="zext_ln68_8" to="sbox_addr_8" fromId="103" toId="104">
</dataflow>
<dataflow id="341" from="sbox_addr_8" to="sbox_load_8" fromId="104" toId="105">
</dataflow>
<dataflow id="342" from="sbox_load_4" to="store_ln68" fromId="72" toId="106">
</dataflow>
<dataflow id="343" from="state_addr_4" to="store_ln68" fromId="38" toId="106">
</dataflow>
<dataflow id="344" from="sbox_load_5" to="store_ln68" fromId="82" toId="107">
</dataflow>
<dataflow id="345" from="state_addr_5" to="store_ln68" fromId="40" toId="107">
</dataflow>
<dataflow id="346" from="sbox_addr_8" to="sbox_load_8" fromId="104" toId="108">
</dataflow>
<dataflow id="347" from="state_load_9" to="zext_ln68_9" fromId="67" toId="109">
</dataflow>
<dataflow id="348" from="sbox" to="sbox_addr_9" fromId="184" toId="110">
</dataflow>
<dataflow id="349" from="StgValue_186" to="sbox_addr_9" fromId="186" toId="110">
</dataflow>
<dataflow id="350" from="zext_ln68_9" to="sbox_addr_9" fromId="109" toId="110">
</dataflow>
<dataflow id="351" from="sbox_addr_9" to="sbox_load_9" fromId="110" toId="111">
</dataflow>
<dataflow id="352" from="sbox_load_6" to="store_ln68" fromId="94" toId="112">
</dataflow>
<dataflow id="353" from="state_addr_6" to="store_ln68" fromId="48" toId="112">
</dataflow>
<dataflow id="354" from="sbox_load_7" to="store_ln68" fromId="102" toId="113">
</dataflow>
<dataflow id="355" from="state_addr_7" to="store_ln68" fromId="50" toId="113">
</dataflow>
<dataflow id="356" from="sbox_addr_9" to="sbox_load_9" fromId="110" toId="114">
</dataflow>
<dataflow id="357" from="state_load_10" to="zext_ln68_10" fromId="76" toId="115">
</dataflow>
<dataflow id="358" from="sbox" to="sbox_addr_10" fromId="184" toId="116">
</dataflow>
<dataflow id="359" from="StgValue_186" to="sbox_addr_10" fromId="186" toId="116">
</dataflow>
<dataflow id="360" from="zext_ln68_10" to="sbox_addr_10" fromId="115" toId="116">
</dataflow>
<dataflow id="361" from="sbox_addr_10" to="sbox_load_10" fromId="116" toId="117">
</dataflow>
<dataflow id="362" from="sbox_load_8" to="store_ln68" fromId="108" toId="118">
</dataflow>
<dataflow id="363" from="state_addr_8" to="store_ln68" fromId="58" toId="118">
</dataflow>
<dataflow id="364" from="sbox_load_9" to="store_ln68" fromId="114" toId="119">
</dataflow>
<dataflow id="365" from="state_addr_9" to="store_ln68" fromId="60" toId="119">
</dataflow>
<dataflow id="366" from="sbox_addr_10" to="sbox_load_10" fromId="116" toId="120">
</dataflow>
<dataflow id="367" from="state_load_11" to="zext_ln68_11" fromId="77" toId="121">
</dataflow>
<dataflow id="368" from="sbox" to="sbox_addr_11" fromId="184" toId="122">
</dataflow>
<dataflow id="369" from="StgValue_186" to="sbox_addr_11" fromId="186" toId="122">
</dataflow>
<dataflow id="370" from="zext_ln68_11" to="sbox_addr_11" fromId="121" toId="122">
</dataflow>
<dataflow id="371" from="sbox_addr_11" to="sbox_load_11" fromId="122" toId="123">
</dataflow>
<dataflow id="372" from="sbox_load_10" to="store_ln68" fromId="120" toId="124">
</dataflow>
<dataflow id="373" from="state_addr_10" to="store_ln68" fromId="68" toId="124">
</dataflow>
<dataflow id="374" from="sbox_addr_11" to="sbox_load_11" fromId="122" toId="125">
</dataflow>
<dataflow id="375" from="sbox_load_11" to="store_ln68" fromId="125" toId="126">
</dataflow>
<dataflow id="376" from="state_addr_11" to="store_ln68" fromId="70" toId="126">
</dataflow>
<dataflow id="377" from="state_load_12" to="zext_ln68_12" fromId="86" toId="127">
</dataflow>
<dataflow id="378" from="sbox" to="sbox_addr_12" fromId="184" toId="128">
</dataflow>
<dataflow id="379" from="StgValue_186" to="sbox_addr_12" fromId="186" toId="128">
</dataflow>
<dataflow id="380" from="zext_ln68_12" to="sbox_addr_12" fromId="127" toId="128">
</dataflow>
<dataflow id="381" from="sbox_addr_12" to="sbox_load_12" fromId="128" toId="129">
</dataflow>
<dataflow id="382" from="sbox_addr_12" to="sbox_load_12" fromId="128" toId="130">
</dataflow>
<dataflow id="383" from="sbox_load_12" to="store_ln68" fromId="130" toId="131">
</dataflow>
<dataflow id="384" from="state_addr_12" to="store_ln68" fromId="78" toId="131">
</dataflow>
<dataflow id="385" from="state_load_13" to="zext_ln68_13" fromId="87" toId="132">
</dataflow>
<dataflow id="386" from="sbox" to="sbox_addr_13" fromId="184" toId="133">
</dataflow>
<dataflow id="387" from="StgValue_186" to="sbox_addr_13" fromId="186" toId="133">
</dataflow>
<dataflow id="388" from="zext_ln68_13" to="sbox_addr_13" fromId="132" toId="133">
</dataflow>
<dataflow id="389" from="sbox_addr_13" to="sbox_load_13" fromId="133" toId="134">
</dataflow>
<dataflow id="390" from="sbox_addr_13" to="sbox_load_13" fromId="133" toId="135">
</dataflow>
<dataflow id="391" from="sbox_load_13" to="store_ln68" fromId="135" toId="136">
</dataflow>
<dataflow id="392" from="state_addr_13" to="store_ln68" fromId="80" toId="136">
</dataflow>
<dataflow id="393" from="state_load_14" to="zext_ln68_14" fromId="98" toId="137">
</dataflow>
<dataflow id="394" from="sbox" to="sbox_addr_14" fromId="184" toId="138">
</dataflow>
<dataflow id="395" from="StgValue_186" to="sbox_addr_14" fromId="186" toId="138">
</dataflow>
<dataflow id="396" from="zext_ln68_14" to="sbox_addr_14" fromId="137" toId="138">
</dataflow>
<dataflow id="397" from="sbox_addr_14" to="sbox_load_14" fromId="138" toId="139">
</dataflow>
<dataflow id="398" from="sbox_addr_14" to="sbox_load_14" fromId="138" toId="140">
</dataflow>
<dataflow id="399" from="sbox_load_14" to="store_ln68" fromId="140" toId="141">
</dataflow>
<dataflow id="400" from="state_addr_14" to="store_ln68" fromId="88" toId="141">
</dataflow>
<dataflow id="401" from="state_load_15" to="zext_ln68_15" fromId="99" toId="142">
</dataflow>
<dataflow id="402" from="sbox" to="sbox_addr_15" fromId="184" toId="143">
</dataflow>
<dataflow id="403" from="StgValue_186" to="sbox_addr_15" fromId="186" toId="143">
</dataflow>
<dataflow id="404" from="zext_ln68_15" to="sbox_addr_15" fromId="142" toId="143">
</dataflow>
<dataflow id="405" from="sbox_addr_15" to="sbox_load_15" fromId="143" toId="144">
</dataflow>
<dataflow id="406" from="sbox_addr_15" to="sbox_load_15" fromId="143" toId="145">
</dataflow>
<dataflow id="407" from="sbox_load_15" to="store_ln68" fromId="145" toId="146">
</dataflow>
<dataflow id="408" from="state_addr_15" to="store_ln68" fromId="90" toId="146">
</dataflow>
</dataflows>


</stg>
