<profile>

<section name = "Vivado HLS Report for 'keyExpand'" level="0">
<item name = "Date">Wed Apr 13 14:23:24 2022
</item>
<item name = "Version">2020.1 (Build 2897737 on Wed May 27 20:21:37 MDT 2020)</item>
<item name = "Project">aes_hw_impl_hls</item>
<item name = "Solution">solution11</item>
<item name = "Product family">zynq</item>
<item name = "Target device">xc7z020-clg400-1</item>
</section>

<section name = "Performance Estimates" level="0">
<item name = "Timing">
<section name = "" level="1">
<item name = "Summary"><table name="" hasTotal="0">
<keys size="4">Clock, Target, Estimated, Uncertainty</keys>
<column name="ap_clk">10.00 ns, 9.345 ns, 1.25 ns</column>
</table>
</item>
</section>
</item>
<item name = "Latency">
<section name = "" level="1">
<item name = "Summary"><table name="" hasTotal="0">
<keys size="8">, min, max, min, max, min, max, Type</keys>
<column name="">97, 97, 0.970 us, 0.970 us, 97, 97, none</column>
</table>
</item>
<item name = "Detail">
<section name = "" level="1">
<item name = "Instance"><table name="" hasTotal="0">
<keys size="9">Instance, Module, min, max, min, max, min, max, Type</keys>
<column name="grp_subWord_fu_2127">subWord, 1, 1, 10.000 ns, 10.000 ns, 1, 1, none</column>
<column name="grp_deconWord_fu_2134">deconWord, 0, 0, 0 ns, 0 ns, 0, 0, none</column>
</table>
</item>
<item name = "Loop"><table name="" hasTotal="0">
<keys size="8">Loop Name, min, max, Latency, achieved, target, Count, Pipelined</keys>
</table>
</item>
</section>
</item>
</section>
</item>
</section>

<section name = "Utilization Estimates" level="0">
<item name = "Summary"><table name="" hasTotal="1">
<keys size="6">Name, BRAM_18K, DSP48E, FF, LUT, URAM</keys>
<column name="DSP">-, -, -, -, -</column>
<column name="Expression">-, -, 0, 3137, -</column>
<column name="FIFO">-, -, -, -, -</column>
<column name="Instance">2, -, 34, 24, -</column>
<column name="Memory">-, -, -, -, -</column>
<column name="Multiplexer">-, -, -, 1444, -</column>
<column name="Register">-, -, 2681, -, -</column>
<specialColumn name="Available">280, 220, 106400, 53200, 0</specialColumn>
<specialColumn name="Utilization (%)">~0, 0, 2, 8, 0</specialColumn>
</table>
</item>
<item name = "Detail">
<section name = "" level="1">
<item name = "Instance"><table name="" hasTotal="1">
<keys size="7">Instance, Module, BRAM_18K, DSP48E, FF, LUT, URAM</keys>
<column name="grp_deconWord_fu_2134">deconWord, 0, 0, 0, 0, 0</column>
<column name="grp_subWord_fu_2127">subWord, 2, 0, 34, 24, 0</column>
</table>
</item>
<item name = "DSP48E"><table name="" hasTotal="0">
<keys size="3">Instance, Module, Expression</keys>
</table>
</item>
<item name = "Memory"><table name="" hasTotal="1">
<keys size="10">Memory, Module, BRAM_18K, FF, LUT, URAM, Words, Bits, Banks, W*Bits*Banks</keys>
</table>
</item>
<item name = "FIFO"><table name="" hasTotal="1">
<keys size="8">Name, BRAM_18K, FF, LUT, URAM, Depth, Bits, Size:D*B</keys>
</table>
</item>
<item name = "Expression"><table name="" hasTotal="1">
<keys size="7">Variable Name, Operation, DSP48E, FF, LUT, Bitwidth P0, Bitwidth P1</keys>
<column name="k_10_fu_2487_p2">xor, 0, 0, 32, 32, 32</column>
<column name="k_11_fu_2504_p2">xor, 0, 0, 32, 32, 32</column>
<column name="k_12_fu_2584_p2">xor, 0, 0, 32, 32, 32</column>
<column name="k_13_fu_2605_p2">xor, 0, 0, 32, 32, 32</column>
<column name="k_14_fu_2610_p2">xor, 0, 0, 32, 32, 32</column>
<column name="k_15_fu_2627_p2">xor, 0, 0, 32, 32, 32</column>
<column name="k_16_fu_2707_p2">xor, 0, 0, 32, 32, 32</column>
<column name="k_17_fu_2743_p2">xor, 0, 0, 32, 32, 32</column>
<column name="k_18_fu_2748_p2">xor, 0, 0, 32, 32, 32</column>
<column name="k_19_fu_2765_p2">xor, 0, 0, 32, 32, 32</column>
<column name="k_20_fu_2845_p2">xor, 0, 0, 32, 32, 32</column>
<column name="k_21_fu_2866_p2">xor, 0, 0, 32, 32, 32</column>
<column name="k_22_fu_2871_p2">xor, 0, 0, 32, 32, 32</column>
<column name="k_23_fu_2888_p2">xor, 0, 0, 32, 32, 32</column>
<column name="k_24_fu_2968_p2">xor, 0, 0, 32, 32, 32</column>
<column name="k_25_fu_3083_p2">xor, 0, 0, 32, 32, 32</column>
<column name="k_26_fu_3004_p2">xor, 0, 0, 32, 32, 32</column>
<column name="k_27_fu_3020_p2">xor, 0, 0, 32, 32, 32</column>
<column name="k_28_fu_3104_p2">xor, 0, 0, 32, 32, 32</column>
<column name="k_29_fu_3125_p2">xor, 0, 0, 32, 32, 32</column>
<column name="k_30_fu_3424_p2">xor, 0, 0, 32, 32, 32</column>
<column name="k_31_fu_3141_p2">xor, 0, 0, 32, 32, 32</column>
<column name="k_32_fu_3275_p2">xor, 0, 0, 33, 32, 33</column>
<column name="k_33_fu_3429_p2">xor, 0, 0, 32, 32, 32</column>
<column name="k_34_fu_3280_p2">xor, 0, 0, 32, 32, 32</column>
<column name="k_35_fu_3290_p2">xor, 0, 0, 32, 32, 32</column>
<column name="k_36_fu_3338_p2">xor, 0, 0, 32, 32, 32</column>
<column name="k_37_fu_3433_p2">xor, 0, 0, 32, 32, 32</column>
<column name="k_38_fu_3473_p2">xor, 0, 0, 32, 32, 32</column>
<column name="k_39_fu_3437_p2">xor, 0, 0, 32, 32, 32</column>
<column name="k_40_fu_3467_p2">xor, 0, 0, 32, 32, 32</column>
<column name="k_41_fu_3478_p2">xor, 0, 0, 32, 32, 32</column>
<column name="k_42_fu_3482_p2">xor, 0, 0, 32, 32, 32</column>
<column name="k_43_fu_3486_p2">xor, 0, 0, 32, 32, 32</column>
<column name="k_4_fu_2262_p2">xor, 0, 0, 32, 32, 32</column>
<column name="k_5_fu_2285_p2">xor, 0, 0, 32, 32, 32</column>
<column name="k_6_fu_2290_p2">xor, 0, 0, 32, 32, 32</column>
<column name="k_7_fu_2295_p2">xor, 0, 0, 32, 32, 32</column>
<column name="k_8_fu_2446_p2">xor, 0, 0, 32, 32, 32</column>
<column name="k_9_fu_2482_p2">xor, 0, 0, 32, 32, 32</column>
<column name="xor_ln19_1_fu_2539_p2">xor, 0, 0, 8, 8, 8</column>
<column name="xor_ln19_2_fu_2662_p2">xor, 0, 0, 8, 8, 8</column>
<column name="xor_ln19_3_fu_2800_p2">xor, 0, 0, 8, 8, 8</column>
<column name="xor_ln19_4_fu_2923_p2">xor, 0, 0, 8, 8, 8</column>
<column name="xor_ln19_5_fu_3055_p2">xor, 0, 0, 8, 8, 8</column>
<column name="xor_ln19_6_fu_3176_p2">xor, 0, 0, 8, 8, 8</column>
<column name="xor_ln19_7_fu_3305_p2">xor, 0, 0, 8, 8, 8</column>
<column name="xor_ln19_8_fu_3409_p2">xor, 0, 0, 8, 8, 8</column>
<column name="xor_ln19_fu_2402_p2">xor, 0, 0, 8, 8, 8</column>
<column name="xor_ln70_10_fu_2951_p2">xor, 0, 0, 32, 32, 30</column>
<column name="xor_ln70_12_fu_3087_p2">xor, 0, 0, 32, 32, 31</column>
<column name="xor_ln70_14_fu_3216_p2">xor, 0, 0, 32, 32, 32</column>
<column name="xor_ln70_15_fu_3271_p2">xor, 0, 0, 8, 8, 8</column>
<column name="xor_ln70_16_fu_3221_p2">xor, 0, 0, 24, 24, 24</column>
<column name="xor_ln70_17_fu_3226_p2">xor, 0, 0, 16, 16, 16</column>
<column name="xor_ln70_19_fu_3321_p2">xor, 0, 0, 32, 32, 32</column>
<column name="xor_ln70_21_fu_3462_p2">xor, 0, 0, 32, 32, 30</column>
<column name="xor_ln70_2_fu_2429_p2">xor, 0, 0, 32, 32, 26</column>
<column name="xor_ln70_4_fu_2567_p2">xor, 0, 0, 32, 32, 27</column>
<column name="xor_ln70_6_fu_2690_p2">xor, 0, 0, 32, 32, 28</column>
<column name="xor_ln70_8_fu_2828_p2">xor, 0, 0, 32, 32, 29</column>
<column name="xor_ln70_fu_2245_p2">xor, 0, 0, 32, 32, 25</column>
<column name="xor_ln72_100_fu_3357_p2">xor, 0, 0, 24, 24, 24</column>
<column name="xor_ln72_101_fu_3362_p2">xor, 0, 0, 8, 8, 8</column>
<column name="xor_ln72_102_fu_3366_p2">xor, 0, 0, 8, 8, 8</column>
<column name="xor_ln72_105_fu_3371_p2">xor, 0, 0, 8, 8, 8</column>
<column name="xor_ln72_106_fu_3377_p2">xor, 0, 0, 24, 24, 24</column>
<column name="xor_ln72_107_fu_3383_p2">xor, 0, 0, 16, 16, 16</column>
<column name="xor_ln72_109_fu_3389_p2">xor, 0, 0, 16, 16, 16</column>
<column name="xor_ln72_10_fu_2374_p2">xor, 0, 0, 16, 16, 16</column>
<column name="xor_ln72_110_fu_3394_p2">xor, 0, 0, 24, 24, 24</column>
<column name="xor_ln72_12_fu_2380_p2">xor, 0, 0, 16, 16, 16</column>
<column name="xor_ln72_13_fu_2386_p2">xor, 0, 0, 24, 24, 24</column>
<column name="xor_ln72_15_fu_2452_p2">xor, 0, 0, 16, 16, 16</column>
<column name="xor_ln72_16_fu_2457_p2">xor, 0, 0, 24, 24, 24</column>
<column name="xor_ln72_17_fu_2462_p2">xor, 0, 0, 8, 8, 8</column>
<column name="xor_ln72_19_fu_2492_p2">xor, 0, 0, 8, 8, 8</column>
<column name="xor_ln72_1_fu_2273_p2">xor, 0, 0, 24, 24, 24</column>
<column name="xor_ln72_20_fu_2496_p2">xor, 0, 0, 24, 24, 24</column>
<column name="xor_ln72_21_fu_2500_p2">xor, 0, 0, 16, 16, 16</column>
<column name="xor_ln72_23_fu_2509_p2">xor, 0, 0, 16, 16, 16</column>
<column name="xor_ln72_24_fu_2514_p2">xor, 0, 0, 24, 24, 24</column>
<column name="xor_ln72_25_fu_2467_p2">xor, 0, 0, 16, 16, 16</column>
<column name="xor_ln72_26_fu_2590_p2">xor, 0, 0, 16, 16, 16</column>
<column name="xor_ln72_27_fu_2472_p2">xor, 0, 0, 24, 24, 24</column>
<column name="xor_ln72_28_fu_2595_p2">xor, 0, 0, 24, 24, 24</column>
<column name="xor_ln72_29_fu_2477_p2">xor, 0, 0, 8, 8, 8</column>
<column name="xor_ln72_2_fu_2279_p2">xor, 0, 0, 16, 16, 16</column>
<column name="xor_ln72_30_fu_2600_p2">xor, 0, 0, 8, 8, 8</column>
<column name="xor_ln72_33_fu_2615_p2">xor, 0, 0, 8, 8, 8</column>
<column name="xor_ln72_34_fu_2619_p2">xor, 0, 0, 24, 24, 24</column>
<column name="xor_ln72_35_fu_2623_p2">xor, 0, 0, 16, 16, 16</column>
<column name="xor_ln72_37_fu_2632_p2">xor, 0, 0, 16, 16, 16</column>
<column name="xor_ln72_38_fu_2637_p2">xor, 0, 0, 24, 24, 24</column>
<column name="xor_ln72_40_fu_2713_p2">xor, 0, 0, 16, 16, 16</column>
<column name="xor_ln72_41_fu_2718_p2">xor, 0, 0, 24, 24, 24</column>
<column name="xor_ln72_42_fu_2723_p2">xor, 0, 0, 8, 8, 8</column>
<column name="xor_ln72_44_fu_2753_p2">xor, 0, 0, 8, 8, 8</column>
<column name="xor_ln72_45_fu_2757_p2">xor, 0, 0, 24, 24, 24</column>
<column name="xor_ln72_46_fu_2761_p2">xor, 0, 0, 16, 16, 16</column>
<column name="xor_ln72_48_fu_2770_p2">xor, 0, 0, 16, 16, 16</column>
<column name="xor_ln72_49_fu_2775_p2">xor, 0, 0, 24, 24, 24</column>
<column name="xor_ln72_4_fu_2342_p2">xor, 0, 0, 16, 16, 16</column>
<column name="xor_ln72_50_fu_2728_p2">xor, 0, 0, 16, 16, 16</column>
<column name="xor_ln72_51_fu_2851_p2">xor, 0, 0, 16, 16, 16</column>
<column name="xor_ln72_52_fu_2733_p2">xor, 0, 0, 24, 24, 24</column>
<column name="xor_ln72_53_fu_2856_p2">xor, 0, 0, 24, 24, 24</column>
<column name="xor_ln72_54_fu_2738_p2">xor, 0, 0, 8, 8, 8</column>
<column name="xor_ln72_55_fu_2861_p2">xor, 0, 0, 8, 8, 8</column>
<column name="xor_ln72_58_fu_2876_p2">xor, 0, 0, 8, 8, 8</column>
<column name="xor_ln72_59_fu_2880_p2">xor, 0, 0, 24, 24, 24</column>
<column name="xor_ln72_5_fu_2354_p2">xor, 0, 0, 24, 24, 24</column>
<column name="xor_ln72_60_fu_2884_p2">xor, 0, 0, 16, 16, 16</column>
<column name="xor_ln72_62_fu_2893_p2">xor, 0, 0, 16, 16, 16</column>
<column name="xor_ln72_63_fu_2898_p2">xor, 0, 0, 24, 24, 24</column>
<column name="xor_ln72_65_fu_2974_p2">xor, 0, 0, 16, 16, 16</column>
<column name="xor_ln72_66_fu_2979_p2">xor, 0, 0, 24, 24, 24</column>
<column name="xor_ln72_67_fu_2984_p2">xor, 0, 0, 8, 8, 8</column>
<column name="xor_ln72_69_fu_3008_p2">xor, 0, 0, 8, 8, 8</column>
<column name="xor_ln72_6_fu_2359_p2">xor, 0, 0, 8, 8, 8</column>
<column name="xor_ln72_70_fu_3012_p2">xor, 0, 0, 24, 24, 24</column>
<column name="xor_ln72_71_fu_3016_p2">xor, 0, 0, 16, 16, 16</column>
<column name="xor_ln72_73_fu_3025_p2">xor, 0, 0, 16, 16, 16</column>
<column name="xor_ln72_74_fu_3030_p2">xor, 0, 0, 24, 24, 24</column>
<column name="xor_ln72_75_fu_2989_p2">xor, 0, 0, 16, 16, 16</column>
<column name="xor_ln72_76_fu_3110_p2">xor, 0, 0, 16, 16, 16</column>
<column name="xor_ln72_77_fu_2994_p2">xor, 0, 0, 24, 24, 24</column>
<column name="xor_ln72_78_fu_3115_p2">xor, 0, 0, 24, 24, 24</column>
<column name="xor_ln72_79_fu_2999_p2">xor, 0, 0, 8, 8, 8</column>
<column name="xor_ln72_80_fu_3120_p2">xor, 0, 0, 8, 8, 8</column>
<column name="xor_ln72_83_fu_3129_p2">xor, 0, 0, 8, 8, 8</column>
<column name="xor_ln72_84_fu_3133_p2">xor, 0, 0, 24, 24, 24</column>
<column name="xor_ln72_85_fu_3137_p2">xor, 0, 0, 16, 16, 16</column>
<column name="xor_ln72_87_fu_3146_p2">xor, 0, 0, 16, 16, 16</column>
<column name="xor_ln72_88_fu_3151_p2">xor, 0, 0, 24, 24, 24</column>
<column name="xor_ln72_8_fu_2363_p2">xor, 0, 0, 8, 8, 8</column>
<column name="xor_ln72_91_fu_3285_p2">xor, 0, 0, 8, 8, 8</column>
<column name="xor_ln72_92_fu_3231_p2">xor, 0, 0, 24, 24, 24</column>
<column name="xor_ln72_93_fu_3236_p2">xor, 0, 0, 16, 16, 16</column>
<column name="xor_ln72_95_fu_3241_p2">xor, 0, 0, 16, 16, 16</column>
<column name="xor_ln72_96_fu_3246_p2">xor, 0, 0, 24, 24, 24</column>
<column name="xor_ln72_97_fu_3344_p2">xor, 0, 0, 16, 16, 16</column>
<column name="xor_ln72_98_fu_3348_p2">xor, 0, 0, 16, 16, 16</column>
<column name="xor_ln72_99_fu_3353_p2">xor, 0, 0, 24, 24, 24</column>
<column name="xor_ln72_9_fu_2368_p2">xor, 0, 0, 24, 24, 24</column>
<column name="xor_ln72_fu_2268_p2">xor, 0, 0, 8, 8, 8</column>
</table>
</item>
<item name = "Multiplexer"><table name="" hasTotal="1">
<keys size="5">Name, LUT, Input Size, Bits, Total Bits</keys>
<column name="ap_NS_fsm">389, 89, 1, 89</column>
<column name="grp_deconWord_fu_2134_w">197, 45, 32, 1440</column>
<column name="grp_subWord_fu_2127_w">50, 11, 32, 352</column>
<column name="keys_address0">389, 89, 8, 712</column>
<column name="keys_address1">389, 89, 8, 712</column>
<column name="keys_d0">15, 3, 8, 24</column>
<column name="keys_d1">15, 3, 8, 24</column>
</table>
</item>
<item name = "Register"><table name="" hasTotal="1">
<keys size="5">Name, FF, LUT, Bits, Const Bits</keys>
<column name="a_write_assign_1_reg_3628">8, 0, 8, 0</column>
<column name="ans_1_reg_3671">32, 0, 32, 0</column>
<column name="ans_2_reg_3747">32, 0, 32, 0</column>
<column name="ans_3_reg_3808">32, 0, 32, 0</column>
<column name="ans_4_reg_3884">32, 0, 32, 0</column>
<column name="ans_5_reg_3945">32, 0, 32, 0</column>
<column name="ans_6_reg_4021">32, 0, 32, 0</column>
<column name="ans_7_reg_4089">32, 0, 32, 0</column>
<column name="ans_8_reg_4159">32, 0, 32, 0</column>
<column name="ans_9_reg_4205">32, 0, 32, 0</column>
<column name="ans_reg_3585">32, 0, 32, 0</column>
<column name="ap_CS_fsm">88, 0, 88, 0</column>
<column name="b_write_assign_8_reg_4126">8, 0, 8, 0</column>
<column name="b_write_assign_9_reg_4171">8, 0, 8, 0</column>
<column name="grp_subWord_fu_2127_ap_start_reg">1, 0, 1, 0</column>
<column name="k_0_reg_3508">32, 0, 32, 0</column>
<column name="k_10_reg_3725">32, 0, 32, 0</column>
<column name="k_12_reg_3752">32, 0, 32, 0</column>
<column name="k_13_reg_3777">32, 0, 32, 0</column>
<column name="k_15_reg_3784">32, 0, 32, 0</column>
<column name="k_16_reg_3813">32, 0, 32, 0</column>
<column name="k_17_reg_3857">32, 0, 32, 0</column>
<column name="k_18_reg_3862">32, 0, 32, 0</column>
<column name="k_1_reg_3532">32, 0, 32, 0</column>
<column name="k_20_reg_3889">32, 0, 32, 0</column>
<column name="k_21_reg_3914">32, 0, 32, 0</column>
<column name="k_23_reg_3921">32, 0, 32, 0</column>
<column name="k_24_reg_3950">32, 0, 32, 0</column>
<column name="k_25_reg_4026">32, 0, 32, 0</column>
<column name="k_26_reg_3994">32, 0, 32, 0</column>
<column name="k_27_reg_4016">32, 0, 32, 0</column>
<column name="k_28_reg_4032">32, 0, 32, 0</column>
<column name="k_29_reg_4057">32, 0, 32, 0</column>
<column name="k_2_reg_3556">32, 0, 32, 0</column>
<column name="k_31_reg_4064">32, 0, 32, 0</column>
<column name="k_32_reg_4141">32, 0, 32, 0</column>
<column name="k_33_reg_4186">32, 0, 32, 0</column>
<column name="k_34_reg_4147">32, 0, 32, 0</column>
<column name="k_35_reg_4154">32, 0, 32, 0</column>
<column name="k_36_reg_4164">32, 0, 32, 0</column>
<column name="k_37_reg_4192">32, 0, 32, 0</column>
<column name="k_39_reg_4199">32, 0, 32, 0</column>
<column name="k_3_reg_3580">32, 0, 32, 0</column>
<column name="k_40_reg_4210">32, 0, 32, 0</column>
<column name="k_41_reg_4217">32, 0, 32, 0</column>
<column name="k_42_reg_4222">32, 0, 32, 0</column>
<column name="k_43_reg_4228">32, 0, 32, 0</column>
<column name="k_4_reg_3590">32, 0, 32, 0</column>
<column name="k_5_reg_3615">32, 0, 32, 0</column>
<column name="k_7_reg_3621">32, 0, 32, 0</column>
<column name="k_8_reg_3676">32, 0, 32, 0</column>
<column name="k_9_reg_3720">32, 0, 32, 0</column>
<column name="reg_2157">8, 0, 8, 0</column>
<column name="reg_2162">8, 0, 8, 0</column>
<column name="tmp_13_reg_4131">8, 0, 8, 0</column>
<column name="tmp_14_reg_4181">8, 0, 8, 0</column>
<column name="tmp_2_reg_3633">24, 0, 24, 0</column>
<column name="tmp_3_reg_3638">16, 0, 16, 0</column>
<column name="tmp_4_reg_3643">16, 0, 16, 0</column>
<column name="tmp_5_reg_3648">24, 0, 24, 0</column>
<column name="trunc_ln70_21_reg_4094">16, 0, 16, 0</column>
<column name="trunc_ln70_22_reg_4099">24, 0, 24, 0</column>
<column name="trunc_ln70_23_reg_4104">8, 0, 8, 0</column>
<column name="xor_ln19_2_reg_3802">8, 0, 8, 0</column>
<column name="xor_ln19_4_reg_3939">8, 0, 8, 0</column>
<column name="xor_ln19_6_reg_4083">8, 0, 8, 0</column>
<column name="xor_ln19_8_reg_4176">8, 0, 8, 0</column>
<column name="xor_ln19_reg_3665">8, 0, 8, 0</column>
<column name="xor_ln70_14_reg_4110">32, 0, 32, 0</column>
<column name="xor_ln70_15_reg_4136">8, 0, 8, 0</column>
<column name="xor_ln70_16_reg_4116">24, 0, 24, 0</column>
<column name="xor_ln70_17_reg_4121">16, 0, 16, 0</column>
<column name="xor_ln72_12_reg_3653">16, 0, 16, 0</column>
<column name="xor_ln72_13_reg_3659">24, 0, 24, 0</column>
<column name="xor_ln72_15_reg_3684">16, 0, 16, 0</column>
<column name="xor_ln72_16_reg_3690">24, 0, 24, 0</column>
<column name="xor_ln72_17_reg_3696">8, 0, 8, 0</column>
<column name="xor_ln72_19_reg_3732">8, 0, 8, 0</column>
<column name="xor_ln72_1_reg_3603">24, 0, 24, 0</column>
<column name="xor_ln72_20_reg_3737">24, 0, 24, 0</column>
<column name="xor_ln72_21_reg_3742">16, 0, 16, 0</column>
<column name="xor_ln72_25_reg_3702">16, 0, 16, 0</column>
<column name="xor_ln72_26_reg_3759">16, 0, 16, 0</column>
<column name="xor_ln72_27_reg_3708">24, 0, 24, 0</column>
<column name="xor_ln72_28_reg_3765">24, 0, 24, 0</column>
<column name="xor_ln72_29_reg_3714">8, 0, 8, 0</column>
<column name="xor_ln72_2_reg_3609">16, 0, 16, 0</column>
<column name="xor_ln72_30_reg_3771">8, 0, 8, 0</column>
<column name="xor_ln72_37_reg_3790">16, 0, 16, 0</column>
<column name="xor_ln72_38_reg_3796">24, 0, 24, 0</column>
<column name="xor_ln72_40_reg_3821">16, 0, 16, 0</column>
<column name="xor_ln72_41_reg_3827">24, 0, 24, 0</column>
<column name="xor_ln72_42_reg_3833">8, 0, 8, 0</column>
<column name="xor_ln72_44_reg_3869">8, 0, 8, 0</column>
<column name="xor_ln72_45_reg_3874">24, 0, 24, 0</column>
<column name="xor_ln72_46_reg_3879">16, 0, 16, 0</column>
<column name="xor_ln72_50_reg_3839">16, 0, 16, 0</column>
<column name="xor_ln72_51_reg_3896">16, 0, 16, 0</column>
<column name="xor_ln72_52_reg_3845">24, 0, 24, 0</column>
<column name="xor_ln72_53_reg_3902">24, 0, 24, 0</column>
<column name="xor_ln72_54_reg_3851">8, 0, 8, 0</column>
<column name="xor_ln72_55_reg_3908">8, 0, 8, 0</column>
<column name="xor_ln72_62_reg_3927">16, 0, 16, 0</column>
<column name="xor_ln72_63_reg_3933">24, 0, 24, 0</column>
<column name="xor_ln72_65_reg_3958">16, 0, 16, 0</column>
<column name="xor_ln72_66_reg_3964">24, 0, 24, 0</column>
<column name="xor_ln72_67_reg_3970">8, 0, 8, 0</column>
<column name="xor_ln72_69_reg_4001">8, 0, 8, 0</column>
<column name="xor_ln72_70_reg_4006">24, 0, 24, 0</column>
<column name="xor_ln72_71_reg_4011">16, 0, 16, 0</column>
<column name="xor_ln72_75_reg_3976">16, 0, 16, 0</column>
<column name="xor_ln72_76_reg_4039">16, 0, 16, 0</column>
<column name="xor_ln72_77_reg_3982">24, 0, 24, 0</column>
<column name="xor_ln72_78_reg_4045">24, 0, 24, 0</column>
<column name="xor_ln72_79_reg_3988">8, 0, 8, 0</column>
<column name="xor_ln72_80_reg_4051">8, 0, 8, 0</column>
<column name="xor_ln72_87_reg_4071">16, 0, 16, 0</column>
<column name="xor_ln72_88_reg_4077">24, 0, 24, 0</column>
<column name="xor_ln72_reg_3597">8, 0, 8, 0</column>
</table>
</item>
</section>
</item>
</section>

<section name = "Interface" level="0">
<item name = "Summary"><table name="" hasTotal="0">
<keys size="6">RTL Ports, Dir, Bits, Protocol, Source Object, C Type</keys>
<column name="ap_clk">in, 1, ap_ctrl_hs, keyExpand, return value</column>
<column name="ap_rst">in, 1, ap_ctrl_hs, keyExpand, return value</column>
<column name="ap_start">in, 1, ap_ctrl_hs, keyExpand, return value</column>
<column name="ap_done">out, 1, ap_ctrl_hs, keyExpand, return value</column>
<column name="ap_idle">out, 1, ap_ctrl_hs, keyExpand, return value</column>
<column name="ap_ready">out, 1, ap_ctrl_hs, keyExpand, return value</column>
<column name="p_read">in, 8, ap_none, p_read, scalar</column>
<column name="p_read1">in, 8, ap_none, p_read1, scalar</column>
<column name="p_read2">in, 8, ap_none, p_read2, scalar</column>
<column name="p_read3">in, 8, ap_none, p_read3, scalar</column>
<column name="p_read4">in, 8, ap_none, p_read4, scalar</column>
<column name="p_read5">in, 8, ap_none, p_read5, scalar</column>
<column name="p_read6">in, 8, ap_none, p_read6, scalar</column>
<column name="p_read7">in, 8, ap_none, p_read7, scalar</column>
<column name="p_read8">in, 8, ap_none, p_read8, scalar</column>
<column name="p_read9">in, 8, ap_none, p_read9, scalar</column>
<column name="p_read10">in, 8, ap_none, p_read10, scalar</column>
<column name="p_read11">in, 8, ap_none, p_read11, scalar</column>
<column name="p_read12">in, 8, ap_none, p_read12, scalar</column>
<column name="p_read13">in, 8, ap_none, p_read13, scalar</column>
<column name="p_read14">in, 8, ap_none, p_read14, scalar</column>
<column name="p_read15">in, 8, ap_none, p_read15, scalar</column>
<column name="keys_address0">out, 8, ap_memory, keys, array</column>
<column name="keys_ce0">out, 1, ap_memory, keys, array</column>
<column name="keys_we0">out, 1, ap_memory, keys, array</column>
<column name="keys_d0">out, 8, ap_memory, keys, array</column>
<column name="keys_address1">out, 8, ap_memory, keys, array</column>
<column name="keys_ce1">out, 1, ap_memory, keys, array</column>
<column name="keys_we1">out, 1, ap_memory, keys, array</column>
<column name="keys_d1">out, 8, ap_memory, keys, array</column>
</table>
</item>
</section>
</profile>
