<profile>

<section name = "Vivado HLS Report for 'mixColViaLUT'" level="0">
<item name = "Date">Wed Apr 13 14:23:26 2022
</item>
<item name = "Version">2020.1 (Build 2897737 on Wed May 27 20:21:37 MDT 2020)</item>
<item name = "Project">aes_hw_impl_hls</item>
<item name = "Solution">solution11</item>
<item name = "Product family">zynq</item>
<item name = "Target device">xc7z020-clg400-1</item>
</section>

<section name = "Performance Estimates" level="0">
<item name = "Timing">
<section name = "" level="1">
<item name = "Summary"><table name="" hasTotal="0">
<keys size="4">Clock, Target, Estimated, Uncertainty</keys>
<column name="ap_clk">10.00 ns, 6.566 ns, 1.25 ns</column>
</table>
</item>
</section>
</item>
<item name = "Latency">
<section name = "" level="1">
<item name = "Summary"><table name="" hasTotal="0">
<keys size="8">, min, max, min, max, min, max, Type</keys>
<column name="">5, 5, 50.000 ns, 50.000 ns, 6, 6, function</column>
</table>
</item>
<item name = "Detail">
<section name = "" level="1">
<item name = "Instance"><table name="" hasTotal="0">
<keys size="9">Instance, Module, min, max, min, max, min, max, Type</keys>
</table>
</item>
<item name = "Loop"><table name="" hasTotal="0">
<keys size="8">Loop Name, min, max, Latency, achieved, target, Count, Pipelined</keys>
</table>
</item>
</section>
</item>
</section>
</item>
</section>

<section name = "Utilization Estimates" level="0">
<item name = "Summary"><table name="" hasTotal="1">
<keys size="6">Name, BRAM_18K, DSP48E, FF, LUT, URAM</keys>
<column name="DSP">-, -, -, -, -</column>
<column name="Expression">-, -, 0, 135, -</column>
<column name="FIFO">-, -, -, -, -</column>
<column name="Instance">-, -, -, -, -</column>
<column name="Memory">2, -, 0, 0, -</column>
<column name="Multiplexer">-, -, -, 176, -</column>
<column name="Register">-, -, 90, -, -</column>
<specialColumn name="Available">280, 220, 106400, 53200, 0</specialColumn>
<specialColumn name="Utilization (%)">~0, 0, ~0, ~0, 0</specialColumn>
</table>
</item>
<item name = "Detail">
<section name = "" level="1">
<item name = "Instance"><table name="" hasTotal="1">
<keys size="7">Instance, Module, BRAM_18K, DSP48E, FF, LUT, URAM</keys>
</table>
</item>
<item name = "DSP48E"><table name="" hasTotal="0">
<keys size="3">Instance, Module, Expression</keys>
</table>
</item>
<item name = "Memory"><table name="" hasTotal="1">
<keys size="10">Memory, Module, BRAM_18K, FF, LUT, URAM, Words, Bits, Banks, W*Bits*Banks</keys>
<column name="mx2_U">mixColViaLUT_mx2, 1, 0, 0, 0, 256, 8, 1, 2048</column>
<column name="mx3_U">mixColViaLUT_mx3, 1, 0, 0, 0, 256, 8, 1, 2048</column>
</table>
</item>
<item name = "FIFO"><table name="" hasTotal="1">
<keys size="8">Name, BRAM_18K, FF, LUT, URAM, Depth, Bits, Size:D*B</keys>
</table>
</item>
<item name = "Expression"><table name="" hasTotal="1">
<keys size="7">Variable Name, Operation, DSP48E, FF, LUT, Bitwidth P0, Bitwidth P1</keys>
<column name="add_ln137_1_fu_159_p2">+, 0, 0, 13, 2, 4</column>
<column name="add_ln137_2_fu_169_p2">+, 0, 0, 13, 2, 4</column>
<column name="add_ln137_fu_148_p2">+, 0, 0, 13, 1, 4</column>
<column name="xor_ln139_1_fu_195_p2">xor, 0, 0, 8, 8, 8</column>
<column name="xor_ln139_2_fu_201_p2">xor, 0, 0, 8, 8, 8</column>
<column name="xor_ln139_fu_189_p2">xor, 0, 0, 8, 8, 8</column>
<column name="xor_ln140_1_fu_217_p2">xor, 0, 0, 8, 8, 8</column>
<column name="xor_ln140_2_fu_223_p2">xor, 0, 0, 8, 8, 8</column>
<column name="xor_ln140_fu_213_p2">xor, 0, 0, 8, 8, 8</column>
<column name="xor_ln141_1_fu_238_p2">xor, 0, 0, 8, 8, 8</column>
<column name="xor_ln141_2_fu_244_p2">xor, 0, 0, 8, 8, 8</column>
<column name="xor_ln141_fu_234_p2">xor, 0, 0, 8, 8, 8</column>
<column name="xor_ln142_1_fu_255_p2">xor, 0, 0, 8, 8, 8</column>
<column name="xor_ln142_2_fu_261_p2">xor, 0, 0, 8, 8, 8</column>
<column name="xor_ln142_fu_251_p2">xor, 0, 0, 8, 8, 8</column>
</table>
</item>
<item name = "Multiplexer"><table name="" hasTotal="1">
<keys size="5">Name, LUT, Input Size, Bits, Total Bits</keys>
<column name="ap_NS_fsm">38, 7, 1, 7</column>
<column name="mx2_address0">27, 5, 8, 40</column>
<column name="mx3_address0">27, 5, 8, 40</column>
<column name="r_address0">27, 5, 4, 20</column>
<column name="r_address1">27, 5, 4, 20</column>
<column name="r_d0">15, 3, 8, 24</column>
<column name="r_d1">15, 3, 8, 24</column>
</table>
</item>
<item name = "Register"><table name="" hasTotal="1">
<keys size="5">Name, FF, LUT, Bits, Const Bits</keys>
<column name="ap_CS_fsm">6, 0, 6, 0</column>
<column name="r_addr_1_reg_279">4, 0, 4, 0</column>
<column name="r_addr_2_reg_296">4, 0, 4, 0</column>
<column name="r_addr_3_reg_301">4, 0, 4, 0</column>
<column name="r_addr_reg_268">4, 0, 4, 0</column>
<column name="r_load_1_reg_290">8, 0, 8, 0</column>
<column name="r_load_2_reg_326">8, 0, 8, 0</column>
<column name="r_load_3_reg_331">8, 0, 8, 0</column>
<column name="r_load_reg_284">8, 0, 8, 0</column>
<column name="trunc_ln137_reg_273">4, 0, 4, 0</column>
<column name="zext_ln139_1_reg_316">8, 0, 64, 56</column>
<column name="zext_ln139_reg_306">8, 0, 64, 56</column>
<column name="zext_ln140_reg_342">8, 0, 64, 56</column>
<column name="zext_ln141_reg_357">8, 0, 64, 56</column>
</table>
</item>
</section>
</item>
</section>

<section name = "Interface" level="0">
<item name = "Summary"><table name="" hasTotal="0">
<keys size="6">RTL Ports, Dir, Bits, Protocol, Source Object, C Type</keys>
<column name="ap_clk">in, 1, ap_ctrl_hs, mixColViaLUT, return value</column>
<column name="ap_rst">in, 1, ap_ctrl_hs, mixColViaLUT, return value</column>
<column name="ap_start">in, 1, ap_ctrl_hs, mixColViaLUT, return value</column>
<column name="ap_done">out, 1, ap_ctrl_hs, mixColViaLUT, return value</column>
<column name="ap_idle">out, 1, ap_ctrl_hs, mixColViaLUT, return value</column>
<column name="ap_ready">out, 1, ap_ctrl_hs, mixColViaLUT, return value</column>
<column name="ap_ce">in, 1, ap_ctrl_hs, mixColViaLUT, return value</column>
<column name="r_address0">out, 4, ap_memory, r, array</column>
<column name="r_ce0">out, 1, ap_memory, r, array</column>
<column name="r_we0">out, 1, ap_memory, r, array</column>
<column name="r_d0">out, 8, ap_memory, r, array</column>
<column name="r_q0">in, 8, ap_memory, r, array</column>
<column name="r_address1">out, 4, ap_memory, r, array</column>
<column name="r_ce1">out, 1, ap_memory, r, array</column>
<column name="r_we1">out, 1, ap_memory, r, array</column>
<column name="r_d1">out, 8, ap_memory, r, array</column>
<column name="r_q1">in, 8, ap_memory, r, array</column>
<column name="r_offset">in, 5, ap_none, r_offset, scalar</column>
</table>
</item>
</section>
</profile>
