<stg><name>mixColViaLUT</name>


<trans_list>

<trans id="79" from="1" to="2">
<condition id="-1">
<or_exp><and_exp></and_exp></or_exp>
</condition>
</trans>

<trans id="80" from="2" to="3">
<condition id="-1">
<or_exp><and_exp></and_exp></or_exp>
</condition>
</trans>

<trans id="81" from="3" to="4">
<condition id="-1">
<or_exp><and_exp></and_exp></or_exp>
</condition>
</trans>

<trans id="82" from="4" to="5">
<condition id="-1">
<or_exp><and_exp></and_exp></or_exp>
</condition>
</trans>

<trans id="83" from="5" to="6">
<condition id="-1">
<or_exp><and_exp></and_exp></or_exp>
</condition>
</trans>
</trans_list>



<state_list>

<state id="1" st_id="1">

<operation id="7" st_id="1" stage="1" lat="1">
<core>NULL</core>
<MemPortIdVec></MemPortIdVec>
<condition id="-1">
<or_exp><and_exp></and_exp></or_exp>
</condition>

<Node id="7" bw="5" op_0_bw="5" op_1_bw="5">
<![CDATA[
:0  %r_offset_read = call i5 @_ssdm_op_Read.ap_auto.i5(i5 %r_offset)

]]></Node>
<StgValue><ssdm name="r_offset_read"/></StgValue>
</operation>

<operation id="8" st_id="1" stage="1" lat="1">
<core>NULL</core>
<MemPortIdVec></MemPortIdVec>
<condition id="-1">
<or_exp><and_exp></and_exp></or_exp>
</condition>

<Node id="8" bw="64" op_0_bw="5">
<![CDATA[
:1  %r_offset_cast1 = zext i5 %r_offset_read to i64

]]></Node>
<StgValue><ssdm name="r_offset_cast1"/></StgValue>
</operation>

<operation id="9" st_id="1" stage="1" lat="1">
<core>NULL</core>
<MemPortIdVec></MemPortIdVec>
<condition id="-1">
<or_exp><and_exp></and_exp></or_exp>
</condition>

<Node id="9" bw="4" op_0_bw="8" op_1_bw="64" op_2_bw="64">
<![CDATA[
:2  %r_addr = getelementptr [16 x i8]* %r, i64 0, i64 %r_offset_cast1

]]></Node>
<StgValue><ssdm name="r_addr"/></StgValue>
</operation>

<operation id="10" st_id="1" stage="2" lat="2">
<core>RAM</core>
<MemPortIdVec>0 </MemPortIdVec>
<condition id="-1">
<or_exp><and_exp></and_exp></or_exp>
</condition>

<Node id="10" bw="8" op_0_bw="4">
<![CDATA[
:3  %r_load = load i8* %r_addr, align 1

]]></Node>
<StgValue><ssdm name="r_load"/></StgValue>
</operation>

<operation id="11" st_id="1" stage="1" lat="1">
<core>NULL</core>
<MemPortIdVec></MemPortIdVec>
<condition id="-1">
<or_exp><and_exp></and_exp></or_exp>
</condition>

<Node id="11" bw="4" op_0_bw="5">
<![CDATA[
:4  %trunc_ln137 = trunc i5 %r_offset_read to i4

]]></Node>
<StgValue><ssdm name="trunc_ln137"/></StgValue>
</operation>

<operation id="12" st_id="1" stage="1" lat="1">
<core>AddSub</core>
<MemPortIdVec></MemPortIdVec>
<condition id="-1">
<or_exp><and_exp></and_exp></or_exp>
</condition>

<Node id="12" bw="4" op_0_bw="4" op_1_bw="4">
<![CDATA[
:5  %add_ln137 = add i4 1, %trunc_ln137

]]></Node>
<StgValue><ssdm name="add_ln137"/></StgValue>
</operation>

<operation id="13" st_id="1" stage="1" lat="1">
<core>NULL</core>
<MemPortIdVec></MemPortIdVec>
<condition id="-1">
<or_exp><and_exp></and_exp></or_exp>
</condition>

<Node id="13" bw="64" op_0_bw="4">
<![CDATA[
:6  %zext_ln137 = zext i4 %add_ln137 to i64

]]></Node>
<StgValue><ssdm name="zext_ln137"/></StgValue>
</operation>

<operation id="14" st_id="1" stage="1" lat="1">
<core>NULL</core>
<MemPortIdVec></MemPortIdVec>
<condition id="-1">
<or_exp><and_exp></and_exp></or_exp>
</condition>

<Node id="14" bw="4" op_0_bw="8" op_1_bw="64" op_2_bw="64">
<![CDATA[
:7  %r_addr_1 = getelementptr [16 x i8]* %r, i64 0, i64 %zext_ln137

]]></Node>
<StgValue><ssdm name="r_addr_1"/></StgValue>
</operation>

<operation id="15" st_id="1" stage="2" lat="2">
<core>RAM</core>
<MemPortIdVec>1 </MemPortIdVec>
<condition id="-1">
<or_exp><and_exp></and_exp></or_exp>
</condition>

<Node id="15" bw="8" op_0_bw="4">
<![CDATA[
:8  %r_load_1 = load i8* %r_addr_1, align 1

]]></Node>
<StgValue><ssdm name="r_load_1"/></StgValue>
</operation>
</state>

<state id="2" st_id="2">

<operation id="16" st_id="2" stage="1" lat="2">
<core>RAM</core>
<MemPortIdVec>0 </MemPortIdVec>
<condition id="-1">
<or_exp><and_exp></and_exp></or_exp>
</condition>

<Node id="10" bw="8" op_0_bw="4">
<![CDATA[
:3  %r_load = load i8* %r_addr, align 1

]]></Node>
<StgValue><ssdm name="r_load"/></StgValue>
</operation>

<operation id="17" st_id="2" stage="1" lat="2">
<core>RAM</core>
<MemPortIdVec>1 </MemPortIdVec>
<condition id="-1">
<or_exp><and_exp></and_exp></or_exp>
</condition>

<Node id="15" bw="8" op_0_bw="4">
<![CDATA[
:8  %r_load_1 = load i8* %r_addr_1, align 1

]]></Node>
<StgValue><ssdm name="r_load_1"/></StgValue>
</operation>

<operation id="18" st_id="2" stage="1" lat="1">
<core>AddSub</core>
<MemPortIdVec></MemPortIdVec>
<condition id="-1">
<or_exp><and_exp></and_exp></or_exp>
</condition>

<Node id="16" bw="4" op_0_bw="4" op_1_bw="4">
<![CDATA[
:9  %add_ln137_1 = add i4 2, %trunc_ln137

]]></Node>
<StgValue><ssdm name="add_ln137_1"/></StgValue>
</operation>

<operation id="19" st_id="2" stage="1" lat="1">
<core>NULL</core>
<MemPortIdVec></MemPortIdVec>
<condition id="-1">
<or_exp><and_exp></and_exp></or_exp>
</condition>

<Node id="17" bw="64" op_0_bw="4">
<![CDATA[
:10  %zext_ln137_1 = zext i4 %add_ln137_1 to i64

]]></Node>
<StgValue><ssdm name="zext_ln137_1"/></StgValue>
</operation>

<operation id="20" st_id="2" stage="1" lat="1">
<core>NULL</core>
<MemPortIdVec></MemPortIdVec>
<condition id="-1">
<or_exp><and_exp></and_exp></or_exp>
</condition>

<Node id="18" bw="4" op_0_bw="8" op_1_bw="64" op_2_bw="64">
<![CDATA[
:11  %r_addr_2 = getelementptr [16 x i8]* %r, i64 0, i64 %zext_ln137_1

]]></Node>
<StgValue><ssdm name="r_addr_2"/></StgValue>
</operation>

<operation id="21" st_id="2" stage="2" lat="2">
<core>RAM</core>
<MemPortIdVec>0 </MemPortIdVec>
<condition id="-1">
<or_exp><and_exp></and_exp></or_exp>
</condition>

<Node id="19" bw="8" op_0_bw="4">
<![CDATA[
:12  %r_load_2 = load i8* %r_addr_2, align 1

]]></Node>
<StgValue><ssdm name="r_load_2"/></StgValue>
</operation>

<operation id="22" st_id="2" stage="1" lat="1">
<core>AddSub</core>
<MemPortIdVec></MemPortIdVec>
<condition id="-1">
<or_exp><and_exp></and_exp></or_exp>
</condition>

<Node id="20" bw="4" op_0_bw="4" op_1_bw="4">
<![CDATA[
:13  %add_ln137_2 = add i4 3, %trunc_ln137

]]></Node>
<StgValue><ssdm name="add_ln137_2"/></StgValue>
</operation>

<operation id="23" st_id="2" stage="1" lat="1">
<core>NULL</core>
<MemPortIdVec></MemPortIdVec>
<condition id="-1">
<or_exp><and_exp></and_exp></or_exp>
</condition>

<Node id="21" bw="64" op_0_bw="4">
<![CDATA[
:14  %zext_ln137_2 = zext i4 %add_ln137_2 to i64

]]></Node>
<StgValue><ssdm name="zext_ln137_2"/></StgValue>
</operation>

<operation id="24" st_id="2" stage="1" lat="1">
<core>NULL</core>
<MemPortIdVec></MemPortIdVec>
<condition id="-1">
<or_exp><and_exp></and_exp></or_exp>
</condition>

<Node id="22" bw="4" op_0_bw="8" op_1_bw="64" op_2_bw="64">
<![CDATA[
:15  %r_addr_3 = getelementptr [16 x i8]* %r, i64 0, i64 %zext_ln137_2

]]></Node>
<StgValue><ssdm name="r_addr_3"/></StgValue>
</operation>

<operation id="25" st_id="2" stage="2" lat="2">
<core>RAM</core>
<MemPortIdVec>1 </MemPortIdVec>
<condition id="-1">
<or_exp><and_exp></and_exp></or_exp>
</condition>

<Node id="23" bw="8" op_0_bw="4">
<![CDATA[
:16  %r_load_3 = load i8* %r_addr_3, align 1

]]></Node>
<StgValue><ssdm name="r_load_3"/></StgValue>
</operation>

<operation id="26" st_id="2" stage="1" lat="1">
<core>NULL</core>
<MemPortIdVec></MemPortIdVec>
<condition id="-1">
<or_exp><and_exp></and_exp></or_exp>
</condition>

<Node id="24" bw="64" op_0_bw="8">
<![CDATA[
:17  %zext_ln139 = zext i8 %r_load to i64

]]></Node>
<StgValue><ssdm name="zext_ln139"/></StgValue>
</operation>

<operation id="27" st_id="2" stage="1" lat="1">
<core>NULL</core>
<MemPortIdVec></MemPortIdVec>
<condition id="-1">
<or_exp><and_exp></and_exp></or_exp>
</condition>

<Node id="25" bw="8" op_0_bw="8" op_1_bw="64" op_2_bw="64">
<![CDATA[
:18  %mx2_addr = getelementptr inbounds [256 x i8]* @mx2, i64 0, i64 %zext_ln139

]]></Node>
<StgValue><ssdm name="mx2_addr"/></StgValue>
</operation>

<operation id="28" st_id="2" stage="2" lat="2">
<core>ROM_nP</core>
<MemPortIdVec>0 </MemPortIdVec>
<condition id="-1">
<or_exp><and_exp></and_exp></or_exp>
</condition>

<Node id="26" bw="8" op_0_bw="8">
<![CDATA[
:19  %mx2_load = load i8* %mx2_addr, align 1

]]></Node>
<StgValue><ssdm name="mx2_load"/></StgValue>
</operation>

<operation id="29" st_id="2" stage="1" lat="1">
<core>NULL</core>
<MemPortIdVec></MemPortIdVec>
<condition id="-1">
<or_exp><and_exp></and_exp></or_exp>
</condition>

<Node id="27" bw="64" op_0_bw="8">
<![CDATA[
:20  %zext_ln139_1 = zext i8 %r_load_1 to i64

]]></Node>
<StgValue><ssdm name="zext_ln139_1"/></StgValue>
</operation>

<operation id="30" st_id="2" stage="1" lat="1">
<core>NULL</core>
<MemPortIdVec></MemPortIdVec>
<condition id="-1">
<or_exp><and_exp></and_exp></or_exp>
</condition>

<Node id="28" bw="8" op_0_bw="8" op_1_bw="64" op_2_bw="64">
<![CDATA[
:21  %mx3_addr = getelementptr inbounds [256 x i8]* @mx3, i64 0, i64 %zext_ln139_1

]]></Node>
<StgValue><ssdm name="mx3_addr"/></StgValue>
</operation>

<operation id="31" st_id="2" stage="2" lat="2">
<core>ROM_nP</core>
<MemPortIdVec>0 </MemPortIdVec>
<condition id="-1">
<or_exp><and_exp></and_exp></or_exp>
</condition>

<Node id="29" bw="8" op_0_bw="8">
<![CDATA[
:22  %mx3_load = load i8* %mx3_addr, align 1

]]></Node>
<StgValue><ssdm name="mx3_load"/></StgValue>
</operation>
</state>

<state id="3" st_id="3">

<operation id="32" st_id="3" stage="1" lat="2">
<core>RAM</core>
<MemPortIdVec>0 </MemPortIdVec>
<condition id="-1">
<or_exp><and_exp></and_exp></or_exp>
</condition>

<Node id="19" bw="8" op_0_bw="4">
<![CDATA[
:12  %r_load_2 = load i8* %r_addr_2, align 1

]]></Node>
<StgValue><ssdm name="r_load_2"/></StgValue>
</operation>

<operation id="33" st_id="3" stage="1" lat="2">
<core>RAM</core>
<MemPortIdVec>1 </MemPortIdVec>
<condition id="-1">
<or_exp><and_exp></and_exp></or_exp>
</condition>

<Node id="23" bw="8" op_0_bw="4">
<![CDATA[
:16  %r_load_3 = load i8* %r_addr_3, align 1

]]></Node>
<StgValue><ssdm name="r_load_3"/></StgValue>
</operation>

<operation id="34" st_id="3" stage="1" lat="2">
<core>ROM_nP</core>
<MemPortIdVec>0 </MemPortIdVec>
<condition id="-1">
<or_exp><and_exp></and_exp></or_exp>
</condition>

<Node id="26" bw="8" op_0_bw="8">
<![CDATA[
:19  %mx2_load = load i8* %mx2_addr, align 1

]]></Node>
<StgValue><ssdm name="mx2_load"/></StgValue>
</operation>

<operation id="35" st_id="3" stage="1" lat="2">
<core>ROM_nP</core>
<MemPortIdVec>0 </MemPortIdVec>
<condition id="-1">
<or_exp><and_exp></and_exp></or_exp>
</condition>

<Node id="29" bw="8" op_0_bw="8">
<![CDATA[
:22  %mx3_load = load i8* %mx3_addr, align 1

]]></Node>
<StgValue><ssdm name="mx3_load"/></StgValue>
</operation>

<operation id="36" st_id="3" stage="1" lat="1">
<core>LogicGate</core>
<MemPortIdVec></MemPortIdVec>
<condition id="-1">
<or_exp><and_exp></and_exp></or_exp>
</condition>

<Node id="30" bw="8" op_0_bw="8" op_1_bw="8">
<![CDATA[
:23  %xor_ln139 = xor i8 %mx3_load, %mx2_load

]]></Node>
<StgValue><ssdm name="xor_ln139"/></StgValue>
</operation>

<operation id="37" st_id="3" stage="1" lat="1">
<core>LogicGate</core>
<MemPortIdVec></MemPortIdVec>
<condition id="-1">
<or_exp><and_exp></and_exp></or_exp>
</condition>

<Node id="31" bw="8" op_0_bw="8" op_1_bw="8">
<![CDATA[
:24  %xor_ln139_1 = xor i8 %r_load_2, %r_load_3

]]></Node>
<StgValue><ssdm name="xor_ln139_1"/></StgValue>
</operation>

<operation id="38" st_id="3" stage="1" lat="1">
<core>LogicGate</core>
<MemPortIdVec></MemPortIdVec>
<condition id="-1">
<or_exp><and_exp></and_exp></or_exp>
</condition>

<Node id="32" bw="8" op_0_bw="8" op_1_bw="8">
<![CDATA[
:25  %xor_ln139_2 = xor i8 %xor_ln139_1, %xor_ln139

]]></Node>
<StgValue><ssdm name="xor_ln139_2"/></StgValue>
</operation>

<operation id="39" st_id="3" stage="1" lat="1">
<core>RAM</core>
<MemPortIdVec>0 </MemPortIdVec>
<condition id="-1">
<or_exp><and_exp></and_exp></or_exp>
</condition>

<Node id="33" bw="0" op_0_bw="8" op_1_bw="4" op_2_bw="8">
<![CDATA[
:26  store i8 %xor_ln139_2, i8* %r_addr, align 1

]]></Node>
<StgValue><ssdm name="store_ln139"/></StgValue>
</operation>

<operation id="40" st_id="3" stage="1" lat="1">
<core>NULL</core>
<MemPortIdVec></MemPortIdVec>
<condition id="-1">
<or_exp><and_exp></and_exp></or_exp>
</condition>

<Node id="34" bw="8" op_0_bw="8" op_1_bw="64" op_2_bw="64">
<![CDATA[
:27  %mx2_addr_1 = getelementptr inbounds [256 x i8]* @mx2, i64 0, i64 %zext_ln139_1

]]></Node>
<StgValue><ssdm name="mx2_addr_1"/></StgValue>
</operation>

<operation id="41" st_id="3" stage="2" lat="2">
<core>ROM_nP</core>
<MemPortIdVec>0 </MemPortIdVec>
<condition id="-1">
<or_exp><and_exp></and_exp></or_exp>
</condition>

<Node id="35" bw="8" op_0_bw="8">
<![CDATA[
:28  %mx2_load_1 = load i8* %mx2_addr_1, align 1

]]></Node>
<StgValue><ssdm name="mx2_load_1"/></StgValue>
</operation>

<operation id="42" st_id="3" stage="1" lat="1">
<core>NULL</core>
<MemPortIdVec></MemPortIdVec>
<condition id="-1">
<or_exp><and_exp></and_exp></or_exp>
</condition>

<Node id="36" bw="64" op_0_bw="8">
<![CDATA[
:29  %zext_ln140 = zext i8 %r_load_2 to i64

]]></Node>
<StgValue><ssdm name="zext_ln140"/></StgValue>
</operation>

<operation id="43" st_id="3" stage="1" lat="1">
<core>NULL</core>
<MemPortIdVec></MemPortIdVec>
<condition id="-1">
<or_exp><and_exp></and_exp></or_exp>
</condition>

<Node id="37" bw="8" op_0_bw="8" op_1_bw="64" op_2_bw="64">
<![CDATA[
:30  %mx3_addr_1 = getelementptr inbounds [256 x i8]* @mx3, i64 0, i64 %zext_ln140

]]></Node>
<StgValue><ssdm name="mx3_addr_1"/></StgValue>
</operation>

<operation id="44" st_id="3" stage="2" lat="2">
<core>ROM_nP</core>
<MemPortIdVec>0 </MemPortIdVec>
<condition id="-1">
<or_exp><and_exp></and_exp></or_exp>
</condition>

<Node id="38" bw="8" op_0_bw="8">
<![CDATA[
:31  %mx3_load_1 = load i8* %mx3_addr_1, align 1

]]></Node>
<StgValue><ssdm name="mx3_load_1"/></StgValue>
</operation>
</state>

<state id="4" st_id="4">

<operation id="45" st_id="4" stage="1" lat="2">
<core>ROM_nP</core>
<MemPortIdVec>0 </MemPortIdVec>
<condition id="-1">
<or_exp><and_exp></and_exp></or_exp>
</condition>

<Node id="35" bw="8" op_0_bw="8">
<![CDATA[
:28  %mx2_load_1 = load i8* %mx2_addr_1, align 1

]]></Node>
<StgValue><ssdm name="mx2_load_1"/></StgValue>
</operation>

<operation id="46" st_id="4" stage="1" lat="2">
<core>ROM_nP</core>
<MemPortIdVec>0 </MemPortIdVec>
<condition id="-1">
<or_exp><and_exp></and_exp></or_exp>
</condition>

<Node id="38" bw="8" op_0_bw="8">
<![CDATA[
:31  %mx3_load_1 = load i8* %mx3_addr_1, align 1

]]></Node>
<StgValue><ssdm name="mx3_load_1"/></StgValue>
</operation>

<operation id="47" st_id="4" stage="1" lat="1">
<core>LogicGate</core>
<MemPortIdVec></MemPortIdVec>
<condition id="-1">
<or_exp><and_exp></and_exp></or_exp>
</condition>

<Node id="39" bw="8" op_0_bw="8" op_1_bw="8">
<![CDATA[
:32  %xor_ln140 = xor i8 %r_load_3, %r_load

]]></Node>
<StgValue><ssdm name="xor_ln140"/></StgValue>
</operation>

<operation id="48" st_id="4" stage="1" lat="1">
<core>LogicGate</core>
<MemPortIdVec></MemPortIdVec>
<condition id="-1">
<or_exp><and_exp></and_exp></or_exp>
</condition>

<Node id="40" bw="8" op_0_bw="8" op_1_bw="8">
<![CDATA[
:33  %xor_ln140_1 = xor i8 %mx2_load_1, %mx3_load_1

]]></Node>
<StgValue><ssdm name="xor_ln140_1"/></StgValue>
</operation>

<operation id="49" st_id="4" stage="1" lat="1">
<core>LogicGate</core>
<MemPortIdVec></MemPortIdVec>
<condition id="-1">
<or_exp><and_exp></and_exp></or_exp>
</condition>

<Node id="41" bw="8" op_0_bw="8" op_1_bw="8">
<![CDATA[
:34  %xor_ln140_2 = xor i8 %xor_ln140_1, %xor_ln140

]]></Node>
<StgValue><ssdm name="xor_ln140_2"/></StgValue>
</operation>

<operation id="50" st_id="4" stage="1" lat="1">
<core>RAM</core>
<MemPortIdVec>1 </MemPortIdVec>
<condition id="-1">
<or_exp><and_exp></and_exp></or_exp>
</condition>

<Node id="42" bw="0" op_0_bw="8" op_1_bw="4" op_2_bw="8">
<![CDATA[
:35  store i8 %xor_ln140_2, i8* %r_addr_1, align 1

]]></Node>
<StgValue><ssdm name="store_ln140"/></StgValue>
</operation>

<operation id="51" st_id="4" stage="1" lat="1">
<core>NULL</core>
<MemPortIdVec></MemPortIdVec>
<condition id="-1">
<or_exp><and_exp></and_exp></or_exp>
</condition>

<Node id="43" bw="8" op_0_bw="8" op_1_bw="64" op_2_bw="64">
<![CDATA[
:36  %mx2_addr_2 = getelementptr inbounds [256 x i8]* @mx2, i64 0, i64 %zext_ln140

]]></Node>
<StgValue><ssdm name="mx2_addr_2"/></StgValue>
</operation>

<operation id="52" st_id="4" stage="2" lat="2">
<core>ROM_nP</core>
<MemPortIdVec>0 </MemPortIdVec>
<condition id="-1">
<or_exp><and_exp></and_exp></or_exp>
</condition>

<Node id="44" bw="8" op_0_bw="8">
<![CDATA[
:37  %mx2_load_2 = load i8* %mx2_addr_2, align 1

]]></Node>
<StgValue><ssdm name="mx2_load_2"/></StgValue>
</operation>

<operation id="53" st_id="4" stage="1" lat="1">
<core>NULL</core>
<MemPortIdVec></MemPortIdVec>
<condition id="-1">
<or_exp><and_exp></and_exp></or_exp>
</condition>

<Node id="45" bw="64" op_0_bw="8">
<![CDATA[
:38  %zext_ln141 = zext i8 %r_load_3 to i64

]]></Node>
<StgValue><ssdm name="zext_ln141"/></StgValue>
</operation>

<operation id="54" st_id="4" stage="1" lat="1">
<core>NULL</core>
<MemPortIdVec></MemPortIdVec>
<condition id="-1">
<or_exp><and_exp></and_exp></or_exp>
</condition>

<Node id="46" bw="8" op_0_bw="8" op_1_bw="64" op_2_bw="64">
<![CDATA[
:39  %mx3_addr_2 = getelementptr inbounds [256 x i8]* @mx3, i64 0, i64 %zext_ln141

]]></Node>
<StgValue><ssdm name="mx3_addr_2"/></StgValue>
</operation>

<operation id="55" st_id="4" stage="2" lat="2">
<core>ROM_nP</core>
<MemPortIdVec>0 </MemPortIdVec>
<condition id="-1">
<or_exp><and_exp></and_exp></or_exp>
</condition>

<Node id="47" bw="8" op_0_bw="8">
<![CDATA[
:40  %mx3_load_2 = load i8* %mx3_addr_2, align 1

]]></Node>
<StgValue><ssdm name="mx3_load_2"/></StgValue>
</operation>
</state>

<state id="5" st_id="5">

<operation id="56" st_id="5" stage="1" lat="2">
<core>ROM_nP</core>
<MemPortIdVec>0 </MemPortIdVec>
<condition id="-1">
<or_exp><and_exp></and_exp></or_exp>
</condition>

<Node id="44" bw="8" op_0_bw="8">
<![CDATA[
:37  %mx2_load_2 = load i8* %mx2_addr_2, align 1

]]></Node>
<StgValue><ssdm name="mx2_load_2"/></StgValue>
</operation>

<operation id="57" st_id="5" stage="1" lat="2">
<core>ROM_nP</core>
<MemPortIdVec>0 </MemPortIdVec>
<condition id="-1">
<or_exp><and_exp></and_exp></or_exp>
</condition>

<Node id="47" bw="8" op_0_bw="8">
<![CDATA[
:40  %mx3_load_2 = load i8* %mx3_addr_2, align 1

]]></Node>
<StgValue><ssdm name="mx3_load_2"/></StgValue>
</operation>

<operation id="58" st_id="5" stage="1" lat="1">
<core>LogicGate</core>
<MemPortIdVec></MemPortIdVec>
<condition id="-1">
<or_exp><and_exp></and_exp></or_exp>
</condition>

<Node id="48" bw="8" op_0_bw="8" op_1_bw="8">
<![CDATA[
:41  %xor_ln141 = xor i8 %r_load_1, %r_load

]]></Node>
<StgValue><ssdm name="xor_ln141"/></StgValue>
</operation>

<operation id="59" st_id="5" stage="1" lat="1">
<core>LogicGate</core>
<MemPortIdVec></MemPortIdVec>
<condition id="-1">
<or_exp><and_exp></and_exp></or_exp>
</condition>

<Node id="49" bw="8" op_0_bw="8" op_1_bw="8">
<![CDATA[
:42  %xor_ln141_1 = xor i8 %mx2_load_2, %mx3_load_2

]]></Node>
<StgValue><ssdm name="xor_ln141_1"/></StgValue>
</operation>

<operation id="60" st_id="5" stage="1" lat="1">
<core>LogicGate</core>
<MemPortIdVec></MemPortIdVec>
<condition id="-1">
<or_exp><and_exp></and_exp></or_exp>
</condition>

<Node id="50" bw="8" op_0_bw="8" op_1_bw="8">
<![CDATA[
:43  %xor_ln141_2 = xor i8 %xor_ln141_1, %xor_ln141

]]></Node>
<StgValue><ssdm name="xor_ln141_2"/></StgValue>
</operation>

<operation id="61" st_id="5" stage="1" lat="1">
<core>RAM</core>
<MemPortIdVec>0 </MemPortIdVec>
<condition id="-1">
<or_exp><and_exp></and_exp></or_exp>
</condition>

<Node id="51" bw="0" op_0_bw="8" op_1_bw="4" op_2_bw="8">
<![CDATA[
:44  store i8 %xor_ln141_2, i8* %r_addr_2, align 1

]]></Node>
<StgValue><ssdm name="store_ln141"/></StgValue>
</operation>

<operation id="62" st_id="5" stage="1" lat="1">
<core>NULL</core>
<MemPortIdVec></MemPortIdVec>
<condition id="-1">
<or_exp><and_exp></and_exp></or_exp>
</condition>

<Node id="52" bw="8" op_0_bw="8" op_1_bw="64" op_2_bw="64">
<![CDATA[
:45  %mx3_addr_3 = getelementptr inbounds [256 x i8]* @mx3, i64 0, i64 %zext_ln139

]]></Node>
<StgValue><ssdm name="mx3_addr_3"/></StgValue>
</operation>

<operation id="63" st_id="5" stage="2" lat="2">
<core>ROM_nP</core>
<MemPortIdVec>0 </MemPortIdVec>
<condition id="-1">
<or_exp><and_exp></and_exp></or_exp>
</condition>

<Node id="53" bw="8" op_0_bw="8">
<![CDATA[
:46  %mx3_load_3 = load i8* %mx3_addr_3, align 1

]]></Node>
<StgValue><ssdm name="mx3_load_3"/></StgValue>
</operation>

<operation id="64" st_id="5" stage="1" lat="1">
<core>NULL</core>
<MemPortIdVec></MemPortIdVec>
<condition id="-1">
<or_exp><and_exp></and_exp></or_exp>
</condition>

<Node id="54" bw="8" op_0_bw="8" op_1_bw="64" op_2_bw="64">
<![CDATA[
:47  %mx2_addr_3 = getelementptr inbounds [256 x i8]* @mx2, i64 0, i64 %zext_ln141

]]></Node>
<StgValue><ssdm name="mx2_addr_3"/></StgValue>
</operation>

<operation id="65" st_id="5" stage="2" lat="2">
<core>ROM_nP</core>
<MemPortIdVec>0 </MemPortIdVec>
<condition id="-1">
<or_exp><and_exp></and_exp></or_exp>
</condition>

<Node id="55" bw="8" op_0_bw="8">
<![CDATA[
:48  %mx2_load_3 = load i8* %mx2_addr_3, align 1

]]></Node>
<StgValue><ssdm name="mx2_load_3"/></StgValue>
</operation>
</state>

<state id="6" st_id="6">

<operation id="66" st_id="6" stage="1" lat="2">
<core>ROM_nP</core>
<MemPortIdVec>0 </MemPortIdVec>
<condition id="-1">
<or_exp><and_exp></and_exp></or_exp>
</condition>

<Node id="53" bw="8" op_0_bw="8">
<![CDATA[
:46  %mx3_load_3 = load i8* %mx3_addr_3, align 1

]]></Node>
<StgValue><ssdm name="mx3_load_3"/></StgValue>
</operation>

<operation id="67" st_id="6" stage="1" lat="2">
<core>ROM_nP</core>
<MemPortIdVec>0 </MemPortIdVec>
<condition id="-1">
<or_exp><and_exp></and_exp></or_exp>
</condition>

<Node id="55" bw="8" op_0_bw="8">
<![CDATA[
:48  %mx2_load_3 = load i8* %mx2_addr_3, align 1

]]></Node>
<StgValue><ssdm name="mx2_load_3"/></StgValue>
</operation>

<operation id="68" st_id="6" stage="1" lat="1">
<core>LogicGate</core>
<MemPortIdVec></MemPortIdVec>
<condition id="-1">
<or_exp><and_exp></and_exp></or_exp>
</condition>

<Node id="56" bw="8" op_0_bw="8" op_1_bw="8">
<![CDATA[
:49  %xor_ln142 = xor i8 %r_load_2, %r_load_1

]]></Node>
<StgValue><ssdm name="xor_ln142"/></StgValue>
</operation>

<operation id="69" st_id="6" stage="1" lat="1">
<core>LogicGate</core>
<MemPortIdVec></MemPortIdVec>
<condition id="-1">
<or_exp><and_exp></and_exp></or_exp>
</condition>

<Node id="57" bw="8" op_0_bw="8" op_1_bw="8">
<![CDATA[
:50  %xor_ln142_1 = xor i8 %mx3_load_3, %mx2_load_3

]]></Node>
<StgValue><ssdm name="xor_ln142_1"/></StgValue>
</operation>

<operation id="70" st_id="6" stage="1" lat="1">
<core>LogicGate</core>
<MemPortIdVec></MemPortIdVec>
<condition id="-1">
<or_exp><and_exp></and_exp></or_exp>
</condition>

<Node id="58" bw="8" op_0_bw="8" op_1_bw="8">
<![CDATA[
:51  %xor_ln142_2 = xor i8 %xor_ln142_1, %xor_ln142

]]></Node>
<StgValue><ssdm name="xor_ln142_2"/></StgValue>
</operation>

<operation id="71" st_id="6" stage="1" lat="1">
<core>RAM</core>
<MemPortIdVec>1 </MemPortIdVec>
<condition id="-1">
<or_exp><and_exp></and_exp></or_exp>
</condition>

<Node id="59" bw="0" op_0_bw="8" op_1_bw="4" op_2_bw="8">
<![CDATA[
:52  store i8 %xor_ln142_2, i8* %r_addr_3, align 1

]]></Node>
<StgValue><ssdm name="store_ln142"/></StgValue>
</operation>

<operation id="72" st_id="6" stage="1" lat="1">
<core>NULL</core>
<MemPortIdVec></MemPortIdVec>
<condition id="-1">
<or_exp><and_exp></and_exp></or_exp>
</condition>

<Node id="60" bw="0">
<![CDATA[
:53  ret void

]]></Node>
<StgValue><ssdm name="ret_ln143"/></StgValue>
</operation>
</state>
</state_list>


<ports>
<port id="84" name="r" dir="2" iftype="1">
<core>RAM</core><StgValue><ssdm name="r"/><MemPortTyVec>2 2 </MemPortTyVec>
</StgValue>
</port>
<port id="85" name="r_offset" dir="0" iftype="0">
<core>NULL</core><StgValue><ssdm name="r_offset"/></StgValue>
</port>
<port id="86" name="mx2" dir="0" iftype="1">
<core>ROM_nP</core><StgValue><ssdm name="mx2"/><MemPortTyVec>1 </MemPortTyVec>
</StgValue>
</port>
<port id="87" name="mx3" dir="0" iftype="1">
<core>ROM_nP</core><StgValue><ssdm name="mx3"/><MemPortTyVec>1 </MemPortTyVec>
</StgValue>
</port>
</ports>


<dataflows>
<dataflow id="89" from="_ssdm_op_Read.ap_auto.i5" to="r_offset_read" fromId="88" toId="7">
</dataflow>
<dataflow id="90" from="r_offset" to="r_offset_read" fromId="85" toId="7">
</dataflow>
<dataflow id="91" from="r_offset_read" to="r_offset_cast1" fromId="7" toId="8">
</dataflow>
<dataflow id="92" from="r" to="r_addr" fromId="84" toId="9">
</dataflow>
<dataflow id="94" from="StgValue_93" to="r_addr" fromId="93" toId="9">
</dataflow>
<dataflow id="95" from="r_offset_cast1" to="r_addr" fromId="8" toId="9">
</dataflow>
<dataflow id="96" from="r_addr" to="r_load" fromId="9" toId="10">
</dataflow>
<dataflow id="97" from="r_offset_read" to="trunc_ln137" fromId="7" toId="11">
</dataflow>
<dataflow id="99" from="StgValue_98" to="add_ln137" fromId="98" toId="12">
</dataflow>
<dataflow id="100" from="trunc_ln137" to="add_ln137" fromId="11" toId="12">
</dataflow>
<dataflow id="101" from="add_ln137" to="zext_ln137" fromId="12" toId="13">
</dataflow>
<dataflow id="102" from="r" to="r_addr_1" fromId="84" toId="14">
</dataflow>
<dataflow id="103" from="StgValue_93" to="r_addr_1" fromId="93" toId="14">
</dataflow>
<dataflow id="104" from="zext_ln137" to="r_addr_1" fromId="13" toId="14">
</dataflow>
<dataflow id="105" from="r_addr_1" to="r_load_1" fromId="14" toId="15">
</dataflow>
<dataflow id="106" from="r_addr" to="r_load" fromId="9" toId="16">
</dataflow>
<dataflow id="107" from="r_addr_1" to="r_load_1" fromId="14" toId="17">
</dataflow>
<dataflow id="109" from="StgValue_108" to="add_ln137_1" fromId="108" toId="18">
</dataflow>
<dataflow id="110" from="trunc_ln137" to="add_ln137_1" fromId="11" toId="18">
</dataflow>
<dataflow id="111" from="add_ln137_1" to="zext_ln137_1" fromId="18" toId="19">
</dataflow>
<dataflow id="112" from="r" to="r_addr_2" fromId="84" toId="20">
</dataflow>
<dataflow id="113" from="StgValue_93" to="r_addr_2" fromId="93" toId="20">
</dataflow>
<dataflow id="114" from="zext_ln137_1" to="r_addr_2" fromId="19" toId="20">
</dataflow>
<dataflow id="115" from="r_addr_2" to="r_load_2" fromId="20" toId="21">
</dataflow>
<dataflow id="117" from="StgValue_116" to="add_ln137_2" fromId="116" toId="22">
</dataflow>
<dataflow id="118" from="trunc_ln137" to="add_ln137_2" fromId="11" toId="22">
</dataflow>
<dataflow id="119" from="add_ln137_2" to="zext_ln137_2" fromId="22" toId="23">
</dataflow>
<dataflow id="120" from="r" to="r_addr_3" fromId="84" toId="24">
</dataflow>
<dataflow id="121" from="StgValue_93" to="r_addr_3" fromId="93" toId="24">
</dataflow>
<dataflow id="122" from="zext_ln137_2" to="r_addr_3" fromId="23" toId="24">
</dataflow>
<dataflow id="123" from="r_addr_3" to="r_load_3" fromId="24" toId="25">
</dataflow>
<dataflow id="124" from="r_load" to="zext_ln139" fromId="16" toId="26">
</dataflow>
<dataflow id="125" from="mx2" to="mx2_addr" fromId="86" toId="27">
</dataflow>
<dataflow id="126" from="StgValue_93" to="mx2_addr" fromId="93" toId="27">
</dataflow>
<dataflow id="127" from="zext_ln139" to="mx2_addr" fromId="26" toId="27">
</dataflow>
<dataflow id="128" from="mx2_addr" to="mx2_load" fromId="27" toId="28">
</dataflow>
<dataflow id="129" from="r_load_1" to="zext_ln139_1" fromId="17" toId="29">
</dataflow>
<dataflow id="130" from="mx3" to="mx3_addr" fromId="87" toId="30">
</dataflow>
<dataflow id="131" from="StgValue_93" to="mx3_addr" fromId="93" toId="30">
</dataflow>
<dataflow id="132" from="zext_ln139_1" to="mx3_addr" fromId="29" toId="30">
</dataflow>
<dataflow id="133" from="mx3_addr" to="mx3_load" fromId="30" toId="31">
</dataflow>
<dataflow id="134" from="r_addr_2" to="r_load_2" fromId="20" toId="32">
</dataflow>
<dataflow id="135" from="r_addr_3" to="r_load_3" fromId="24" toId="33">
</dataflow>
<dataflow id="136" from="mx2_addr" to="mx2_load" fromId="27" toId="34">
</dataflow>
<dataflow id="137" from="mx3_addr" to="mx3_load" fromId="30" toId="35">
</dataflow>
<dataflow id="138" from="mx3_load" to="xor_ln139" fromId="35" toId="36">
</dataflow>
<dataflow id="139" from="mx2_load" to="xor_ln139" fromId="34" toId="36">
</dataflow>
<dataflow id="140" from="r_load_2" to="xor_ln139_1" fromId="32" toId="37">
</dataflow>
<dataflow id="141" from="r_load_3" to="xor_ln139_1" fromId="33" toId="37">
</dataflow>
<dataflow id="142" from="xor_ln139_1" to="xor_ln139_2" fromId="37" toId="38">
</dataflow>
<dataflow id="143" from="xor_ln139" to="xor_ln139_2" fromId="36" toId="38">
</dataflow>
<dataflow id="144" from="xor_ln139_2" to="store_ln139" fromId="38" toId="39">
</dataflow>
<dataflow id="145" from="r_addr" to="store_ln139" fromId="9" toId="39">
</dataflow>
<dataflow id="146" from="mx2" to="mx2_addr_1" fromId="86" toId="40">
</dataflow>
<dataflow id="147" from="StgValue_93" to="mx2_addr_1" fromId="93" toId="40">
</dataflow>
<dataflow id="148" from="zext_ln139_1" to="mx2_addr_1" fromId="29" toId="40">
</dataflow>
<dataflow id="149" from="mx2_addr_1" to="mx2_load_1" fromId="40" toId="41">
</dataflow>
<dataflow id="150" from="r_load_2" to="zext_ln140" fromId="32" toId="42">
</dataflow>
<dataflow id="151" from="mx3" to="mx3_addr_1" fromId="87" toId="43">
</dataflow>
<dataflow id="152" from="StgValue_93" to="mx3_addr_1" fromId="93" toId="43">
</dataflow>
<dataflow id="153" from="zext_ln140" to="mx3_addr_1" fromId="42" toId="43">
</dataflow>
<dataflow id="154" from="mx3_addr_1" to="mx3_load_1" fromId="43" toId="44">
</dataflow>
<dataflow id="155" from="mx2_addr_1" to="mx2_load_1" fromId="40" toId="45">
</dataflow>
<dataflow id="156" from="mx3_addr_1" to="mx3_load_1" fromId="43" toId="46">
</dataflow>
<dataflow id="157" from="r_load_3" to="xor_ln140" fromId="33" toId="47">
</dataflow>
<dataflow id="158" from="r_load" to="xor_ln140" fromId="16" toId="47">
</dataflow>
<dataflow id="159" from="mx2_load_1" to="xor_ln140_1" fromId="45" toId="48">
</dataflow>
<dataflow id="160" from="mx3_load_1" to="xor_ln140_1" fromId="46" toId="48">
</dataflow>
<dataflow id="161" from="xor_ln140_1" to="xor_ln140_2" fromId="48" toId="49">
</dataflow>
<dataflow id="162" from="xor_ln140" to="xor_ln140_2" fromId="47" toId="49">
</dataflow>
<dataflow id="163" from="xor_ln140_2" to="store_ln140" fromId="49" toId="50">
</dataflow>
<dataflow id="164" from="r_addr_1" to="store_ln140" fromId="14" toId="50">
</dataflow>
<dataflow id="165" from="mx2" to="mx2_addr_2" fromId="86" toId="51">
</dataflow>
<dataflow id="166" from="StgValue_93" to="mx2_addr_2" fromId="93" toId="51">
</dataflow>
<dataflow id="167" from="zext_ln140" to="mx2_addr_2" fromId="42" toId="51">
</dataflow>
<dataflow id="168" from="mx2_addr_2" to="mx2_load_2" fromId="51" toId="52">
</dataflow>
<dataflow id="169" from="r_load_3" to="zext_ln141" fromId="33" toId="53">
</dataflow>
<dataflow id="170" from="mx3" to="mx3_addr_2" fromId="87" toId="54">
</dataflow>
<dataflow id="171" from="StgValue_93" to="mx3_addr_2" fromId="93" toId="54">
</dataflow>
<dataflow id="172" from="zext_ln141" to="mx3_addr_2" fromId="53" toId="54">
</dataflow>
<dataflow id="173" from="mx3_addr_2" to="mx3_load_2" fromId="54" toId="55">
</dataflow>
<dataflow id="174" from="mx2_addr_2" to="mx2_load_2" fromId="51" toId="56">
</dataflow>
<dataflow id="175" from="mx3_addr_2" to="mx3_load_2" fromId="54" toId="57">
</dataflow>
<dataflow id="176" from="r_load_1" to="xor_ln141" fromId="17" toId="58">
</dataflow>
<dataflow id="177" from="r_load" to="xor_ln141" fromId="16" toId="58">
</dataflow>
<dataflow id="178" from="mx2_load_2" to="xor_ln141_1" fromId="56" toId="59">
</dataflow>
<dataflow id="179" from="mx3_load_2" to="xor_ln141_1" fromId="57" toId="59">
</dataflow>
<dataflow id="180" from="xor_ln141_1" to="xor_ln141_2" fromId="59" toId="60">
</dataflow>
<dataflow id="181" from="xor_ln141" to="xor_ln141_2" fromId="58" toId="60">
</dataflow>
<dataflow id="182" from="xor_ln141_2" to="store_ln141" fromId="60" toId="61">
</dataflow>
<dataflow id="183" from="r_addr_2" to="store_ln141" fromId="20" toId="61">
</dataflow>
<dataflow id="184" from="mx3" to="mx3_addr_3" fromId="87" toId="62">
</dataflow>
<dataflow id="185" from="StgValue_93" to="mx3_addr_3" fromId="93" toId="62">
</dataflow>
<dataflow id="186" from="zext_ln139" to="mx3_addr_3" fromId="26" toId="62">
</dataflow>
<dataflow id="187" from="mx3_addr_3" to="mx3_load_3" fromId="62" toId="63">
</dataflow>
<dataflow id="188" from="mx2" to="mx2_addr_3" fromId="86" toId="64">
</dataflow>
<dataflow id="189" from="StgValue_93" to="mx2_addr_3" fromId="93" toId="64">
</dataflow>
<dataflow id="190" from="zext_ln141" to="mx2_addr_3" fromId="53" toId="64">
</dataflow>
<dataflow id="191" from="mx2_addr_3" to="mx2_load_3" fromId="64" toId="65">
</dataflow>
<dataflow id="192" from="mx3_addr_3" to="mx3_load_3" fromId="62" toId="66">
</dataflow>
<dataflow id="193" from="mx2_addr_3" to="mx2_load_3" fromId="64" toId="67">
</dataflow>
<dataflow id="194" from="r_load_2" to="xor_ln142" fromId="32" toId="68">
</dataflow>
<dataflow id="195" from="r_load_1" to="xor_ln142" fromId="17" toId="68">
</dataflow>
<dataflow id="196" from="mx3_load_3" to="xor_ln142_1" fromId="66" toId="69">
</dataflow>
<dataflow id="197" from="mx2_load_3" to="xor_ln142_1" fromId="67" toId="69">
</dataflow>
<dataflow id="198" from="xor_ln142_1" to="xor_ln142_2" fromId="69" toId="70">
</dataflow>
<dataflow id="199" from="xor_ln142" to="xor_ln142_2" fromId="68" toId="70">
</dataflow>
<dataflow id="200" from="xor_ln142_2" to="store_ln142" fromId="70" toId="71">
</dataflow>
<dataflow id="201" from="r_addr_3" to="store_ln142" fromId="24" toId="71">
</dataflow>
</dataflows>


</stg>
