<stg><name>mixColViaLUT</name>


<trans_list>

<trans id="79" from="1" to="2">
<condition id="-1">
<or_exp><and_exp></and_exp></or_exp>
</condition>
</trans>

<trans id="80" from="2" to="3">
<condition id="-1">
<or_exp><and_exp></and_exp></or_exp>
</condition>
</trans>

<trans id="81" from="3" to="4">
<condition id="-1">
<or_exp><and_exp></and_exp></or_exp>
</condition>
</trans>

<trans id="82" from="4" to="5">
<condition id="-1">
<or_exp><and_exp></and_exp></or_exp>
</condition>
</trans>

<trans id="83" from="5" to="6">
<condition id="-1">
<or_exp><and_exp></and_exp></or_exp>
</condition>
</trans>
</trans_list>



<state_list>

<state id="1" st_id="1">

<operation id="7" st_id="1" stage="1" lat="1">
<core>NULL</core>
<MemPortIdVec></MemPortIdVec>
<condition id="-1">
<or_exp><and_exp></and_exp></or_exp>
</condition>

<Node id="7" bw="5" op_0_bw="5" op_1_bw="5">
<![CDATA[
:0  %r_offset_read = call i5 @_ssdm_op_Read.ap_auto.i5(i5 %r_offset)

]]></Node>
<StgValue><ssdm name="r_offset_read"/></StgValue>
</operation>

<operation id="8" st_id="1" stage="1" lat="1">
<core>NULL</core>
<MemPortIdVec></MemPortIdVec>
<condition id="-1">
<or_exp><and_exp></and_exp></or_exp>
</condition>

<Node id="8" bw="64" op_0_bw="5">
<![CDATA[
:1  %r_offset_cast1 = zext i5 %r_offset_read to i64

]]></Node>
<StgValue><ssdm name="r_offset_cast1"/></StgValue>
</operation>

<operation id="9" st_id="1" stage="1" lat="1">
<core>NULL</core>
<MemPortIdVec></MemPortIdVec>
<condition id="-1">
<or_exp><and_exp></and_exp></or_exp>
</condition>

<Node id="9" bw="4" op_0_bw="8" op_1_bw="64" op_2_bw="64">
<![CDATA[
:2  %r_addr = getelementptr [16 x i8]* %r, i64 0, i64 %r_offset_cast1

]]></Node>
<StgValue><ssdm name="r_addr"/></StgValue>
</operation>

<operation id="10" st_id="1" stage="2" lat="2">
<core>RAM</core>
<MemPortIdVec></MemPortIdVec>
<condition id="-1">
<or_exp><and_exp></and_exp></or_exp>
</condition>

<Node id="10" bw="8" op_0_bw="4">
<![CDATA[
:3  %r_load = load i8* %r_addr, align 1

]]></Node>
<StgValue><ssdm name="r_load"/></StgValue>
</operation>

<operation id="11" st_id="1" stage="1" lat="1">
<core>NULL</core>
<MemPortIdVec></MemPortIdVec>
<condition id="-1">
<or_exp><and_exp></and_exp></or_exp>
</condition>

<Node id="11" bw="4" op_0_bw="5">
<![CDATA[
:4  %trunc_ln137 = trunc i5 %r_offset_read to i4

]]></Node>
<StgValue><ssdm name="trunc_ln137"/></StgValue>
</operation>

<operation id="12" st_id="1" stage="1" lat="1">
<core>AddSub</core>
<MemPortIdVec></MemPortIdVec>
<condition id="-1">
<or_exp><and_exp></and_exp></or_exp>
</condition>

<Node id="12" bw="4" op_0_bw="4" op_1_bw="4">
<![CDATA[
:5  %add_ln137 = add i4 1, %trunc_ln137

]]></Node>
<StgValue><ssdm name="add_ln137"/></StgValue>
</operation>

<operation id="13" st_id="1" stage="1" lat="1">
<core>NULL</core>
<MemPortIdVec></MemPortIdVec>
<condition id="-1">
<or_exp><and_exp></and_exp></or_exp>
</condition>

<Node id="13" bw="64" op_0_bw="4">
<![CDATA[
:6  %zext_ln137 = zext i4 %add_ln137 to i64

]]></Node>
<StgValue><ssdm name="zext_ln137"/></StgValue>
</operation>

<operation id="14" st_id="1" stage="1" lat="1">
<core>NULL</core>
<MemPortIdVec></MemPortIdVec>
<condition id="-1">
<or_exp><and_exp></and_exp></or_exp>
</condition>

<Node id="14" bw="4" op_0_bw="8" op_1_bw="64" op_2_bw="64">
<![CDATA[
:7  %r_addr_1 = getelementptr [16 x i8]* %r, i64 0, i64 %zext_ln137

]]></Node>
<StgValue><ssdm name="r_addr_1"/></StgValue>
</operation>

<operation id="15" st_id="1" stage="2" lat="2">
<core>RAM</core>
<MemPortIdVec></MemPortIdVec>
<condition id="-1">
<or_exp><and_exp></and_exp></or_exp>
</condition>

<Node id="15" bw="8" op_0_bw="4">
<![CDATA[
:8  %r_load_1 = load i8* %r_addr_1, align 1

]]></Node>
<StgValue><ssdm name="r_load_1"/></StgValue>
</operation>
</state>

<state id="2" st_id="2">

<operation id="16" st_id="2" stage="1" lat="2">
<core>RAM</core>
<MemPortIdVec></MemPortIdVec>
<condition id="-1">
<or_exp><and_exp></and_exp></or_exp>
</condition>

<Node id="10" bw="8" op_0_bw="4">
<![CDATA[
:3  %r_load = load i8* %r_addr, align 1

]]></Node>
<StgValue><ssdm name="r_load"/></StgValue>
</operation>

<operation id="17" st_id="2" stage="1" lat="2">
<core>RAM</core>
<MemPortIdVec></MemPortIdVec>
<condition id="-1">
<or_exp><and_exp></and_exp></or_exp>
</condition>

<Node id="15" bw="8" op_0_bw="4">
<![CDATA[
:8  %r_load_1 = load i8* %r_addr_1, align 1

]]></Node>
<StgValue><ssdm name="r_load_1"/></StgValue>
</operation>

<operation id="18" st_id="2" stage="1" lat="1">
<core>AddSub</core>
<MemPortIdVec></MemPortIdVec>
<condition id="-1">
<or_exp><and_exp></and_exp></or_exp>
</condition>

<Node id="16" bw="4" op_0_bw="4" op_1_bw="4">
<![CDATA[
:9  %add_ln137_1 = add i4 2, %trunc_ln137

]]></Node>
<StgValue><ssdm name="add_ln137_1"/></StgValue>
</operation>

<operation id="19" st_id="2" stage="1" lat="1">
<core>NULL</core>
<MemPortIdVec></MemPortIdVec>
<condition id="-1">
<or_exp><and_exp></and_exp></or_exp>
</condition>

<Node id="17" bw="64" op_0_bw="4">
<![CDATA[
:10  %zext_ln137_1 = zext i4 %add_ln137_1 to i64

]]></Node>
<StgValue><ssdm name="zext_ln137_1"/></StgValue>
</operation>

<operation id="20" st_id="2" stage="1" lat="1">
<core>NULL</core>
<MemPortIdVec></MemPortIdVec>
<condition id="-1">
<or_exp><and_exp></and_exp></or_exp>
</condition>

<Node id="18" bw="4" op_0_bw="8" op_1_bw="64" op_2_bw="64">
<![CDATA[
:11  %r_addr_2 = getelementptr [16 x i8]* %r, i64 0, i64 %zext_ln137_1

]]></Node>
<StgValue><ssdm name="r_addr_2"/></StgValue>
</operation>

<operation id="21" st_id="2" stage="2" lat="2">
<core>RAM</core>
<MemPortIdVec></MemPortIdVec>
<condition id="-1">
<or_exp><and_exp></and_exp></or_exp>
</condition>

<Node id="19" bw="8" op_0_bw="4">
<![CDATA[
:12  %r_load_2 = load i8* %r_addr_2, align 1

]]></Node>
<StgValue><ssdm name="r_load_2"/></StgValue>
</operation>

<operation id="22" st_id="2" stage="1" lat="1">
<core>AddSub</core>
<MemPortIdVec></MemPortIdVec>
<condition id="-1">
<or_exp><and_exp></and_exp></or_exp>
</condition>

<Node id="20" bw="4" op_0_bw="4" op_1_bw="4">
<![CDATA[
:13  %add_ln137_2 = add i4 3, %trunc_ln137

]]></Node>
<StgValue><ssdm name="add_ln137_2"/></StgValue>
</operation>

<operation id="23" st_id="2" stage="1" lat="1">
<core>NULL</core>
<MemPortIdVec></MemPortIdVec>
<condition id="-1">
<or_exp><and_exp></and_exp></or_exp>
</condition>

<Node id="21" bw="64" op_0_bw="4">
<![CDATA[
:14  %zext_ln137_2 = zext i4 %add_ln137_2 to i64

]]></Node>
<StgValue><ssdm name="zext_ln137_2"/></StgValue>
</operation>

<operation id="24" st_id="2" stage="1" lat="1">
<core>NULL</core>
<MemPortIdVec></MemPortIdVec>
<condition id="-1">
<or_exp><and_exp></and_exp></or_exp>
</condition>

<Node id="22" bw="4" op_0_bw="8" op_1_bw="64" op_2_bw="64">
<![CDATA[
:15  %r_addr_3 = getelementptr [16 x i8]* %r, i64 0, i64 %zext_ln137_2

]]></Node>
<StgValue><ssdm name="r_addr_3"/></StgValue>
</operation>

<operation id="25" st_id="2" stage="2" lat="2">
<core>RAM</core>
<MemPortIdVec></MemPortIdVec>
<condition id="-1">
<or_exp><and_exp></and_exp></or_exp>
</condition>

<Node id="23" bw="8" op_0_bw="4">
<![CDATA[
:16  %r_load_3 = load i8* %r_addr_3, align 1

]]></Node>
<StgValue><ssdm name="r_load_3"/></StgValue>
</operation>

<operation id="26" st_id="2" stage="1" lat="1">
<core>NULL</core>
<MemPortIdVec></MemPortIdVec>
<condition id="-1">
<or_exp><and_exp></and_exp></or_exp>
</condition>

<Node id="24" bw="64" op_0_bw="8">
<![CDATA[
:17  %zext_ln139 = zext i8 %r_load to i64

]]></Node>
<StgValue><ssdm name="zext_ln139"/></StgValue>
</operation>

<operation id="27" st_id="2" stage="1" lat="1">
<core>NULL</core>
<MemPortIdVec></MemPortIdVec>
<condition id="-1">
<or_exp><and_exp></and_exp></or_exp>
</condition>

<Node id="25" bw="8" op_0_bw="8" op_1_bw="64" op_2_bw="64">
<![CDATA[
:18  %mx2_addr = getelementptr inbounds [256 x i8]* @mx2, i64 0, i64 %zext_ln139

]]></Node>
<StgValue><ssdm name="mx2_addr"/></StgValue>
</operation>

<operation id="28" st_id="2" stage="2" lat="2">
<core>ROM_nP</core>
<MemPortIdVec></MemPortIdVec>
<condition id="-1">
<or_exp><and_exp></and_exp></or_exp>
</condition>

<Node id="26" bw="8" op_0_bw="8">
<![CDATA[
:19  %mx2_load = load i8* %mx2_addr, align 1

]]></Node>
<StgValue><ssdm name="mx2_load"/></StgValue>
</operation>

<operation id="29" st_id="2" stage="1" lat="1">
<core>NULL</core>
<MemPortIdVec></MemPortIdVec>
<condition id="-1">
<or_exp><and_exp></and_exp></or_exp>
</condition>

<Node id="27" bw="64" op_0_bw="8">
<![CDATA[
:20  %zext_ln139_1 = zext i8 %r_load_1 to i64

]]></Node>
<StgValue><ssdm name="zext_ln139_1"/></StgValue>
</operation>

<operation id="30" st_id="2" stage="1" lat="1">
<core>NULL</core>
<MemPortIdVec></MemPortIdVec>
<condition id="-1">
<or_exp><and_exp></and_exp></or_exp>
</condition>

<Node id="28" bw="8" op_0_bw="8" op_1_bw="64" op_2_bw="64">
<![CDATA[
:21  %mx3_addr = getelementptr inbounds [256 x i8]* @mx3, i64 0, i64 %zext_ln139_1

]]></Node>
<StgValue><ssdm name="mx3_addr"/></StgValue>
</operation>

<operation id="31" st_id="2" stage="2" lat="2">
<core>ROM_nP</core>
<MemPortIdVec></MemPortIdVec>
<condition id="-1">
<or_exp><and_exp></and_exp></or_exp>
</condition>

<Node id="29" bw="8" op_0_bw="8">
<![CDATA[
:22  %mx3_load = load i8* %mx3_addr, align 1

]]></Node>
<StgValue><ssdm name="mx3_load"/></StgValue>
</operation>
</state>

<state id="3" st_id="3">

<operation id="32" st_id="3" stage="1" lat="2">
<core>RAM</core>
<MemPortIdVec></MemPortIdVec>
<condition id="-1">
<or_exp><and_exp></and_exp></or_exp>
</condition>

<Node id="19" bw="8" op_0_bw="4">
<![CDATA[
:12  %r_load_2 = load i8* %r_addr_2, align 1

]]></Node>
<StgValue><ssdm name="r_load_2"/></StgValue>
</operation>

<operation id="33" st_id="3" stage="1" lat="2">
<core>RAM</core>
<MemPortIdVec></MemPortIdVec>
<condition id="-1">
<or_exp><and_exp></and_exp></or_exp>
</condition>

<Node id="23" bw="8" op_0_bw="4">
<![CDATA[
:16  %r_load_3 = load i8* %r_addr_3, align 1

]]></Node>
<StgValue><ssdm name="r_load_3"/></StgValue>
</operation>

<operation id="34" st_id="3" stage="1" lat="2">
<core>ROM_nP</core>
<MemPortIdVec></MemPortIdVec>
<condition id="-1">
<or_exp><and_exp></and_exp></or_exp>
</condition>

<Node id="26" bw="8" op_0_bw="8">
<![CDATA[
:19  %mx2_load = load i8* %mx2_addr, align 1

]]></Node>
<StgValue><ssdm name="mx2_load"/></StgValue>
</operation>

<operation id="35" st_id="3" stage="1" lat="2">
<core>ROM_nP</core>
<MemPortIdVec></MemPortIdVec>
<condition id="-1">
<or_exp><and_exp></and_exp></or_exp>
</condition>

<Node id="29" bw="8" op_0_bw="8">
<![CDATA[
:22  %mx3_load = load i8* %mx3_addr, align 1

]]></Node>
<StgValue><ssdm name="mx3_load"/></StgValue>
</operation>

<operation id="36" st_id="3" stage="1" lat="1">
<core>LogicGate</core>
<MemPortIdVec></MemPortIdVec>
<condition id="-1">
<or_exp><and_exp></and_exp></or_exp>
</condition>

<Node id="30" bw="8" op_0_bw="8" op_1_bw="8">
<![CDATA[
:23  %xor_ln139 = xor i8 %mx3_load, %mx2_load

]]></Node>
<StgValue><ssdm name="xor_ln139"/></StgValue>
</operation>

<operation id="37" st_id="3" stage="1" lat="1">
<core>LogicGate</core>
<MemPortIdVec></MemPortIdVec>
<condition id="-1">
<or_exp><and_exp></and_exp></or_exp>
</condition>

<Node id="31" bw="8" op_0_bw="8" op_1_bw="8">
<![CDATA[
:24  %xor_ln139_1 = xor i8 %r_load_2, %r_load_3

]]></Node>
<StgValue><ssdm name="xor_ln139_1"/></StgValue>
</operation>

<operation id="38" st_id="3" stage="1" lat="1">
<core>LogicGate</core>
<MemPortIdVec></MemPortIdVec>
<condition id="-1">
<or_exp><and_exp></and_exp></or_exp>
</condition>

<Node id="32" bw="8" op_0_bw="8" op_1_bw="8">
<![CDATA[
:25  %xor_ln139_2 = xor i8 %xor_ln139_1, %xor_ln139

]]></Node>
<StgValue><ssdm name="xor_ln139_2"/></StgValue>
</operation>

<operation id="39" st_id="3" stage="1" lat="1">
<core>RAM</core>
<MemPortIdVec></MemPortIdVec>
<condition id="-1">
<or_exp><and_exp></and_exp></or_exp>
</condition>

<Node id="33" bw="0" op_0_bw="8" op_1_bw="4" op_2_bw="8">
<![CDATA[
:26  store i8 %xor_ln139_2, i8* %r_addr, align 1

]]></Node>
<StgValue><ssdm name="store_ln139"/></StgValue>
</operation>

<operation id="40" st_id="3" stage="1" lat="1">
<core>NULL</core>
<MemPortIdVec></MemPortIdVec>
<condition id="-1">
<or_exp><and_exp></and_exp></or_exp>
</condition>

<Node id="34" bw="8" op_0_bw="8" op_1_bw="64" op_2_bw="64">
<![CDATA[
:27  %mx2_addr_1 = getelementptr inbounds [256 x i8]* @mx2, i64 0, i64 %zext_ln139_1

]]></Node>
<StgValue><ssdm name="mx2_addr_1"/></StgValue>
</operation>

<operation id="41" st_id="3" stage="2" lat="2">
<core>ROM_nP</core>
<MemPortIdVec></MemPortIdVec>
<condition id="-1">
<or_exp><and_exp></and_exp></or_exp>
</condition>

<Node id="35" bw="8" op_0_bw="8">
<![CDATA[
:28  %mx2_load_1 = load i8* %mx2_addr_1, align 1

]]></Node>
<StgValue><ssdm name="mx2_load_1"/></StgValue>
</operation>

<operation id="42" st_id="3" stage="1" lat="1">
<core>NULL</core>
<MemPortIdVec></MemPortIdVec>
<condition id="-1">
<or_exp><and_exp></and_exp></or_exp>
</condition>

<Node id="36" bw="64" op_0_bw="8">
<![CDATA[
:29  %zext_ln140 = zext i8 %r_load_2 to i64

]]></Node>
<StgValue><ssdm name="zext_ln140"/></StgValue>
</operation>

<operation id="43" st_id="3" stage="1" lat="1">
<core>NULL</core>
<MemPortIdVec></MemPortIdVec>
<condition id="-1">
<or_exp><and_exp></and_exp></or_exp>
</condition>

<Node id="37" bw="8" op_0_bw="8" op_1_bw="64" op_2_bw="64">
<![CDATA[
:30  %mx3_addr_1 = getelementptr inbounds [256 x i8]* @mx3, i64 0, i64 %zext_ln140

]]></Node>
<StgValue><ssdm name="mx3_addr_1"/></StgValue>
</operation>

<operation id="44" st_id="3" stage="2" lat="2">
<core>ROM_nP</core>
<MemPortIdVec></MemPortIdVec>
<condition id="-1">
<or_exp><and_exp></and_exp></or_exp>
</condition>

<Node id="38" bw="8" op_0_bw="8">
<![CDATA[
:31  %mx3_load_1 = load i8* %mx3_addr_1, align 1

]]></Node>
<StgValue><ssdm name="mx3_load_1"/></StgValue>
</operation>
</state>

<state id="4" st_id="4">

<operation id="45" st_id="4" stage="1" lat="2">
<core>ROM_nP</core>
<MemPortIdVec></MemPortIdVec>
<condition id="-1">
<or_exp><and_exp></and_exp></or_exp>
</condition>

<Node id="35" bw="8" op_0_bw="8">
<![CDATA[
:28  %mx2_load_1 = load i8* %mx2_addr_1, align 1

]]></Node>
<StgValue><ssdm name="mx2_load_1"/></StgValue>
</operation>

<operation id="46" st_id="4" stage="1" lat="2">
<core>ROM_nP</core>
<MemPortIdVec></MemPortIdVec>
<condition id="-1">
<or_exp><and_exp></and_exp></or_exp>
</condition>

<Node id="38" bw="8" op_0_bw="8">
<![CDATA[
:31  %mx3_load_1 = load i8* %mx3_addr_1, align 1

]]></Node>
<StgValue><ssdm name="mx3_load_1"/></StgValue>
</operation>

<operation id="47" st_id="4" stage="1" lat="1">
<core>LogicGate</core>
<MemPortIdVec></MemPortIdVec>
<condition id="-1">
<or_exp><and_exp></and_exp></or_exp>
</condition>

<Node id="39" bw="8" op_0_bw="8" op_1_bw="8">
<![CDATA[
:32  %xor_ln140 = xor i8 %r_load_3, %r_load

]]></Node>
<StgValue><ssdm name="xor_ln140"/></StgValue>
</operation>

<operation id="48" st_id="4" stage="1" lat="1">
<core>LogicGate</core>
<MemPortIdVec></MemPortIdVec>
<condition id="-1">
<or_exp><and_exp></and_exp></or_exp>
</condition>

<Node id="40" bw="8" op_0_bw="8" op_1_bw="8">
<![CDATA[
:33  %xor_ln140_1 = xor i8 %mx2_load_1, %mx3_load_1

]]></Node>
<StgValue><ssdm name="xor_ln140_1"/></StgValue>
</operation>

<operation id="49" st_id="4" stage="1" lat="1">
<core>LogicGate</core>
<MemPortIdVec></MemPortIdVec>
<condition id="-1">
<or_exp><and_exp></and_exp></or_exp>
</condition>

<Node id="41" bw="8" op_0_bw="8" op_1_bw="8">
<![CDATA[
:34  %xor_ln140_2 = xor i8 %xor_ln140_1, %xor_ln140

]]></Node>
<StgValue><ssdm name="xor_ln140_2"/></StgValue>
</operation>

<operation id="50" st_id="4" stage="1" lat="1">
<core>RAM</core>
<MemPortIdVec></MemPortIdVec>
<condition id="-1">
<or_exp><and_exp></and_exp></or_exp>
</condition>

<Node id="42" bw="0" op_0_bw="8" op_1_bw="4" op_2_bw="8">
<![CDATA[
:35  store i8 %xor_ln140_2, i8* %r_addr_1, align 1

]]></Node>
<StgValue><ssdm name="store_ln140"/></StgValue>
</operation>

<operation id="51" st_id="4" stage="1" lat="1">
<core>NULL</core>
<MemPortIdVec></MemPortIdVec>
<condition id="-1">
<or_exp><and_exp></and_exp></or_exp>
</condition>

<Node id="43" bw="8" op_0_bw="8" op_1_bw="64" op_2_bw="64">
<![CDATA[
:36  %mx2_addr_2 = getelementptr inbounds [256 x i8]* @mx2, i64 0, i64 %zext_ln140

]]></Node>
<StgValue><ssdm name="mx2_addr_2"/></StgValue>
</operation>

<operation id="52" st_id="4" stage="2" lat="2">
<core>ROM_nP</core>
<MemPortIdVec></MemPortIdVec>
<condition id="-1">
<or_exp><and_exp></and_exp></or_exp>
</condition>

<Node id="44" bw="8" op_0_bw="8">
<![CDATA[
:37  %mx2_load_2 = load i8* %mx2_addr_2, align 1

]]></Node>
<StgValue><ssdm name="mx2_load_2"/></StgValue>
</operation>

<operation id="53" st_id="4" stage="1" lat="1">
<core>NULL</core>
<MemPortIdVec></MemPortIdVec>
<condition id="-1">
<or_exp><and_exp></and_exp></or_exp>
</condition>

<Node id="45" bw="64" op_0_bw="8">
<![CDATA[
:38  %zext_ln141 = zext i8 %r_load_3 to i64

]]></Node>
<StgValue><ssdm name="zext_ln141"/></StgValue>
</operation>

<operation id="54" st_id="4" stage="1" lat="1">
<core>NULL</core>
<MemPortIdVec></MemPortIdVec>
<condition id="-1">
<or_exp><and_exp></and_exp></or_exp>
</condition>

<Node id="46" bw="8" op_0_bw="8" op_1_bw="64" op_2_bw="64">
<![CDATA[
:39  %mx3_addr_2 = getelementptr inbounds [256 x i8]* @mx3, i64 0, i64 %zext_ln141

]]></Node>
<StgValue><ssdm name="mx3_addr_2"/></StgValue>
</operation>

<operation id="55" st_id="4" stage="2" lat="2">
<core>ROM_nP</core>
<MemPortIdVec></MemPortIdVec>
<condition id="-1">
<or_exp><and_exp></and_exp></or_exp>
</condition>

<Node id="47" bw="8" op_0_bw="8">
<![CDATA[
:40  %mx3_load_2 = load i8* %mx3_addr_2, align 1

]]></Node>
<StgValue><ssdm name="mx3_load_2"/></StgValue>
</operation>
</state>

<state id="5" st_id="5">

<operation id="56" st_id="5" stage="1" lat="2">
<core>ROM_nP</core>
<MemPortIdVec></MemPortIdVec>
<condition id="-1">
<or_exp><and_exp></and_exp></or_exp>
</condition>

<Node id="44" bw="8" op_0_bw="8">
<![CDATA[
:37  %mx2_load_2 = load i8* %mx2_addr_2, align 1

]]></Node>
<StgValue><ssdm name="mx2_load_2"/></StgValue>
</operation>

<operation id="57" st_id="5" stage="1" lat="2">
<core>ROM_nP</core>
<MemPortIdVec></MemPortIdVec>
<condition id="-1">
<or_exp><and_exp></and_exp></or_exp>
</condition>

<Node id="47" bw="8" op_0_bw="8">
<![CDATA[
:40  %mx3_load_2 = load i8* %mx3_addr_2, align 1

]]></Node>
<StgValue><ssdm name="mx3_load_2"/></StgValue>
</operation>

<operation id="58" st_id="5" stage="1" lat="1">
<core>LogicGate</core>
<MemPortIdVec></MemPortIdVec>
<condition id="-1">
<or_exp><and_exp></and_exp></or_exp>
</condition>

<Node id="48" bw="8" op_0_bw="8" op_1_bw="8">
<![CDATA[
:41  %xor_ln141 = xor i8 %r_load_1, %r_load

]]></Node>
<StgValue><ssdm name="xor_ln141"/></StgValue>
</operation>

<operation id="59" st_id="5" stage="1" lat="1">
<core>LogicGate</core>
<MemPortIdVec></MemPortIdVec>
<condition id="-1">
<or_exp><and_exp></and_exp></or_exp>
</condition>

<Node id="49" bw="8" op_0_bw="8" op_1_bw="8">
<![CDATA[
:42  %xor_ln141_1 = xor i8 %mx2_load_2, %mx3_load_2

]]></Node>
<StgValue><ssdm name="xor_ln141_1"/></StgValue>
</operation>

<operation id="60" st_id="5" stage="1" lat="1">
<core>LogicGate</core>
<MemPortIdVec></MemPortIdVec>
<condition id="-1">
<or_exp><and_exp></and_exp></or_exp>
</condition>

<Node id="50" bw="8" op_0_bw="8" op_1_bw="8">
<![CDATA[
:43  %xor_ln141_2 = xor i8 %xor_ln141_1, %xor_ln141

]]></Node>
<StgValue><ssdm name="xor_ln141_2"/></StgValue>
</operation>

<operation id="61" st_id="5" stage="1" lat="1">
<core>RAM</core>
<MemPortIdVec></MemPortIdVec>
<condition id="-1">
<or_exp><and_exp></and_exp></or_exp>
</condition>

<Node id="51" bw="0" op_0_bw="8" op_1_bw="4" op_2_bw="8">
<![CDATA[
:44  store i8 %xor_ln141_2, i8* %r_addr_2, align 1

]]></Node>
<StgValue><ssdm name="store_ln141"/></StgValue>
</operation>

<operation id="62" st_id="5" stage="1" lat="1">
<core>NULL</core>
<MemPortIdVec></MemPortIdVec>
<condition id="-1">
<or_exp><and_exp></and_exp></or_exp>
</condition>

<Node id="52" bw="8" op_0_bw="8" op_1_bw="64" op_2_bw="64">
<![CDATA[
:45  %mx3_addr_3 = getelementptr inbounds [256 x i8]* @mx3, i64 0, i64 %zext_ln139

]]></Node>
<StgValue><ssdm name="mx3_addr_3"/></StgValue>
</operation>

<operation id="63" st_id="5" stage="2" lat="2">
<core>ROM_nP</core>
<MemPortIdVec></MemPortIdVec>
<condition id="-1">
<or_exp><and_exp></and_exp></or_exp>
</condition>

<Node id="53" bw="8" op_0_bw="8">
<![CDATA[
:46  %mx3_load_3 = load i8* %mx3_addr_3, align 1

]]></Node>
<StgValue><ssdm name="mx3_load_3"/></StgValue>
</operation>

<operation id="64" st_id="5" stage="1" lat="1">
<core>NULL</core>
<MemPortIdVec></MemPortIdVec>
<condition id="-1">
<or_exp><and_exp></and_exp></or_exp>
</condition>

<Node id="54" bw="8" op_0_bw="8" op_1_bw="64" op_2_bw="64">
<![CDATA[
:47  %mx2_addr_3 = getelementptr inbounds [256 x i8]* @mx2, i64 0, i64 %zext_ln141

]]></Node>
<StgValue><ssdm name="mx2_addr_3"/></StgValue>
</operation>

<operation id="65" st_id="5" stage="2" lat="2">
<core>ROM_nP</core>
<MemPortIdVec></MemPortIdVec>
<condition id="-1">
<or_exp><and_exp></and_exp></or_exp>
</condition>

<Node id="55" bw="8" op_0_bw="8">
<![CDATA[
:48  %mx2_load_3 = load i8* %mx2_addr_3, align 1

]]></Node>
<StgValue><ssdm name="mx2_load_3"/></StgValue>
</operation>
</state>

<state id="6" st_id="6">

<operation id="66" st_id="6" stage="1" lat="2">
<core>ROM_nP</core>
<MemPortIdVec></MemPortIdVec>
<condition id="-1">
<or_exp><and_exp></and_exp></or_exp>
</condition>

<Node id="53" bw="8" op_0_bw="8">
<![CDATA[
:46  %mx3_load_3 = load i8* %mx3_addr_3, align 1

]]></Node>
<StgValue><ssdm name="mx3_load_3"/></StgValue>
</operation>

<operation id="67" st_id="6" stage="1" lat="2">
<core>ROM_nP</core>
<MemPortIdVec></MemPortIdVec>
<condition id="-1">
<or_exp><and_exp></and_exp></or_exp>
</condition>

<Node id="55" bw="8" op_0_bw="8">
<![CDATA[
:48  %mx2_load_3 = load i8* %mx2_addr_3, align 1

]]></Node>
<StgValue><ssdm name="mx2_load_3"/></StgValue>
</operation>

<operation id="68" st_id="6" stage="1" lat="1">
<core>LogicGate</core>
<MemPortIdVec></MemPortIdVec>
<condition id="-1">
<or_exp><and_exp></and_exp></or_exp>
</condition>

<Node id="56" bw="8" op_0_bw="8" op_1_bw="8">
<![CDATA[
:49  %xor_ln142 = xor i8 %r_load_2, %r_load_1

]]></Node>
<StgValue><ssdm name="xor_ln142"/></StgValue>
</operation>

<operation id="69" st_id="6" stage="1" lat="1">
<core>LogicGate</core>
<MemPortIdVec></MemPortIdVec>
<condition id="-1">
<or_exp><and_exp></and_exp></or_exp>
</condition>

<Node id="57" bw="8" op_0_bw="8" op_1_bw="8">
<![CDATA[
:50  %xor_ln142_1 = xor i8 %mx3_load_3, %mx2_load_3

]]></Node>
<StgValue><ssdm name="xor_ln142_1"/></StgValue>
</operation>

<operation id="70" st_id="6" stage="1" lat="1">
<core>LogicGate</core>
<MemPortIdVec></MemPortIdVec>
<condition id="-1">
<or_exp><and_exp></and_exp></or_exp>
</condition>

<Node id="58" bw="8" op_0_bw="8" op_1_bw="8">
<![CDATA[
:51  %xor_ln142_2 = xor i8 %xor_ln142_1, %xor_ln142

]]></Node>
<StgValue><ssdm name="xor_ln142_2"/></StgValue>
</operation>

<operation id="71" st_id="6" stage="1" lat="1">
<core>RAM</core>
<MemPortIdVec></MemPortIdVec>
<condition id="-1">
<or_exp><and_exp></and_exp></or_exp>
</condition>

<Node id="59" bw="0" op_0_bw="8" op_1_bw="4" op_2_bw="8">
<![CDATA[
:52  store i8 %xor_ln142_2, i8* %r_addr_3, align 1

]]></Node>
<StgValue><ssdm name="store_ln142"/></StgValue>
</operation>

<operation id="72" st_id="6" stage="1" lat="1">
<core>NULL</core>
<MemPortIdVec></MemPortIdVec>
<condition id="-1">
<or_exp><and_exp></and_exp></or_exp>
</condition>

<Node id="60" bw="0">
<![CDATA[
:53  ret void

]]></Node>
<StgValue><ssdm name="ret_ln143"/></StgValue>
</operation>
</state>
</state_list>


<ports>
</ports>


<dataflows>
</dataflows>


</stg>
