<stg><name>subWord</name>


<trans_list>

<trans id="26" from="1" to="2">
<condition id="-1">
<or_exp><and_exp></and_exp></or_exp>
</condition>
</trans>
</trans_list>



<state_list>

<state id="1" st_id="1">

<operation id="3" st_id="1" stage="1" lat="1">
<core>NULL</core>
<MemPortIdVec></MemPortIdVec>
<condition id="-1">
<or_exp><and_exp></and_exp></or_exp>
</condition>

<Node id="4" bw="32" op_0_bw="32" op_1_bw="32">
<![CDATA[
:0  %w_read = call i32 @_ssdm_op_Read.ap_auto.i32(i32 %w) nounwind

]]></Node>
<StgValue><ssdm name="w_read"/></StgValue>
</operation>

<operation id="4" st_id="1" stage="1" lat="1">
<core>NULL</core>
<MemPortIdVec></MemPortIdVec>
<condition id="-1">
<or_exp><and_exp></and_exp></or_exp>
</condition>

<Node id="5" bw="8" op_0_bw="8" op_1_bw="32" op_2_bw="32" op_3_bw="32">
<![CDATA[
:1  %inp_assign = call i8 @_ssdm_op_PartSelect.i8.i32.i32.i32(i32 %w_read, i32 24, i32 31)

]]></Node>
<StgValue><ssdm name="inp_assign"/></StgValue>
</operation>

<operation id="5" st_id="1" stage="1" lat="1">
<core>NULL</core>
<MemPortIdVec></MemPortIdVec>
<condition id="-1">
<or_exp><and_exp></and_exp></or_exp>
</condition>

<Node id="6" bw="8" op_0_bw="8" op_1_bw="32" op_2_bw="32" op_3_bw="32">
<![CDATA[
:2  %inp_assign_1 = call i8 @_ssdm_op_PartSelect.i8.i32.i32.i32(i32 %w_read, i32 16, i32 23)

]]></Node>
<StgValue><ssdm name="inp_assign_1"/></StgValue>
</operation>

<operation id="6" st_id="1" stage="1" lat="1">
<core>NULL</core>
<MemPortIdVec></MemPortIdVec>
<condition id="-1">
<or_exp><and_exp></and_exp></or_exp>
</condition>

<Node id="7" bw="8" op_0_bw="8" op_1_bw="32" op_2_bw="32" op_3_bw="32">
<![CDATA[
:3  %inp_assign_2 = call i8 @_ssdm_op_PartSelect.i8.i32.i32.i32(i32 %w_read, i32 8, i32 15)

]]></Node>
<StgValue><ssdm name="inp_assign_2"/></StgValue>
</operation>

<operation id="7" st_id="1" stage="1" lat="1">
<core>NULL</core>
<MemPortIdVec></MemPortIdVec>
<condition id="-1">
<or_exp><and_exp></and_exp></or_exp>
</condition>

<Node id="8" bw="8" op_0_bw="32">
<![CDATA[
:4  %trunc_ln47 = trunc i32 %w_read to i8

]]></Node>
<StgValue><ssdm name="trunc_ln47"/></StgValue>
</operation>

<operation id="8" st_id="1" stage="1" lat="1">
<core>NULL</core>
<MemPortIdVec></MemPortIdVec>
<condition id="-1">
<or_exp><and_exp></and_exp></or_exp>
</condition>

<Node id="9" bw="64" op_0_bw="8">
<![CDATA[
:5  %zext_ln49 = zext i8 %inp_assign to i64

]]></Node>
<StgValue><ssdm name="zext_ln49"/></StgValue>
</operation>

<operation id="9" st_id="1" stage="1" lat="1">
<core>NULL</core>
<MemPortIdVec></MemPortIdVec>
<condition id="-1">
<or_exp><and_exp></and_exp></or_exp>
</condition>

<Node id="10" bw="8" op_0_bw="8" op_1_bw="64" op_2_bw="64">
<![CDATA[
:6  %sbox_addr = getelementptr inbounds [256 x i8]* @sbox, i64 0, i64 %zext_ln49

]]></Node>
<StgValue><ssdm name="sbox_addr"/></StgValue>
</operation>

<operation id="10" st_id="1" stage="2" lat="2">
<core>ROM_nP</core>
<MemPortIdVec>0 </MemPortIdVec>
<condition id="-1">
<or_exp><and_exp></and_exp></or_exp>
</condition>

<Node id="11" bw="8" op_0_bw="8">
<![CDATA[
:7  %sbox_load = load i8* %sbox_addr, align 1

]]></Node>
<StgValue><ssdm name="sbox_load"/></StgValue>
</operation>

<operation id="11" st_id="1" stage="1" lat="1">
<core>NULL</core>
<MemPortIdVec></MemPortIdVec>
<condition id="-1">
<or_exp><and_exp></and_exp></or_exp>
</condition>

<Node id="12" bw="64" op_0_bw="8">
<![CDATA[
:8  %zext_ln49_1 = zext i8 %inp_assign_1 to i64

]]></Node>
<StgValue><ssdm name="zext_ln49_1"/></StgValue>
</operation>

<operation id="12" st_id="1" stage="1" lat="1">
<core>NULL</core>
<MemPortIdVec></MemPortIdVec>
<condition id="-1">
<or_exp><and_exp></and_exp></or_exp>
</condition>

<Node id="13" bw="8" op_0_bw="8" op_1_bw="64" op_2_bw="64">
<![CDATA[
:9  %sbox_addr_1 = getelementptr inbounds [256 x i8]* @sbox, i64 0, i64 %zext_ln49_1

]]></Node>
<StgValue><ssdm name="sbox_addr_1"/></StgValue>
</operation>

<operation id="13" st_id="1" stage="2" lat="2">
<core>ROM_nP</core>
<MemPortIdVec>1 </MemPortIdVec>
<condition id="-1">
<or_exp><and_exp></and_exp></or_exp>
</condition>

<Node id="14" bw="8" op_0_bw="8">
<![CDATA[
:10  %sbox_load_1 = load i8* %sbox_addr_1, align 1

]]></Node>
<StgValue><ssdm name="sbox_load_1"/></StgValue>
</operation>

<operation id="14" st_id="1" stage="1" lat="1">
<core>NULL</core>
<MemPortIdVec></MemPortIdVec>
<condition id="-1">
<or_exp><and_exp></and_exp></or_exp>
</condition>

<Node id="15" bw="64" op_0_bw="8">
<![CDATA[
:11  %zext_ln49_2 = zext i8 %inp_assign_2 to i64

]]></Node>
<StgValue><ssdm name="zext_ln49_2"/></StgValue>
</operation>

<operation id="15" st_id="1" stage="1" lat="1">
<core>NULL</core>
<MemPortIdVec></MemPortIdVec>
<condition id="-1">
<or_exp><and_exp></and_exp></or_exp>
</condition>

<Node id="16" bw="8" op_0_bw="8" op_1_bw="64" op_2_bw="64">
<![CDATA[
:12  %sbox_addr_2 = getelementptr inbounds [256 x i8]* @sbox, i64 0, i64 %zext_ln49_2

]]></Node>
<StgValue><ssdm name="sbox_addr_2"/></StgValue>
</operation>

<operation id="16" st_id="1" stage="2" lat="2">
<core>ROM_nP</core>
<MemPortIdVec>2 </MemPortIdVec>
<condition id="-1">
<or_exp><and_exp></and_exp></or_exp>
</condition>

<Node id="17" bw="8" op_0_bw="8">
<![CDATA[
:13  %sbox_load_2 = load i8* %sbox_addr_2, align 1

]]></Node>
<StgValue><ssdm name="sbox_load_2"/></StgValue>
</operation>

<operation id="17" st_id="1" stage="1" lat="1">
<core>NULL</core>
<MemPortIdVec></MemPortIdVec>
<condition id="-1">
<or_exp><and_exp></and_exp></or_exp>
</condition>

<Node id="18" bw="64" op_0_bw="8">
<![CDATA[
:14  %zext_ln49_3 = zext i8 %trunc_ln47 to i64

]]></Node>
<StgValue><ssdm name="zext_ln49_3"/></StgValue>
</operation>

<operation id="18" st_id="1" stage="1" lat="1">
<core>NULL</core>
<MemPortIdVec></MemPortIdVec>
<condition id="-1">
<or_exp><and_exp></and_exp></or_exp>
</condition>

<Node id="19" bw="8" op_0_bw="8" op_1_bw="64" op_2_bw="64">
<![CDATA[
:15  %sbox_addr_3 = getelementptr inbounds [256 x i8]* @sbox, i64 0, i64 %zext_ln49_3

]]></Node>
<StgValue><ssdm name="sbox_addr_3"/></StgValue>
</operation>

<operation id="19" st_id="1" stage="2" lat="2">
<core>ROM_nP</core>
<MemPortIdVec>3 </MemPortIdVec>
<condition id="-1">
<or_exp><and_exp></and_exp></or_exp>
</condition>

<Node id="20" bw="8" op_0_bw="8">
<![CDATA[
:16  %sbox_load_3 = load i8* %sbox_addr_3, align 1

]]></Node>
<StgValue><ssdm name="sbox_load_3"/></StgValue>
</operation>
</state>

<state id="2" st_id="2">

<operation id="20" st_id="2" stage="1" lat="2">
<core>ROM_nP</core>
<MemPortIdVec>0 </MemPortIdVec>
<condition id="-1">
<or_exp><and_exp></and_exp></or_exp>
</condition>

<Node id="11" bw="8" op_0_bw="8">
<![CDATA[
:7  %sbox_load = load i8* %sbox_addr, align 1

]]></Node>
<StgValue><ssdm name="sbox_load"/></StgValue>
</operation>

<operation id="21" st_id="2" stage="1" lat="2">
<core>ROM_nP</core>
<MemPortIdVec>1 </MemPortIdVec>
<condition id="-1">
<or_exp><and_exp></and_exp></or_exp>
</condition>

<Node id="14" bw="8" op_0_bw="8">
<![CDATA[
:10  %sbox_load_1 = load i8* %sbox_addr_1, align 1

]]></Node>
<StgValue><ssdm name="sbox_load_1"/></StgValue>
</operation>

<operation id="22" st_id="2" stage="1" lat="2">
<core>ROM_nP</core>
<MemPortIdVec>2 </MemPortIdVec>
<condition id="-1">
<or_exp><and_exp></and_exp></or_exp>
</condition>

<Node id="17" bw="8" op_0_bw="8">
<![CDATA[
:13  %sbox_load_2 = load i8* %sbox_addr_2, align 1

]]></Node>
<StgValue><ssdm name="sbox_load_2"/></StgValue>
</operation>

<operation id="23" st_id="2" stage="1" lat="2">
<core>ROM_nP</core>
<MemPortIdVec>3 </MemPortIdVec>
<condition id="-1">
<or_exp><and_exp></and_exp></or_exp>
</condition>

<Node id="20" bw="8" op_0_bw="8">
<![CDATA[
:16  %sbox_load_3 = load i8* %sbox_addr_3, align 1

]]></Node>
<StgValue><ssdm name="sbox_load_3"/></StgValue>
</operation>

<operation id="24" st_id="2" stage="1" lat="1">
<core>NULL</core>
<MemPortIdVec></MemPortIdVec>
<condition id="-1">
<or_exp><and_exp></and_exp></or_exp>
</condition>

<Node id="21" bw="32" op_0_bw="32" op_1_bw="8" op_2_bw="8" op_3_bw="8" op_4_bw="8">
<![CDATA[
:17  %or_ln50_1 = call i32 @_ssdm_op_BitConcatenate.i32.i8.i8.i8.i8(i8 %sbox_load, i8 %sbox_load_1, i8 %sbox_load_2, i8 %sbox_load_3)

]]></Node>
<StgValue><ssdm name="or_ln50_1"/></StgValue>
</operation>

<operation id="25" st_id="2" stage="1" lat="1">
<core>NULL</core>
<MemPortIdVec></MemPortIdVec>
<condition id="-1">
<or_exp><and_exp></and_exp></or_exp>
</condition>

<Node id="22" bw="0" op_0_bw="32">
<![CDATA[
:18  ret i32 %or_ln50_1

]]></Node>
<StgValue><ssdm name="ret_ln50"/></StgValue>
</operation>
</state>
</state_list>


<ports>
<port id="27" name="w" dir="0" iftype="0">
<core>NULL</core><StgValue><ssdm name="w"/></StgValue>
</port>
<port id="28" name="sbox" dir="0" iftype="1">
<core>ROM_nP</core><StgValue><ssdm name="sbox"/><MemPortTyVec>1 1 1 1 </MemPortTyVec>
</StgValue>
</port>
</ports>


<dataflows>
<dataflow id="30" from="_ssdm_op_Read.ap_auto.i32" to="w_read" fromId="29" toId="3">
</dataflow>
<dataflow id="31" from="w" to="w_read" fromId="27" toId="3">
</dataflow>
<dataflow id="33" from="_ssdm_op_PartSelect.i8.i32.i32.i32" to="inp_assign" fromId="32" toId="4">
</dataflow>
<dataflow id="34" from="w_read" to="inp_assign" fromId="3" toId="4">
</dataflow>
<dataflow id="36" from="StgValue_35" to="inp_assign" fromId="35" toId="4">
</dataflow>
<dataflow id="38" from="StgValue_37" to="inp_assign" fromId="37" toId="4">
</dataflow>
<dataflow id="39" from="_ssdm_op_PartSelect.i8.i32.i32.i32" to="inp_assign_1" fromId="32" toId="5">
</dataflow>
<dataflow id="40" from="w_read" to="inp_assign_1" fromId="3" toId="5">
</dataflow>
<dataflow id="42" from="StgValue_41" to="inp_assign_1" fromId="41" toId="5">
</dataflow>
<dataflow id="44" from="StgValue_43" to="inp_assign_1" fromId="43" toId="5">
</dataflow>
<dataflow id="45" from="_ssdm_op_PartSelect.i8.i32.i32.i32" to="inp_assign_2" fromId="32" toId="6">
</dataflow>
<dataflow id="46" from="w_read" to="inp_assign_2" fromId="3" toId="6">
</dataflow>
<dataflow id="48" from="StgValue_47" to="inp_assign_2" fromId="47" toId="6">
</dataflow>
<dataflow id="50" from="StgValue_49" to="inp_assign_2" fromId="49" toId="6">
</dataflow>
<dataflow id="51" from="w_read" to="trunc_ln47" fromId="3" toId="7">
</dataflow>
<dataflow id="52" from="inp_assign" to="zext_ln49" fromId="4" toId="8">
</dataflow>
<dataflow id="53" from="sbox" to="sbox_addr" fromId="28" toId="9">
</dataflow>
<dataflow id="55" from="StgValue_54" to="sbox_addr" fromId="54" toId="9">
</dataflow>
<dataflow id="56" from="zext_ln49" to="sbox_addr" fromId="8" toId="9">
</dataflow>
<dataflow id="57" from="sbox_addr" to="sbox_load" fromId="9" toId="10">
</dataflow>
<dataflow id="58" from="inp_assign_1" to="zext_ln49_1" fromId="5" toId="11">
</dataflow>
<dataflow id="59" from="sbox" to="sbox_addr_1" fromId="28" toId="12">
</dataflow>
<dataflow id="60" from="StgValue_54" to="sbox_addr_1" fromId="54" toId="12">
</dataflow>
<dataflow id="61" from="zext_ln49_1" to="sbox_addr_1" fromId="11" toId="12">
</dataflow>
<dataflow id="62" from="sbox_addr_1" to="sbox_load_1" fromId="12" toId="13">
</dataflow>
<dataflow id="63" from="inp_assign_2" to="zext_ln49_2" fromId="6" toId="14">
</dataflow>
<dataflow id="64" from="sbox" to="sbox_addr_2" fromId="28" toId="15">
</dataflow>
<dataflow id="65" from="StgValue_54" to="sbox_addr_2" fromId="54" toId="15">
</dataflow>
<dataflow id="66" from="zext_ln49_2" to="sbox_addr_2" fromId="14" toId="15">
</dataflow>
<dataflow id="67" from="sbox_addr_2" to="sbox_load_2" fromId="15" toId="16">
</dataflow>
<dataflow id="68" from="trunc_ln47" to="zext_ln49_3" fromId="7" toId="17">
</dataflow>
<dataflow id="69" from="sbox" to="sbox_addr_3" fromId="28" toId="18">
</dataflow>
<dataflow id="70" from="StgValue_54" to="sbox_addr_3" fromId="54" toId="18">
</dataflow>
<dataflow id="71" from="zext_ln49_3" to="sbox_addr_3" fromId="17" toId="18">
</dataflow>
<dataflow id="72" from="sbox_addr_3" to="sbox_load_3" fromId="18" toId="19">
</dataflow>
<dataflow id="73" from="sbox_addr" to="sbox_load" fromId="9" toId="20">
</dataflow>
<dataflow id="74" from="sbox_addr_1" to="sbox_load_1" fromId="12" toId="21">
</dataflow>
<dataflow id="75" from="sbox_addr_2" to="sbox_load_2" fromId="15" toId="22">
</dataflow>
<dataflow id="76" from="sbox_addr_3" to="sbox_load_3" fromId="18" toId="23">
</dataflow>
<dataflow id="78" from="_ssdm_op_BitConcatenate.i32.i8.i8.i8.i8" to="or_ln50_1" fromId="77" toId="24">
</dataflow>
<dataflow id="79" from="sbox_load" to="or_ln50_1" fromId="20" toId="24">
</dataflow>
<dataflow id="80" from="sbox_load_1" to="or_ln50_1" fromId="21" toId="24">
</dataflow>
<dataflow id="81" from="sbox_load_2" to="or_ln50_1" fromId="22" toId="24">
</dataflow>
<dataflow id="82" from="sbox_load_3" to="or_ln50_1" fromId="23" toId="24">
</dataflow>
<dataflow id="83" from="or_ln50_1" to="ret_ln50" fromId="24" toId="25">
</dataflow>
</dataflows>


</stg>
