<stg><name>subWord</name>


<trans_list>

<trans id="26" from="1" to="2">
<condition id="-1">
<or_exp><and_exp></and_exp></or_exp>
</condition>
</trans>
</trans_list>



<state_list>

<state id="1" st_id="1">

<operation id="3" st_id="1" stage="1" lat="1">
<core>NULL</core>
<MemPortIdVec></MemPortIdVec>
<condition id="-1">
<or_exp><and_exp></and_exp></or_exp>
</condition>

<Node id="4" bw="32" op_0_bw="32" op_1_bw="32">
<![CDATA[
:0  %w_read = call i32 @_ssdm_op_Read.ap_auto.i32(i32 %w) nounwind

]]></Node>
<StgValue><ssdm name="w_read"/></StgValue>
</operation>

<operation id="4" st_id="1" stage="1" lat="1">
<core>NULL</core>
<MemPortIdVec></MemPortIdVec>
<condition id="-1">
<or_exp><and_exp></and_exp></or_exp>
</condition>

<Node id="5" bw="8" op_0_bw="8" op_1_bw="32" op_2_bw="32" op_3_bw="32">
<![CDATA[
:1  %inp_assign = call i8 @_ssdm_op_PartSelect.i8.i32.i32.i32(i32 %w_read, i32 24, i32 31)

]]></Node>
<StgValue><ssdm name="inp_assign"/></StgValue>
</operation>

<operation id="5" st_id="1" stage="1" lat="1">
<core>NULL</core>
<MemPortIdVec></MemPortIdVec>
<condition id="-1">
<or_exp><and_exp></and_exp></or_exp>
</condition>

<Node id="6" bw="8" op_0_bw="8" op_1_bw="32" op_2_bw="32" op_3_bw="32">
<![CDATA[
:2  %inp_assign_1 = call i8 @_ssdm_op_PartSelect.i8.i32.i32.i32(i32 %w_read, i32 16, i32 23)

]]></Node>
<StgValue><ssdm name="inp_assign_1"/></StgValue>
</operation>

<operation id="6" st_id="1" stage="1" lat="1">
<core>NULL</core>
<MemPortIdVec></MemPortIdVec>
<condition id="-1">
<or_exp><and_exp></and_exp></or_exp>
</condition>

<Node id="7" bw="8" op_0_bw="8" op_1_bw="32" op_2_bw="32" op_3_bw="32">
<![CDATA[
:3  %inp_assign_2 = call i8 @_ssdm_op_PartSelect.i8.i32.i32.i32(i32 %w_read, i32 8, i32 15)

]]></Node>
<StgValue><ssdm name="inp_assign_2"/></StgValue>
</operation>

<operation id="7" st_id="1" stage="1" lat="1">
<core>NULL</core>
<MemPortIdVec></MemPortIdVec>
<condition id="-1">
<or_exp><and_exp></and_exp></or_exp>
</condition>

<Node id="8" bw="8" op_0_bw="32">
<![CDATA[
:4  %trunc_ln47 = trunc i32 %w_read to i8

]]></Node>
<StgValue><ssdm name="trunc_ln47"/></StgValue>
</operation>

<operation id="8" st_id="1" stage="1" lat="1">
<core>NULL</core>
<MemPortIdVec></MemPortIdVec>
<condition id="-1">
<or_exp><and_exp></and_exp></or_exp>
</condition>

<Node id="9" bw="64" op_0_bw="8">
<![CDATA[
:5  %zext_ln49 = zext i8 %inp_assign to i64

]]></Node>
<StgValue><ssdm name="zext_ln49"/></StgValue>
</operation>

<operation id="9" st_id="1" stage="1" lat="1">
<core>NULL</core>
<MemPortIdVec></MemPortIdVec>
<condition id="-1">
<or_exp><and_exp></and_exp></or_exp>
</condition>

<Node id="10" bw="8" op_0_bw="8" op_1_bw="64" op_2_bw="64">
<![CDATA[
:6  %sbox_addr = getelementptr inbounds [256 x i8]* @sbox, i64 0, i64 %zext_ln49

]]></Node>
<StgValue><ssdm name="sbox_addr"/></StgValue>
</operation>

<operation id="10" st_id="1" stage="2" lat="2">
<core>ROM_nP</core>
<MemPortIdVec></MemPortIdVec>
<condition id="-1">
<or_exp><and_exp></and_exp></or_exp>
</condition>

<Node id="11" bw="8" op_0_bw="8">
<![CDATA[
:7  %sbox_load = load i8* %sbox_addr, align 1

]]></Node>
<StgValue><ssdm name="sbox_load"/></StgValue>
</operation>

<operation id="11" st_id="1" stage="1" lat="1">
<core>NULL</core>
<MemPortIdVec></MemPortIdVec>
<condition id="-1">
<or_exp><and_exp></and_exp></or_exp>
</condition>

<Node id="12" bw="64" op_0_bw="8">
<![CDATA[
:8  %zext_ln49_1 = zext i8 %inp_assign_1 to i64

]]></Node>
<StgValue><ssdm name="zext_ln49_1"/></StgValue>
</operation>

<operation id="12" st_id="1" stage="1" lat="1">
<core>NULL</core>
<MemPortIdVec></MemPortIdVec>
<condition id="-1">
<or_exp><and_exp></and_exp></or_exp>
</condition>

<Node id="13" bw="8" op_0_bw="8" op_1_bw="64" op_2_bw="64">
<![CDATA[
:9  %sbox_addr_1 = getelementptr inbounds [256 x i8]* @sbox, i64 0, i64 %zext_ln49_1

]]></Node>
<StgValue><ssdm name="sbox_addr_1"/></StgValue>
</operation>

<operation id="13" st_id="1" stage="2" lat="2">
<core>ROM_nP</core>
<MemPortIdVec></MemPortIdVec>
<condition id="-1">
<or_exp><and_exp></and_exp></or_exp>
</condition>

<Node id="14" bw="8" op_0_bw="8">
<![CDATA[
:10  %sbox_load_1 = load i8* %sbox_addr_1, align 1

]]></Node>
<StgValue><ssdm name="sbox_load_1"/></StgValue>
</operation>

<operation id="14" st_id="1" stage="1" lat="1">
<core>NULL</core>
<MemPortIdVec></MemPortIdVec>
<condition id="-1">
<or_exp><and_exp></and_exp></or_exp>
</condition>

<Node id="15" bw="64" op_0_bw="8">
<![CDATA[
:11  %zext_ln49_2 = zext i8 %inp_assign_2 to i64

]]></Node>
<StgValue><ssdm name="zext_ln49_2"/></StgValue>
</operation>

<operation id="15" st_id="1" stage="1" lat="1">
<core>NULL</core>
<MemPortIdVec></MemPortIdVec>
<condition id="-1">
<or_exp><and_exp></and_exp></or_exp>
</condition>

<Node id="16" bw="8" op_0_bw="8" op_1_bw="64" op_2_bw="64">
<![CDATA[
:12  %sbox_addr_2 = getelementptr inbounds [256 x i8]* @sbox, i64 0, i64 %zext_ln49_2

]]></Node>
<StgValue><ssdm name="sbox_addr_2"/></StgValue>
</operation>

<operation id="16" st_id="1" stage="2" lat="2">
<core>ROM_nP</core>
<MemPortIdVec></MemPortIdVec>
<condition id="-1">
<or_exp><and_exp></and_exp></or_exp>
</condition>

<Node id="17" bw="8" op_0_bw="8">
<![CDATA[
:13  %sbox_load_2 = load i8* %sbox_addr_2, align 1

]]></Node>
<StgValue><ssdm name="sbox_load_2"/></StgValue>
</operation>

<operation id="17" st_id="1" stage="1" lat="1">
<core>NULL</core>
<MemPortIdVec></MemPortIdVec>
<condition id="-1">
<or_exp><and_exp></and_exp></or_exp>
</condition>

<Node id="18" bw="64" op_0_bw="8">
<![CDATA[
:14  %zext_ln49_3 = zext i8 %trunc_ln47 to i64

]]></Node>
<StgValue><ssdm name="zext_ln49_3"/></StgValue>
</operation>

<operation id="18" st_id="1" stage="1" lat="1">
<core>NULL</core>
<MemPortIdVec></MemPortIdVec>
<condition id="-1">
<or_exp><and_exp></and_exp></or_exp>
</condition>

<Node id="19" bw="8" op_0_bw="8" op_1_bw="64" op_2_bw="64">
<![CDATA[
:15  %sbox_addr_3 = getelementptr inbounds [256 x i8]* @sbox, i64 0, i64 %zext_ln49_3

]]></Node>
<StgValue><ssdm name="sbox_addr_3"/></StgValue>
</operation>

<operation id="19" st_id="1" stage="2" lat="2">
<core>ROM_nP</core>
<MemPortIdVec></MemPortIdVec>
<condition id="-1">
<or_exp><and_exp></and_exp></or_exp>
</condition>

<Node id="20" bw="8" op_0_bw="8">
<![CDATA[
:16  %sbox_load_3 = load i8* %sbox_addr_3, align 1

]]></Node>
<StgValue><ssdm name="sbox_load_3"/></StgValue>
</operation>
</state>

<state id="2" st_id="2">

<operation id="20" st_id="2" stage="1" lat="2">
<core>ROM_nP</core>
<MemPortIdVec></MemPortIdVec>
<condition id="-1">
<or_exp><and_exp></and_exp></or_exp>
</condition>

<Node id="11" bw="8" op_0_bw="8">
<![CDATA[
:7  %sbox_load = load i8* %sbox_addr, align 1

]]></Node>
<StgValue><ssdm name="sbox_load"/></StgValue>
</operation>

<operation id="21" st_id="2" stage="1" lat="2">
<core>ROM_nP</core>
<MemPortIdVec></MemPortIdVec>
<condition id="-1">
<or_exp><and_exp></and_exp></or_exp>
</condition>

<Node id="14" bw="8" op_0_bw="8">
<![CDATA[
:10  %sbox_load_1 = load i8* %sbox_addr_1, align 1

]]></Node>
<StgValue><ssdm name="sbox_load_1"/></StgValue>
</operation>

<operation id="22" st_id="2" stage="1" lat="2">
<core>ROM_nP</core>
<MemPortIdVec></MemPortIdVec>
<condition id="-1">
<or_exp><and_exp></and_exp></or_exp>
</condition>

<Node id="17" bw="8" op_0_bw="8">
<![CDATA[
:13  %sbox_load_2 = load i8* %sbox_addr_2, align 1

]]></Node>
<StgValue><ssdm name="sbox_load_2"/></StgValue>
</operation>

<operation id="23" st_id="2" stage="1" lat="2">
<core>ROM_nP</core>
<MemPortIdVec></MemPortIdVec>
<condition id="-1">
<or_exp><and_exp></and_exp></or_exp>
</condition>

<Node id="20" bw="8" op_0_bw="8">
<![CDATA[
:16  %sbox_load_3 = load i8* %sbox_addr_3, align 1

]]></Node>
<StgValue><ssdm name="sbox_load_3"/></StgValue>
</operation>

<operation id="24" st_id="2" stage="1" lat="1">
<core>NULL</core>
<MemPortIdVec></MemPortIdVec>
<condition id="-1">
<or_exp><and_exp></and_exp></or_exp>
</condition>

<Node id="21" bw="32" op_0_bw="32" op_1_bw="8" op_2_bw="8" op_3_bw="8" op_4_bw="8">
<![CDATA[
:17  %or_ln50_1 = call i32 @_ssdm_op_BitConcatenate.i32.i8.i8.i8.i8(i8 %sbox_load, i8 %sbox_load_1, i8 %sbox_load_2, i8 %sbox_load_3)

]]></Node>
<StgValue><ssdm name="or_ln50_1"/></StgValue>
</operation>

<operation id="25" st_id="2" stage="1" lat="1">
<core>NULL</core>
<MemPortIdVec></MemPortIdVec>
<condition id="-1">
<or_exp><and_exp></and_exp></or_exp>
</condition>

<Node id="22" bw="0" op_0_bw="32">
<![CDATA[
:18  ret i32 %or_ln50_1

]]></Node>
<StgValue><ssdm name="ret_ln50"/></StgValue>
</operation>
</state>
</state_list>


<ports>
</ports>


<dataflows>
</dataflows>


</stg>
