<?xml version="1.0" encoding="utf-8"?>
<xd:acceleratorMap xmlns:xd="http://www.xilinx.com/xidane" xd:functionName="aes_encrypt_impl" xd:componentRef="aes_encrypt_impl" xd:initiationInterval="772" xd:clockPeriod="10.000" xd:sequential="true" xd:hostMachine="64" xd:reset="control">
  <xd:arg xd:name="block-&gt;data" xd:originalName="block" xd:direction="in" xd:interfaceRef="block_r" xd:busTypeRef="axis" xd:dataWidth="128"/>
  <xd:arg xd:name="block-&gt;keep" xd:originalName="block" xd:direction="in" xd:interfaceRef="block_r" xd:busTypeRef="axis" xd:dataWidth="16"/>
  <xd:arg xd:name="block-&gt;strb" xd:originalName="block" xd:direction="in" xd:interfaceRef="block_r" xd:busTypeRef="axis" xd:dataWidth="16"/>
  <xd:arg xd:name="block-&gt;user" xd:originalName="block" xd:direction="in" xd:interfaceRef="block_r" xd:busTypeRef="axis" xd:dataWidth="1"/>
  <xd:arg xd:name="block-&gt;last" xd:originalName="block" xd:direction="in" xd:interfaceRef="block_r" xd:busTypeRef="axis" xd:dataWidth="1"/>
  <xd:arg xd:name="block-&gt;id" xd:originalName="block" xd:direction="in" xd:interfaceRef="block_r" xd:busTypeRef="axis" xd:dataWidth="1"/>
  <xd:arg xd:name="block-&gt;dest" xd:originalName="block" xd:direction="in" xd:interfaceRef="block_r" xd:busTypeRef="axis" xd:dataWidth="1"/>
  <xd:arg xd:name="encrypted-&gt;data" xd:originalName="encrypted" xd:direction="out" xd:interfaceRef="encrypted" xd:busTypeRef="axis" xd:dataWidth="128"/>
  <xd:arg xd:name="encrypted-&gt;keep" xd:originalName="encrypted" xd:direction="out" xd:interfaceRef="encrypted" xd:busTypeRef="axis" xd:dataWidth="16"/>
  <xd:arg xd:name="encrypted-&gt;strb" xd:originalName="encrypted" xd:direction="out" xd:interfaceRef="encrypted" xd:busTypeRef="axis" xd:dataWidth="16"/>
  <xd:arg xd:name="encrypted-&gt;user" xd:originalName="encrypted" xd:direction="out" xd:interfaceRef="encrypted" xd:busTypeRef="axis" xd:dataWidth="1"/>
  <xd:arg xd:name="encrypted-&gt;last" xd:originalName="encrypted" xd:direction="out" xd:interfaceRef="encrypted" xd:busTypeRef="axis" xd:dataWidth="1"/>
  <xd:arg xd:name="encrypted-&gt;id" xd:originalName="encrypted" xd:direction="out" xd:interfaceRef="encrypted" xd:busTypeRef="axis" xd:dataWidth="1"/>
  <xd:arg xd:name="encrypted-&gt;dest" xd:originalName="encrypted" xd:direction="out" xd:interfaceRef="encrypted" xd:busTypeRef="axis" xd:dataWidth="1"/>
  <xd:arg xd:name="key_const" xd:originalName="key_const" xd:direction="in" xd:interfaceRef="s_axi_AXILiteS" xd:busTypeRef="axilite" xd:offset="0x10" xd:handshakeRef="ap_none" xd:dataWidth="128"/>
  <xd:latencyEstimates xd:best-case="771" xd:worst-case="771" xd:average-case="771"/>
  <xd:resourceEstimates xd:LUT="8061" xd:FF="3938" xd:BRAM="7" xd:DSP="0"/>
</xd:acceleratorMap>
