<?xml version="1.0" encoding="utf-8"?>
<Messages>
	<Message severity="INFO" prefix="[SCHED 204-61]" key="SCHED_PIPELINING_STATUS_631" tag="SCHEDULE" content="Option &apos;relax_ii_for_timing&apos; is enabled, will increase II to preserve clock frequency constraints."/>
	<Message severity="INFO" prefix="[HLS 200-10]" key="HLS_10_1312" tag="" content="Analyzing design file &apos;../addRoundKey.cpp&apos; ..."/>
	<Message severity="INFO" prefix="[HLS 200-10]" key="HLS_10_1312" tag="" content="Analyzing design file &apos;../aes_key_expand.cpp&apos; ..."/>
	<Message severity="INFO" prefix="[HLS 200-10]" key="HLS_10_1312" tag="" content="Analyzing design file &apos;../aes_main.cpp&apos; ..."/>
	<Message severity="INFO" prefix="[HLS 200-10]" key="HLS_10_1312" tag="" content="Analyzing design file &apos;../mixcolumn.cpp&apos; ..."/>
	<Message severity="INFO" prefix="[HLS 200-10]" key="HLS_10_1312" tag="" content="Analyzing design file &apos;../sbox.cpp&apos; ..."/>
	<Message severity="INFO" prefix="[HLS 200-10]" key="HLS_10_1312" tag="" content="Analyzing design file &apos;../shiftrows.cpp&apos; ..."/>
	<Message severity="INFO" prefix="[HLS 200-111]" key="HLS_111_965" tag="" content="Finished Linking Time (s): cpu = 00:00:06 ; elapsed = 00:01:20 . Memory (MB): peak = 955.820 ; gain = 862.555"/>
	<Message severity="INFO" prefix="[HLS 200-111]" key="HLS_111_965" tag="" content="Finished Checking Pragmas Time (s): cpu = 00:00:06 ; elapsed = 00:01:20 . Memory (MB): peak = 955.820 ; gain = 862.555"/>
	<Message severity="INFO" prefix="[HLS 200-10]" key="HLS_10_1467" tag="" content="Starting code transformations ..."/>
	<Message severity="INFO" prefix="[HLS 200-111]" key="HLS_111_965" tag="" content="Finished Standard Transforms Time (s): cpu = 00:00:06 ; elapsed = 00:01:21 . Memory (MB): peak = 955.820 ; gain = 862.555"/>
	<Message severity="INFO" prefix="[HLS 200-10]" key="HLS_10_1472" tag="" content="Checking synthesizability ..."/>
	<Message severity="INFO" prefix="[XFORM 203-602]" key="XFORM_AUTO_INLINE_STATUS_223" tag="" content="Inlining function &apos;deconWord.1&apos; into &apos;rotateWord&apos; (../aes_key_expand.cpp:29) automatically."/>
	<Message severity="INFO" prefix="[XFORM 203-602]" key="XFORM_AUTO_INLINE_STATUS_223" tag="" content="Inlining function &apos;conWord&apos; into &apos;rotateWord&apos; (../aes_key_expand.cpp:36) automatically."/>
	<Message severity="INFO" prefix="[XFORM 203-602]" key="XFORM_AUTO_INLINE_STATUS_223" tag="" content="Inlining function &apos;lookupForwardSbox&apos; into &apos;subWord&apos; (../aes_key_expand.cpp:49) automatically."/>
	<Message severity="INFO" prefix="[XFORM 203-602]" key="XFORM_AUTO_INLINE_STATUS_223" tag="" content="Inlining function &apos;rotateWord&apos; into &apos;keyExpand&apos; (../aes_key_expand.cpp:70) automatically."/>
	<Message severity="INFO" prefix="[XFORM 203-602]" key="XFORM_AUTO_INLINE_STATUS_223" tag="" content="Inlining function &apos;subWord&apos; into &apos;keyExpand&apos; (../aes_key_expand.cpp:70) automatically."/>
	<Message severity="INFO" prefix="[XFORM 203-602]" key="XFORM_AUTO_INLINE_STATUS_223" tag="" content="Inlining function &apos;deconWord&apos; into &apos;keyExpand&apos; (../aes_key_expand.cpp:80) automatically."/>
	<Message severity="INFO" prefix="[XFORM 203-602]" key="XFORM_AUTO_INLINE_STATUS_223" tag="" content="Inlining function &apos;forwardSubst1&apos; into &apos;aes_encrypt&apos; (../aes_main.cpp:49) automatically."/>
	<Message severity="INFO" prefix="[XFORM 203-602]" key="XFORM_AUTO_INLINE_STATUS_223" tag="" content="Inlining function &apos;mixColumnsInBlock&apos; into &apos;aes_encrypt&apos; (../aes_main.cpp:51) automatically."/>
	<Message severity="INFO" prefix="[XFORM 203-602]" key="XFORM_AUTO_INLINE_STATUS_223" tag="" content="Inlining function &apos;arrToBigInt&apos; into &apos;aes_encrypt_impl&apos; (../aes_main.cpp:98) automatically."/>
	<Message severity="INFO" prefix="[HLS 200-111]" key="HLS_111_965" tag="" content="Finished Checking Synthesizability Time (s): cpu = 00:00:06 ; elapsed = 00:01:22 . Memory (MB): peak = 955.820 ; gain = 862.555"/>
	<Message severity="WARNING" prefix="[XFORM 203-1103]" key="XFORM_DATA_PACK_INVALID_346" tag="" content="Ignored data pack directive on non-struct variable &apos;encrypted.data.V&apos; (../aes_main.cpp:82)."/>
	<Message severity="WARNING" prefix="[XFORM 203-1103]" key="XFORM_DATA_PACK_INVALID_346" tag="" content="Ignored data pack directive on non-struct variable &apos;block.data.V&apos; (../aes_main.cpp:82)."/>
	<Message severity="INFO" prefix="[XFORM 203-102]" key="XFORM_AUTO_PARTITION_STATUS_115" tag="" content="Automatically partitioning small array &apos;t&apos; (../mixcolumn.cpp:134) completely based on array size."/>
	<Message severity="INFO" prefix="[XFORM 203-101]" key="XFORM_PARTITION_STATUS_116" tag="" content="Partitioning array &apos;t&apos; (../mixcolumn.cpp:134) in dimension 1 completely."/>
	<Message severity="INFO" prefix="[XFORM 203-602]" key="XFORM_AUTO_INLINE_STATUS_223" tag="" content="Inlining function &apos;deconWord&apos; into &apos;rotateWord&apos; (../aes_key_expand.cpp:29) automatically."/>
	<Message severity="INFO" prefix="[XFORM 203-602]" key="XFORM_AUTO_INLINE_STATUS_223" tag="" content="Inlining function &apos;conWord&apos; into &apos;rotateWord&apos; (../aes_key_expand.cpp:36) automatically."/>
	<Message severity="INFO" prefix="[XFORM 203-602]" key="XFORM_AUTO_INLINE_STATUS_223" tag="" content="Inlining function &apos;lookupForwardSbox&apos; into &apos;subWord&apos; (../aes_key_expand.cpp:49) automatically."/>
	<Message severity="INFO" prefix="[XFORM 203-602]" key="XFORM_AUTO_INLINE_STATUS_223" tag="" content="Inlining function &apos;rotateWord&apos; into &apos;keyExpand&apos; (../aes_key_expand.cpp:70) automatically."/>
	<Message severity="INFO" prefix="[XFORM 203-602]" key="XFORM_AUTO_INLINE_STATUS_223" tag="" content="Inlining function &apos;subWord&apos; into &apos;keyExpand&apos; (../aes_key_expand.cpp:70) automatically."/>
	<Message severity="INFO" prefix="[XFORM 203-602]" key="XFORM_AUTO_INLINE_STATUS_223" tag="" content="Inlining function &apos;deconWord&apos; into &apos;keyExpand&apos; (../aes_key_expand.cpp:80) automatically."/>
	<Message severity="INFO" prefix="[XFORM 203-602]" key="XFORM_AUTO_INLINE_STATUS_223" tag="" content="Inlining function &apos;forwardSubst1&apos; into &apos;aes_encrypt&apos; (../aes_main.cpp:49) automatically."/>
	<Message severity="INFO" prefix="[XFORM 203-602]" key="XFORM_AUTO_INLINE_STATUS_223" tag="" content="Inlining function &apos;mixColumnsInBlock&apos; into &apos;aes_encrypt&apos; (../aes_main.cpp:51) automatically."/>
	<Message severity="INFO" prefix="[XFORM 203-602]" key="XFORM_AUTO_INLINE_STATUS_223" tag="" content="Inlining function &apos;bigIntToArr&apos; into &apos;aes_encrypt_impl&apos; (../aes_main.cpp:92) automatically."/>
	<Message severity="INFO" prefix="[XFORM 203-602]" key="XFORM_AUTO_INLINE_STATUS_223" tag="" content="Inlining function &apos;arrToBigInt&apos; into &apos;aes_encrypt_impl&apos; (../aes_main.cpp:98) automatically."/>
	<Message severity="INFO" prefix="[XFORM 203-602]" key="XFORM_AUTO_INLINE_STATUS_223" tag="" content="Inlining function &apos;shiftrows1&apos; into &apos;aes_encrypt&apos; (../aes_main.cpp:50) automatically."/>
	<Message severity="INFO" prefix="[XFORM 203-11]" key="XFORM_EXPR_BALANCE_STATUS_178" tag="" content="Balancing expressions in function &apos;mixColViaLUT&apos; (../mixcolumn.cpp:133)...12 expression(s) balanced."/>
	<Message severity="INFO" prefix="[HLS 200-111]" key="HLS_111_965" tag="" content="Finished Pre-synthesis Time (s): cpu = 00:00:07 ; elapsed = 00:01:24 . Memory (MB): peak = 955.820 ; gain = 862.555"/>
	<Message severity="INFO" prefix="[HLS 200-472]" key="HLS 200-472" tag="" content="Inferring partial write operation for &apos;r&apos; (../mixcolumn.cpp:138:5)"/>
	<Message severity="INFO" prefix="[HLS 200-472]" key="HLS 200-472" tag="" content="Inferring partial write operation for &apos;r&apos; (../mixcolumn.cpp:139:5)"/>
	<Message severity="INFO" prefix="[HLS 200-472]" key="HLS 200-472" tag="" content="Inferring partial write operation for &apos;r&apos; (../mixcolumn.cpp:140:5)"/>
	<Message severity="INFO" prefix="[HLS 200-472]" key="HLS 200-472" tag="" content="Inferring partial write operation for &apos;r&apos; (../mixcolumn.cpp:141:5)"/>
	<Message severity="INFO" prefix="[HLS 200-472]" key="HLS 200-472" tag="" content="Inferring partial write operation for &apos;k&apos; (../aes_key_expand.cpp:63:5)"/>
	<Message severity="INFO" prefix="[HLS 200-472]" key="HLS 200-472" tag="" content="Inferring partial write operation for &apos;k&apos; (../aes_key_expand.cpp:64:5)"/>
	<Message severity="INFO" prefix="[HLS 200-472]" key="HLS 200-472" tag="" content="Inferring partial write operation for &apos;k&apos; (../aes_key_expand.cpp:65:5)"/>
	<Message severity="INFO" prefix="[HLS 200-472]" key="HLS 200-472" tag="" content="Inferring partial write operation for &apos;k&apos; (../aes_key_expand.cpp:66:5)"/>
	<Message severity="INFO" prefix="[HLS 200-472]" key="HLS 200-472" tag="" content="Inferring partial write operation for &apos;k&apos; (../aes_key_expand.cpp:70:37)"/>
	<Message severity="INFO" prefix="[HLS 200-472]" key="HLS 200-472" tag="" content="Inferring partial write operation for &apos;k&apos; (../aes_key_expand.cpp:72:13)"/>
	<Message severity="INFO" prefix="[HLS 200-472]" key="HLS 200-472" tag="" content="Inferring partial write operation for &apos;keys&apos; (../aes_key_expand.cpp:80:9)"/>
	<Message severity="INFO" prefix="[HLS 200-472]" key="HLS 200-472" tag="" content="Inferring partial write operation for &apos;blockarr&apos; (../aes_main.cpp:70:37)"/>
	<Message severity="INFO" prefix="[HLS 200-472]" key="HLS 200-472" tag="" content="Inferring partial write operation for &apos;keyarr&apos; (../aes_main.cpp:70:37)"/>
	<Message severity="INFO" prefix="[HLS 200-472]" key="HLS 200-472" tag="" content="Inferring partial write operation for &apos;iencrypted&apos; (../aes_main.cpp:21:3)"/>
	<Message severity="INFO" prefix="[HLS 200-472]" key="HLS 200-472" tag="" content="Inferring partial write operation for &apos;iencrypted&apos; (../sbox.cpp:67:9)"/>
	<Message severity="INFO" prefix="[HLS 200-472]" key="HLS 200-472" tag="" content="Inferring partial write operation for &apos;iencrypted&apos; (../shiftrows.cpp:19:5)"/>
	<Message severity="INFO" prefix="[HLS 200-472]" key="HLS 200-472" tag="" content="Inferring partial write operation for &apos;iencrypted&apos; (../shiftrows.cpp:20:5)"/>
	<Message severity="INFO" prefix="[HLS 200-472]" key="HLS 200-472" tag="" content="Inferring partial write operation for &apos;iencrypted&apos; (../shiftrows.cpp:21:5)"/>
	<Message severity="INFO" prefix="[HLS 200-472]" key="HLS 200-472" tag="" content="Inferring partial write operation for &apos;iencrypted&apos; (../shiftrows.cpp:22:5)"/>
	<Message severity="INFO" prefix="[HLS 200-472]" key="HLS 200-472" tag="" content="Inferring partial write operation for &apos;iencrypted&apos; (../shiftrows.cpp:26:5)"/>
	<Message severity="INFO" prefix="[HLS 200-472]" key="HLS 200-472" tag="" content="Inferring partial write operation for &apos;iencrypted&apos; (../shiftrows.cpp:27:5)"/>
	<Message severity="INFO" prefix="[HLS 200-472]" key="HLS 200-472" tag="" content="Inferring partial write operation for &apos;iencrypted&apos; (../shiftrows.cpp:29:5)"/>
	<Message severity="INFO" prefix="[HLS 200-472]" key="HLS 200-472" tag="" content="Inferring partial write operation for &apos;iencrypted&apos; (../shiftrows.cpp:30:5)"/>
	<Message severity="INFO" prefix="[HLS 200-472]" key="HLS 200-472" tag="" content="Inferring partial write operation for &apos;iencrypted&apos; (../shiftrows.cpp:34:5)"/>
	<Message severity="INFO" prefix="[HLS 200-472]" key="HLS 200-472" tag="" content="Inferring partial write operation for &apos;iencrypted&apos; (../shiftrows.cpp:35:5)"/>
	<Message severity="INFO" prefix="[HLS 200-472]" key="HLS 200-472" tag="" content="Inferring partial write operation for &apos;iencrypted&apos; (../shiftrows.cpp:36:5)"/>
	<Message severity="INFO" prefix="[HLS 200-472]" key="HLS 200-472" tag="" content="Inferring partial write operation for &apos;iencrypted&apos; (../shiftrows.cpp:37:5)"/>
	<Message severity="INFO" prefix="[HLS 200-472]" key="HLS 200-472" tag="" content="Inferring partial write operation for &apos;iencrypted&apos; (../sbox.cpp:67:9)"/>
	<Message severity="INFO" prefix="[HLS 200-472]" key="HLS 200-472" tag="" content="Inferring partial write operation for &apos;iencrypted&apos; (../shiftrows.cpp:19:5)"/>
	<Message severity="INFO" prefix="[HLS 200-472]" key="HLS 200-472" tag="" content="Inferring partial write operation for &apos;iencrypted&apos; (../shiftrows.cpp:20:5)"/>
	<Message severity="INFO" prefix="[HLS 200-472]" key="HLS 200-472" tag="" content="Inferring partial write operation for &apos;iencrypted&apos; (../shiftrows.cpp:21:5)"/>
	<Message severity="INFO" prefix="[HLS 200-472]" key="HLS 200-472" tag="" content="Inferring partial write operation for &apos;iencrypted&apos; (../shiftrows.cpp:22:5)"/>
	<Message severity="INFO" prefix="[HLS 200-472]" key="HLS 200-472" tag="" content="Inferring partial write operation for &apos;iencrypted&apos; (../shiftrows.cpp:26:5)"/>
	<Message severity="INFO" prefix="[HLS 200-472]" key="HLS 200-472" tag="" content="Inferring partial write operation for &apos;iencrypted&apos; (../shiftrows.cpp:27:5)"/>
	<Message severity="INFO" prefix="[HLS 200-472]" key="HLS 200-472" tag="" content="Inferring partial write operation for &apos;iencrypted&apos; (../shiftrows.cpp:29:5)"/>
	<Message severity="INFO" prefix="[HLS 200-472]" key="HLS 200-472" tag="" content="Inferring partial write operation for &apos;iencrypted&apos; (../shiftrows.cpp:30:5)"/>
	<Message severity="INFO" prefix="[HLS 200-472]" key="HLS 200-472" tag="" content="Inferring partial write operation for &apos;iencrypted&apos; (../shiftrows.cpp:34:5)"/>
	<Message severity="INFO" prefix="[HLS 200-472]" key="HLS 200-472" tag="" content="Inferring partial write operation for &apos;iencrypted&apos; (../shiftrows.cpp:35:5)"/>
	<Message severity="INFO" prefix="[HLS 200-472]" key="HLS 200-472" tag="" content="Inferring partial write operation for &apos;iencrypted&apos; (../shiftrows.cpp:36:5)"/>
	<Message severity="INFO" prefix="[HLS 200-472]" key="HLS 200-472" tag="" content="Inferring partial write operation for &apos;iencrypted&apos; (../shiftrows.cpp:37:5)"/>
	<Message severity="INFO" prefix="[HLS 200-472]" key="HLS 200-472" tag="" content="Inferring partial write operation for &apos;encrypted&apos; (../aes_main.cpp:63:6)"/>
	<Message severity="INFO" prefix="[HLS 200-472]" key="HLS 200-472" tag="" content="Inferring partial write operation for &apos;state&apos; (../addRoundKey.cpp:11:9)"/>
	<Message severity="INFO" prefix="[HLS 200-111]" key="HLS_111_965" tag="" content="Finished Architecture Synthesis Time (s): cpu = 00:00:08 ; elapsed = 00:01:26 . Memory (MB): peak = 955.820 ; gain = 862.555"/>
	<Message severity="INFO" prefix="[HLS 200-10]" key="HLS_10_1317" tag="" content="Starting hardware synthesis ..."/>
	<Message severity="INFO" prefix="[HLS 200-10]" key="HLS_10_1385" tag="" content="Synthesizing &apos;aes_encrypt_impl&apos; ..."/>
	<Message severity="INFO" prefix="[HLS 200-10]" key="HLS_10_1477" tag="" content="----------------------------------------------------------------"/>
	<Message severity="INFO" prefix="[HLS 200-42]" key="HLS_42_1438" tag="" content="-- Implementing module &apos;keyExpand&apos;"/>
	<Message severity="INFO" prefix="[HLS 200-10]" key="HLS_10_1478" tag="" content="----------------------------------------------------------------"/>
	<Message severity="INFO" prefix="[SCHED 204-11]" key="SCHED_SCHED_STATUS_597" tag="" content="Starting scheduling ..."/>
	<Message severity="INFO" prefix="[SCHED 204-11]" key="SCHED_SCHED_STATUS_596" tag="" content="Finished scheduling."/>
	<Message severity="INFO" prefix="[HLS 200-111]" key="HLS_111_966" tag="" content=" Elapsed time: 86.097 seconds; current allocated memory: 151.313 MB."/>
	<Message severity="INFO" prefix="[BIND 205-100]" key="BIND_100_926" tag="" content="Starting micro-architecture generation ..."/>
	<Message severity="INFO" prefix="[BIND 205-101]" key="BIND_101_698" tag="" content="Performing variable lifetime analysis."/>
	<Message severity="INFO" prefix="[BIND 205-101]" key="BIND_101_697" tag="" content="Exploring resource sharing."/>
	<Message severity="INFO" prefix="[BIND 205-101]" key="BIND_101_693" tag="" content="Binding ..."/>
	<Message severity="INFO" prefix="[BIND 205-100]" key="BIND_100_925" tag="" content="Finished micro-architecture generation."/>
	<Message severity="INFO" prefix="[HLS 200-111]" key="HLS_111_966" tag="" content=" Elapsed time: 0.825 seconds; current allocated memory: 151.763 MB."/>
	<Message severity="INFO" prefix="[HLS 200-10]" key="HLS_10_1477" tag="" content="----------------------------------------------------------------"/>
	<Message severity="INFO" prefix="[HLS 200-42]" key="HLS_42_1438" tag="" content="-- Implementing module &apos;addRoundKey&apos;"/>
	<Message severity="INFO" prefix="[HLS 200-10]" key="HLS_10_1478" tag="" content="----------------------------------------------------------------"/>
	<Message severity="INFO" prefix="[SCHED 204-11]" key="SCHED_SCHED_STATUS_597" tag="" content="Starting scheduling ..."/>
	<Message severity="INFO" prefix="[SCHED 204-11]" key="SCHED_SCHED_STATUS_596" tag="" content="Finished scheduling."/>
	<Message severity="INFO" prefix="[HLS 200-111]" key="HLS_111_966" tag="" content=" Elapsed time: 0.99 seconds; current allocated memory: 151.846 MB."/>
	<Message severity="INFO" prefix="[BIND 205-100]" key="BIND_100_926" tag="" content="Starting micro-architecture generation ..."/>
	<Message severity="INFO" prefix="[BIND 205-101]" key="BIND_101_698" tag="" content="Performing variable lifetime analysis."/>
	<Message severity="INFO" prefix="[BIND 205-101]" key="BIND_101_697" tag="" content="Exploring resource sharing."/>
	<Message severity="INFO" prefix="[BIND 205-101]" key="BIND_101_693" tag="" content="Binding ..."/>
	<Message severity="INFO" prefix="[BIND 205-100]" key="BIND_100_925" tag="" content="Finished micro-architecture generation."/>
	<Message severity="INFO" prefix="[HLS 200-111]" key="HLS_111_966" tag="" content=" Elapsed time: 0.284 seconds; current allocated memory: 151.925 MB."/>
	<Message severity="INFO" prefix="[HLS 200-10]" key="HLS_10_1477" tag="" content="----------------------------------------------------------------"/>
	<Message severity="INFO" prefix="[HLS 200-42]" key="HLS_42_1438" tag="" content="-- Implementing module &apos;mixColViaLUT&apos;"/>
	<Message severity="INFO" prefix="[HLS 200-10]" key="HLS_10_1478" tag="" content="----------------------------------------------------------------"/>
	<Message severity="INFO" prefix="[SCHED 204-11]" key="SCHED_SCHED_STATUS_597" tag="" content="Starting scheduling ..."/>
	<Message severity="INFO" prefix="[SCHED 204-11]" key="SCHED_SCHED_STATUS_596" tag="" content="Finished scheduling."/>
	<Message severity="INFO" prefix="[HLS 200-111]" key="HLS_111_966" tag="" content=" Elapsed time: 0.418 seconds; current allocated memory: 152.114 MB."/>
	<Message severity="INFO" prefix="[BIND 205-100]" key="BIND_100_926" tag="" content="Starting micro-architecture generation ..."/>
	<Message severity="INFO" prefix="[BIND 205-101]" key="BIND_101_698" tag="" content="Performing variable lifetime analysis."/>
	<Message severity="INFO" prefix="[BIND 205-101]" key="BIND_101_697" tag="" content="Exploring resource sharing."/>
	<Message severity="INFO" prefix="[BIND 205-101]" key="BIND_101_693" tag="" content="Binding ..."/>
	<Message severity="INFO" prefix="[BIND 205-100]" key="BIND_100_925" tag="" content="Finished micro-architecture generation."/>
	<Message severity="INFO" prefix="[HLS 200-111]" key="HLS_111_966" tag="" content=" Elapsed time: 0.514 seconds; current allocated memory: 152.362 MB."/>
	<Message severity="INFO" prefix="[HLS 200-10]" key="HLS_10_1477" tag="" content="----------------------------------------------------------------"/>
	<Message severity="INFO" prefix="[HLS 200-42]" key="HLS_42_1438" tag="" content="-- Implementing module &apos;aes_encrypt&apos;"/>
	<Message severity="INFO" prefix="[HLS 200-10]" key="HLS_10_1478" tag="" content="----------------------------------------------------------------"/>
	<Message severity="INFO" prefix="[SCHED 204-11]" key="SCHED_SCHED_STATUS_597" tag="" content="Starting scheduling ..."/>
	<Message severity="INFO" prefix="[SCHED 204-11]" key="SCHED_SCHED_STATUS_596" tag="" content="Finished scheduling."/>
	<Message severity="INFO" prefix="[HLS 200-111]" key="HLS_111_966" tag="" content=" Elapsed time: 0.841 seconds; current allocated memory: 152.806 MB."/>
	<Message severity="INFO" prefix="[BIND 205-100]" key="BIND_100_926" tag="" content="Starting micro-architecture generation ..."/>
	<Message severity="INFO" prefix="[BIND 205-101]" key="BIND_101_698" tag="" content="Performing variable lifetime analysis."/>
	<Message severity="INFO" prefix="[BIND 205-101]" key="BIND_101_697" tag="" content="Exploring resource sharing."/>
	<Message severity="INFO" prefix="[BIND 205-101]" key="BIND_101_693" tag="" content="Binding ..."/>
	<Message severity="INFO" prefix="[BIND 205-100]" key="BIND_100_925" tag="" content="Finished micro-architecture generation."/>
	<Message severity="INFO" prefix="[HLS 200-111]" key="HLS_111_966" tag="" content=" Elapsed time: 0.981 seconds; current allocated memory: 153.241 MB."/>
	<Message severity="INFO" prefix="[HLS 200-10]" key="HLS_10_1477" tag="" content="----------------------------------------------------------------"/>
	<Message severity="INFO" prefix="[HLS 200-42]" key="HLS_42_1438" tag="" content="-- Implementing module &apos;aes_encrypt_impl&apos;"/>
	<Message severity="INFO" prefix="[HLS 200-10]" key="HLS_10_1478" tag="" content="----------------------------------------------------------------"/>
	<Message severity="INFO" prefix="[SCHED 204-11]" key="SCHED_SCHED_STATUS_597" tag="" content="Starting scheduling ..."/>
	<Message severity="INFO" prefix="[SCHED 204-11]" key="SCHED_SCHED_STATUS_596" tag="" content="Finished scheduling."/>
	<Message severity="INFO" prefix="[HLS 200-111]" key="HLS_111_966" tag="" content=" Elapsed time: 1.143 seconds; current allocated memory: 153.497 MB."/>
	<Message severity="INFO" prefix="[BIND 205-100]" key="BIND_100_926" tag="" content="Starting micro-architecture generation ..."/>
	<Message severity="INFO" prefix="[BIND 205-101]" key="BIND_101_698" tag="" content="Performing variable lifetime analysis."/>
	<Message severity="INFO" prefix="[BIND 205-101]" key="BIND_101_697" tag="" content="Exploring resource sharing."/>
	<Message severity="INFO" prefix="[BIND 205-101]" key="BIND_101_693" tag="" content="Binding ..."/>
	<Message severity="INFO" prefix="[BIND 205-100]" key="BIND_100_925" tag="" content="Finished micro-architecture generation."/>
	<Message severity="INFO" prefix="[HLS 200-111]" key="HLS_111_966" tag="" content=" Elapsed time: 0.519 seconds; current allocated memory: 153.811 MB."/>
	<Message severity="INFO" prefix="[HLS 200-10]" key="HLS_10_1483" tag="" content="----------------------------------------------------------------"/>
	<Message severity="INFO" prefix="[HLS 200-10]" key="HLS_10_1484" tag="" content="-- Generating RTL for module &apos;keyExpand&apos;"/>
	<Message severity="INFO" prefix="[HLS 200-10]" key="HLS_10_1485" tag="" content="----------------------------------------------------------------"/>
	<Message severity="INFO" prefix="[SYN 201-210]" key="SYN_210_889" tag="" content="Renamed object name &apos;keyExpand_ROUND_CONSTANT&apos; to &apos;keyExpand_ROUND_Cbkb&apos; due to the length limit 20"/>
	<Message severity="INFO" prefix="[RTGEN 206-100]" key="RTGEN_100_856" tag="" content="Finished creating RTL model for &apos;keyExpand&apos;."/>
	<Message severity="INFO" prefix="[HLS 200-111]" key="HLS_111_966" tag="" content=" Elapsed time: 0.978 seconds; current allocated memory: 154.573 MB."/>
	<Message severity="INFO" prefix="[HLS 200-10]" key="HLS_10_1483" tag="" content="----------------------------------------------------------------"/>
	<Message severity="INFO" prefix="[HLS 200-10]" key="HLS_10_1484" tag="" content="-- Generating RTL for module &apos;addRoundKey&apos;"/>
	<Message severity="INFO" prefix="[HLS 200-10]" key="HLS_10_1485" tag="" content="----------------------------------------------------------------"/>
	<Message severity="INFO" prefix="[RTGEN 206-100]" key="RTGEN_100_856" tag="" content="Finished creating RTL model for &apos;addRoundKey&apos;."/>
	<Message severity="INFO" prefix="[HLS 200-111]" key="HLS_111_966" tag="" content=" Elapsed time: 2.289 seconds; current allocated memory: 156.329 MB."/>
	<Message severity="INFO" prefix="[HLS 200-10]" key="HLS_10_1483" tag="" content="----------------------------------------------------------------"/>
	<Message severity="INFO" prefix="[HLS 200-10]" key="HLS_10_1484" tag="" content="-- Generating RTL for module &apos;mixColViaLUT&apos;"/>
	<Message severity="INFO" prefix="[HLS 200-10]" key="HLS_10_1485" tag="" content="----------------------------------------------------------------"/>
	<Message severity="INFO" prefix="[RTGEN 206-100]" key="RTGEN_100_856" tag="" content="Finished creating RTL model for &apos;mixColViaLUT&apos;."/>
	<Message severity="INFO" prefix="[HLS 200-111]" key="HLS_111_966" tag="" content=" Elapsed time: 0.868 seconds; current allocated memory: 157.094 MB."/>
	<Message severity="INFO" prefix="[HLS 200-10]" key="HLS_10_1483" tag="" content="----------------------------------------------------------------"/>
	<Message severity="INFO" prefix="[HLS 200-10]" key="HLS_10_1484" tag="" content="-- Generating RTL for module &apos;aes_encrypt&apos;"/>
	<Message severity="INFO" prefix="[HLS 200-10]" key="HLS_10_1485" tag="" content="----------------------------------------------------------------"/>
	<Message severity="INFO" prefix="[SYN 201-210]" key="SYN_210_889" tag="" content="Renamed object name &apos;aes_encrypt_iencrypted&apos; to &apos;aes_encrypt_iencrcud&apos; due to the length limit 20"/>
	<Message severity="INFO" prefix="[SYN 201-210]" key="SYN_210_889" tag="" content="Renamed object name &apos;aes_encrypt_roundKeys&apos; to &apos;aes_encrypt_rounddEe&apos; due to the length limit 20"/>
	<Message severity="INFO" prefix="[RTGEN 206-100]" key="RTGEN_100_856" tag="" content="Finished creating RTL model for &apos;aes_encrypt&apos;."/>
	<Message severity="INFO" prefix="[HLS 200-111]" key="HLS_111_966" tag="" content=" Elapsed time: 1.932 seconds; current allocated memory: 159.101 MB."/>
	<Message severity="INFO" prefix="[HLS 200-10]" key="HLS_10_1483" tag="" content="----------------------------------------------------------------"/>
	<Message severity="INFO" prefix="[HLS 200-10]" key="HLS_10_1484" tag="" content="-- Generating RTL for module &apos;aes_encrypt_impl&apos;"/>
	<Message severity="INFO" prefix="[HLS 200-10]" key="HLS_10_1485" tag="" content="----------------------------------------------------------------"/>
	<Message severity="INFO" prefix="[RTGEN 206-500]" key="PREPROC_IO_COMP_CONFLICT_1950" tag="" content="Setting interface mode on port &apos;aes_encrypt_impl/block_data_V&apos; to &apos;axis&apos; (register, both mode)."/>
	<Message severity="INFO" prefix="[RTGEN 206-500]" key="PREPROC_IO_COMP_CONFLICT_1950" tag="" content="Setting interface mode on port &apos;aes_encrypt_impl/block_keep_V&apos; to &apos;axis&apos; (register, both mode)."/>
	<Message severity="INFO" prefix="[RTGEN 206-500]" key="PREPROC_IO_COMP_CONFLICT_1950" tag="" content="Setting interface mode on port &apos;aes_encrypt_impl/block_strb_V&apos; to &apos;axis&apos; (register, both mode)."/>
	<Message severity="INFO" prefix="[RTGEN 206-500]" key="PREPROC_IO_COMP_CONFLICT_1950" tag="" content="Setting interface mode on port &apos;aes_encrypt_impl/block_user_V&apos; to &apos;axis&apos; (register, both mode)."/>
	<Message severity="INFO" prefix="[RTGEN 206-500]" key="PREPROC_IO_COMP_CONFLICT_1950" tag="" content="Setting interface mode on port &apos;aes_encrypt_impl/block_last_V&apos; to &apos;axis&apos; (register, both mode)."/>
	<Message severity="INFO" prefix="[RTGEN 206-500]" key="PREPROC_IO_COMP_CONFLICT_1950" tag="" content="Setting interface mode on port &apos;aes_encrypt_impl/block_id_V&apos; to &apos;axis&apos; (register, both mode)."/>
	<Message severity="INFO" prefix="[RTGEN 206-500]" key="PREPROC_IO_COMP_CONFLICT_1950" tag="" content="Setting interface mode on port &apos;aes_encrypt_impl/block_dest_V&apos; to &apos;axis&apos; (register, both mode)."/>
	<Message severity="INFO" prefix="[RTGEN 206-500]" key="PREPROC_IO_COMP_CONFLICT_1950" tag="" content="Setting interface mode on port &apos;aes_encrypt_impl/encrypted_data_V&apos; to &apos;axis&apos; (register, both mode)."/>
	<Message severity="INFO" prefix="[RTGEN 206-500]" key="PREPROC_IO_COMP_CONFLICT_1950" tag="" content="Setting interface mode on port &apos;aes_encrypt_impl/encrypted_keep_V&apos; to &apos;axis&apos; (register, both mode)."/>
	<Message severity="INFO" prefix="[RTGEN 206-500]" key="PREPROC_IO_COMP_CONFLICT_1950" tag="" content="Setting interface mode on port &apos;aes_encrypt_impl/encrypted_strb_V&apos; to &apos;axis&apos; (register, both mode)."/>
	<Message severity="INFO" prefix="[RTGEN 206-500]" key="PREPROC_IO_COMP_CONFLICT_1950" tag="" content="Setting interface mode on port &apos;aes_encrypt_impl/encrypted_user_V&apos; to &apos;axis&apos; (register, both mode)."/>
	<Message severity="INFO" prefix="[RTGEN 206-500]" key="PREPROC_IO_COMP_CONFLICT_1950" tag="" content="Setting interface mode on port &apos;aes_encrypt_impl/encrypted_last_V&apos; to &apos;axis&apos; (register, both mode)."/>
	<Message severity="INFO" prefix="[RTGEN 206-500]" key="PREPROC_IO_COMP_CONFLICT_1950" tag="" content="Setting interface mode on port &apos;aes_encrypt_impl/encrypted_id_V&apos; to &apos;axis&apos; (register, both mode)."/>
	<Message severity="INFO" prefix="[RTGEN 206-500]" key="PREPROC_IO_COMP_CONFLICT_1950" tag="" content="Setting interface mode on port &apos;aes_encrypt_impl/encrypted_dest_V&apos; to &apos;axis&apos; (register, both mode)."/>
	<Message severity="INFO" prefix="[RTGEN 206-500]" key="PREPROC_IO_COMP_CONFLICT_1950" tag="" content="Setting interface mode on port &apos;aes_encrypt_impl/key_const_V&apos; to &apos;s_axilite &amp; ap_none&apos;."/>
	<Message severity="INFO" prefix="[RTGEN 206-500]" key="PREPROC_IO_COMP_CONFLICT_1950" tag="" content="Setting interface mode on function &apos;aes_encrypt_impl&apos; to &apos;ap_ctrl_none&apos;."/>
	<Message severity="INFO" prefix="[RTGEN 206-100]" key="RTGEN_100_851" tag="" content="Bundling port &apos;key_const_V&apos; to AXI-Lite port AXILiteS."/>
	<Message severity="INFO" prefix="[SYN 201-210]" key="SYN_210_889" tag="" content="Renamed object name &apos;aes_encrypt_impl_keyarr&apos; to &apos;aes_encrypt_impl_eOg&apos; due to the length limit 20"/>
	<Message severity="INFO" prefix="[SYN 201-210]" key="SYN_210_889" tag="" content="Renamed object name &apos;aes_encrypt_impl_blockarr&apos; to &apos;aes_encrypt_impl_fYi&apos; due to the length limit 20"/>
	<Message severity="INFO" prefix="[SYN 201-210]" key="SYN_210_889" tag="" content="Renamed object name &apos;aes_encrypt_impl_ansarr&apos; to &apos;aes_encrypt_impl_g8j&apos; due to the length limit 20"/>
	<Message severity="INFO" prefix="[RTGEN 206-100]" key="RTGEN_100_856" tag="" content="Finished creating RTL model for &apos;aes_encrypt_impl&apos;."/>
	<Message severity="INFO" prefix="[HLS 200-111]" key="HLS_111_966" tag="" content=" Elapsed time: 3.369 seconds; current allocated memory: 161.813 MB."/>
	<Message severity="INFO" prefix="[HLS 200-790]" key="HLS 200-790" tag="LOOP,SDX_LOOP" content="**** Loop Constraint Status: All loop constraints were satisfied."/>
	<Message severity="INFO" prefix="[HLS 200-789]" key="HLS 200-789" tag="THROUGHPUT,SDX_KERNEL" content="**** Estimated Fmax: 133.32 MHz"/>
	<Message severity="INFO" prefix="[RTMG 210-279]" key="RTMG_279_1793" tag="" content="Implementing memory &apos;keyExpand_sbox_rom&apos; using block ROMs."/>
	<Message severity="INFO" prefix="[RTMG 210-279]" key="RTMG_279_1793" tag="" content="Implementing memory &apos;keyExpand_ROUND_Cbkb_rom&apos; using distributed ROMs."/>
	<Message severity="INFO" prefix="[RTMG 210-278]" key="RTMG_278_1790" tag="" content="Implementing memory &apos;keyExpand_k_ram (RAM)&apos; using block RAMs."/>
	<Message severity="INFO" prefix="[RTMG 210-279]" key="RTMG_279_1793" tag="" content="Implementing memory &apos;mixColViaLUT_mx2_rom&apos; using block ROMs."/>
	<Message severity="INFO" prefix="[RTMG 210-279]" key="RTMG_279_1793" tag="" content="Implementing memory &apos;mixColViaLUT_mx3_rom&apos; using block ROMs."/>
	<Message severity="INFO" prefix="[RTMG 210-278]" key="RTMG_278_1790" tag="" content="Implementing memory &apos;aes_encrypt_iencrcud_ram (RAM)&apos; using block RAMs."/>
	<Message severity="INFO" prefix="[RTMG 210-278]" key="RTMG_278_1790" tag="" content="Implementing memory &apos;aes_encrypt_rounddEe_ram (RAM)&apos; using block RAMs."/>
	<Message severity="INFO" prefix="[RTMG 210-278]" key="RTMG_278_1790" tag="" content="Implementing memory &apos;aes_encrypt_impl_eOg_ram (RAM)&apos; using distributed RAMs."/>
	<Message severity="INFO" prefix="[RTMG 210-278]" key="RTMG_278_1790" tag="" content="Implementing memory &apos;aes_encrypt_impl_fYi_ram (RAM)&apos; using distributed RAMs."/>
	<Message severity="INFO" prefix="[HLS 200-111]" key="HLS_111_965" tag="" content="Finished generating all RTL models Time (s): cpu = 00:00:14 ; elapsed = 00:02:03 . Memory (MB): peak = 955.820 ; gain = 862.555"/>
	<Message severity="INFO" prefix="[VHDL 208-304]" key="VHDL_304_1066" tag="" content="Generating VHDL RTL for aes_encrypt_impl."/>
	<Message severity="INFO" prefix="[VLOG 209-307]" key="VLOG_307_1067" tag="" content="Generating Verilog RTL for aes_encrypt_impl."/>
</Messages>
