<stg><name>addRoundKey</name>


<trans_list>

<trans id="26" from="1" to="2">
<condition id="-1">
<or_exp><and_exp></and_exp></or_exp>
</condition>
</trans>

<trans id="27" from="2" to="3">
<condition id="-1">
<or_exp><and_exp><literal name="icmp_ln10" val="0"/>
</and_exp></or_exp>
</condition>
</trans>

<trans id="29" from="3" to="2">
<condition id="-1">
<or_exp><and_exp></and_exp></or_exp>
</condition>
</trans>
</trans_list>



<state_list>

<state id="1" st_id="1">

<operation id="4" st_id="1" stage="1" lat="1">
<core>NULL</core>
<MemPortIdVec></MemPortIdVec>
<condition id="-1">
<or_exp><and_exp></and_exp></or_exp>
</condition>

<Node id="4" bw="10" op_0_bw="10" op_1_bw="10">
<![CDATA[
:0  %roundKey_offset_read = call i10 @_ssdm_op_Read.ap_auto.i10(i10 %roundKey_offset)

]]></Node>
<StgValue><ssdm name="roundKey_offset_read"/></StgValue>
</operation>

<operation id="5" st_id="1" stage="1" lat="1">
<core>NULL</core>
<MemPortIdVec></MemPortIdVec>
<condition id="-1">
<or_exp><and_exp></and_exp></or_exp>
</condition>

<Node id="5" bw="8" op_0_bw="10">
<![CDATA[
:1  %trunc_ln11 = trunc i10 %roundKey_offset_read to i8

]]></Node>
<StgValue><ssdm name="trunc_ln11"/></StgValue>
</operation>

<operation id="6" st_id="1" stage="1" lat="1">
<core>NULL</core>
<MemPortIdVec></MemPortIdVec>
<condition id="-1">
<or_exp><and_exp></and_exp></or_exp>
</condition>

<Node id="6" bw="0" op_0_bw="0">
<![CDATA[
:2  br label %1

]]></Node>
<StgValue><ssdm name="br_ln10"/></StgValue>
</operation>
</state>

<state id="2" st_id="2">

<operation id="7" st_id="2" stage="1" lat="1">
<core>NULL</core>
<MemPortIdVec></MemPortIdVec>
<condition id="-1">
<or_exp><and_exp></and_exp></or_exp>
</condition>

<Node id="8" bw="5" op_0_bw="5" op_1_bw="0" op_2_bw="5" op_3_bw="0">
<![CDATA[
:0  %i_0 = phi i5 [ 0, %0 ], [ %i, %2 ]

]]></Node>
<StgValue><ssdm name="i_0"/></StgValue>
</operation>

<operation id="8" st_id="2" stage="1" lat="1">
<core>Cmp</core>
<MemPortIdVec></MemPortIdVec>
<condition id="-1">
<or_exp><and_exp></and_exp></or_exp>
</condition>

<Node id="9" bw="1" op_0_bw="5" op_1_bw="5">
<![CDATA[
:1  %icmp_ln10 = icmp eq i5 %i_0, -16

]]></Node>
<StgValue><ssdm name="icmp_ln10"/></StgValue>
</operation>

<operation id="9" st_id="2" stage="1" lat="1">
<core>NULL</core>
<MemPortIdVec></MemPortIdVec>
<condition id="-1">
<or_exp><and_exp></and_exp></or_exp>
</condition>

<Node id="10" bw="32" op_0_bw="32" op_1_bw="64" op_2_bw="64" op_3_bw="64">
<![CDATA[
:2  %empty = call i32 (...)* @_ssdm_op_SpecLoopTripCount(i64 16, i64 16, i64 16)

]]></Node>
<StgValue><ssdm name="empty"/></StgValue>
</operation>

<operation id="10" st_id="2" stage="1" lat="1">
<core>AddSub</core>
<MemPortIdVec></MemPortIdVec>
<condition id="-1">
<or_exp><and_exp></and_exp></or_exp>
</condition>

<Node id="11" bw="5" op_0_bw="5" op_1_bw="5">
<![CDATA[
:3  %i = add i5 %i_0, 1

]]></Node>
<StgValue><ssdm name="i"/></StgValue>
</operation>

<operation id="11" st_id="2" stage="1" lat="1">
<core>NULL</core>
<MemPortIdVec></MemPortIdVec>
<condition id="-1">
<or_exp><and_exp></and_exp></or_exp>
</condition>

<Node id="12" bw="0" op_0_bw="1" op_1_bw="0" op_2_bw="0">
<![CDATA[
:4  br i1 %icmp_ln10, label %3, label %2

]]></Node>
<StgValue><ssdm name="br_ln10"/></StgValue>
</operation>

<operation id="12" st_id="2" stage="1" lat="1">
<core>NULL</core>
<MemPortIdVec></MemPortIdVec>
<condition id="-1">
<or_exp><and_exp><literal name="icmp_ln10" val="0"/>
</and_exp></or_exp>
</condition>

<Node id="14" bw="64" op_0_bw="5">
<![CDATA[
:0  %zext_ln11 = zext i5 %i_0 to i64

]]></Node>
<StgValue><ssdm name="zext_ln11"/></StgValue>
</operation>

<operation id="13" st_id="2" stage="1" lat="1">
<core>NULL</core>
<MemPortIdVec></MemPortIdVec>
<condition id="-1">
<or_exp><and_exp><literal name="icmp_ln10" val="0"/>
</and_exp></or_exp>
</condition>

<Node id="15" bw="8" op_0_bw="5">
<![CDATA[
:1  %zext_ln11_1 = zext i5 %i_0 to i8

]]></Node>
<StgValue><ssdm name="zext_ln11_1"/></StgValue>
</operation>

<operation id="14" st_id="2" stage="1" lat="1">
<core>NULL</core>
<MemPortIdVec></MemPortIdVec>
<condition id="-1">
<or_exp><and_exp><literal name="icmp_ln10" val="0"/>
</and_exp></or_exp>
</condition>

<Node id="16" bw="4" op_0_bw="8" op_1_bw="64" op_2_bw="64">
<![CDATA[
:2  %state_addr = getelementptr [16 x i8]* %state, i64 0, i64 %zext_ln11

]]></Node>
<StgValue><ssdm name="state_addr"/></StgValue>
</operation>

<operation id="15" st_id="2" stage="2" lat="2">
<core>RAM</core>
<MemPortIdVec></MemPortIdVec>
<condition id="-1">
<or_exp><and_exp><literal name="icmp_ln10" val="0"/>
</and_exp></or_exp>
</condition>

<Node id="17" bw="8" op_0_bw="4">
<![CDATA[
:3  %state_load = load i8* %state_addr, align 1

]]></Node>
<StgValue><ssdm name="state_load"/></StgValue>
</operation>

<operation id="16" st_id="2" stage="1" lat="1">
<core>AddSub</core>
<MemPortIdVec></MemPortIdVec>
<condition id="-1">
<or_exp><and_exp><literal name="icmp_ln10" val="0"/>
</and_exp></or_exp>
</condition>

<Node id="18" bw="8" op_0_bw="8" op_1_bw="8">
<![CDATA[
:4  %add_ln11 = add i8 %zext_ln11_1, %trunc_ln11

]]></Node>
<StgValue><ssdm name="add_ln11"/></StgValue>
</operation>

<operation id="17" st_id="2" stage="1" lat="1">
<core>NULL</core>
<MemPortIdVec></MemPortIdVec>
<condition id="-1">
<or_exp><and_exp><literal name="icmp_ln10" val="0"/>
</and_exp></or_exp>
</condition>

<Node id="19" bw="64" op_0_bw="8">
<![CDATA[
:5  %zext_ln11_2 = zext i8 %add_ln11 to i64

]]></Node>
<StgValue><ssdm name="zext_ln11_2"/></StgValue>
</operation>

<operation id="18" st_id="2" stage="1" lat="1">
<core>NULL</core>
<MemPortIdVec></MemPortIdVec>
<condition id="-1">
<or_exp><and_exp><literal name="icmp_ln10" val="0"/>
</and_exp></or_exp>
</condition>

<Node id="20" bw="8" op_0_bw="8" op_1_bw="64" op_2_bw="64">
<![CDATA[
:6  %roundKey_addr = getelementptr [176 x i8]* %roundKey, i64 0, i64 %zext_ln11_2

]]></Node>
<StgValue><ssdm name="roundKey_addr"/></StgValue>
</operation>

<operation id="19" st_id="2" stage="2" lat="2">
<core>RAM</core>
<MemPortIdVec></MemPortIdVec>
<condition id="-1">
<or_exp><and_exp><literal name="icmp_ln10" val="0"/>
</and_exp></or_exp>
</condition>

<Node id="21" bw="8" op_0_bw="8">
<![CDATA[
:7  %roundKey_load = load i8* %roundKey_addr, align 1

]]></Node>
<StgValue><ssdm name="roundKey_load"/></StgValue>
</operation>

<operation id="20" st_id="2" stage="1" lat="1">
<core>NULL</core>
<MemPortIdVec></MemPortIdVec>
<condition id="-1">
<or_exp><and_exp><literal name="icmp_ln10" val="1"/>
</and_exp></or_exp>
</condition>

<Node id="26" bw="0">
<![CDATA[
:0  ret void

]]></Node>
<StgValue><ssdm name="ret_ln13"/></StgValue>
</operation>
</state>

<state id="3" st_id="3">

<operation id="21" st_id="3" stage="1" lat="2">
<core>RAM</core>
<MemPortIdVec></MemPortIdVec>
<condition id="-1">
<or_exp><and_exp></and_exp></or_exp>
</condition>

<Node id="17" bw="8" op_0_bw="4">
<![CDATA[
:3  %state_load = load i8* %state_addr, align 1

]]></Node>
<StgValue><ssdm name="state_load"/></StgValue>
</operation>

<operation id="22" st_id="3" stage="1" lat="2">
<core>RAM</core>
<MemPortIdVec></MemPortIdVec>
<condition id="-1">
<or_exp><and_exp></and_exp></or_exp>
</condition>

<Node id="21" bw="8" op_0_bw="8">
<![CDATA[
:7  %roundKey_load = load i8* %roundKey_addr, align 1

]]></Node>
<StgValue><ssdm name="roundKey_load"/></StgValue>
</operation>

<operation id="23" st_id="3" stage="1" lat="1">
<core>LogicGate</core>
<MemPortIdVec></MemPortIdVec>
<condition id="-1">
<or_exp><and_exp></and_exp></or_exp>
</condition>

<Node id="22" bw="8" op_0_bw="8" op_1_bw="8">
<![CDATA[
:8  %xor_ln11 = xor i8 %roundKey_load, %state_load

]]></Node>
<StgValue><ssdm name="xor_ln11"/></StgValue>
</operation>

<operation id="24" st_id="3" stage="1" lat="1">
<core>RAM</core>
<MemPortIdVec></MemPortIdVec>
<condition id="-1">
<or_exp><and_exp></and_exp></or_exp>
</condition>

<Node id="23" bw="0" op_0_bw="8" op_1_bw="4" op_2_bw="8">
<![CDATA[
:9  store i8 %xor_ln11, i8* %state_addr, align 1

]]></Node>
<StgValue><ssdm name="store_ln11"/></StgValue>
</operation>

<operation id="25" st_id="3" stage="1" lat="1">
<core>NULL</core>
<MemPortIdVec></MemPortIdVec>
<condition id="-1">
<or_exp><and_exp></and_exp></or_exp>
</condition>

<Node id="24" bw="0" op_0_bw="0">
<![CDATA[
:10  br label %1

]]></Node>
<StgValue><ssdm name="br_ln10"/></StgValue>
</operation>
</state>
</state_list>


<ports>
</ports>


<dataflows>
</dataflows>


</stg>
