<stg><name>aes_encrypt_impl</name>


<trans_list>

<trans id="96" from="1" to="2">
<condition id="-1">
<or_exp><and_exp></and_exp></or_exp>
</condition>
</trans>

<trans id="97" from="2" to="2">
<condition id="-1">
<or_exp><and_exp><literal name="icmp_ln69" val="0"/>
</and_exp></or_exp>
</condition>
</trans>

<trans id="98" from="2" to="3">
<condition id="-1">
<or_exp><and_exp><literal name="icmp_ln69" val="1"/>
</and_exp></or_exp>
</condition>
</trans>

<trans id="99" from="3" to="4">
<condition id="-1">
<or_exp><and_exp><literal name="icmp_ln69_1" val="1"/>
</and_exp></or_exp>
</condition>
</trans>

<trans id="100" from="3" to="3">
<condition id="-1">
<or_exp><and_exp><literal name="icmp_ln69_1" val="0"/>
</and_exp></or_exp>
</condition>
</trans>

<trans id="102" from="4" to="5">
<condition id="-1">
<or_exp><and_exp></and_exp></or_exp>
</condition>
</trans>

<trans id="103" from="5" to="6">
<condition id="-1">
<or_exp><and_exp><literal name="icmp_ln76" val="0"/>
</and_exp></or_exp>
</condition>
</trans>

<trans id="104" from="5" to="7">
<condition id="-1">
<or_exp><and_exp><literal name="icmp_ln76" val="1"/>
</and_exp></or_exp>
</condition>
</trans>

<trans id="106" from="6" to="5">
<condition id="-1">
<or_exp><and_exp></and_exp></or_exp>
</condition>
</trans>
</trans_list>



<state_list>

<state id="1" st_id="1">

<operation id="8" st_id="1" stage="1" lat="1">
<core>s_axilite</core>
<MemPortIdVec></MemPortIdVec>
<condition id="-1">
<or_exp><and_exp></and_exp></or_exp>
</condition>

<Node id="24" bw="128" op_0_bw="128" op_1_bw="128">
<![CDATA[
:0  %key_const_V_read = call i128 @_ssdm_op_Read.s_axilite.i128(i128 %key_const_V)

]]></Node>
<StgValue><ssdm name="key_const_V_read"/></StgValue>
</operation>

<operation id="9" st_id="1" stage="1" lat="1">
<core>NULL</core>
<MemPortIdVec></MemPortIdVec>
<condition id="-1">
<or_exp><and_exp></and_exp></or_exp>
</condition>

<Node id="25" bw="0" op_0_bw="0" op_1_bw="128">
<![CDATA[
:1  call void (...)* @_ssdm_op_SpecBitsMap(i128* %block_data_V), !map !107

]]></Node>
<StgValue><ssdm name="specbitsmap_ln0"/></StgValue>
</operation>

<operation id="10" st_id="1" stage="1" lat="1">
<core>NULL</core>
<MemPortIdVec></MemPortIdVec>
<condition id="-1">
<or_exp><and_exp></and_exp></or_exp>
</condition>

<Node id="26" bw="0" op_0_bw="0" op_1_bw="16">
<![CDATA[
:2  call void (...)* @_ssdm_op_SpecBitsMap(i16* %block_keep_V), !map !113

]]></Node>
<StgValue><ssdm name="specbitsmap_ln0"/></StgValue>
</operation>

<operation id="11" st_id="1" stage="1" lat="1">
<core>NULL</core>
<MemPortIdVec></MemPortIdVec>
<condition id="-1">
<or_exp><and_exp></and_exp></or_exp>
</condition>

<Node id="27" bw="0" op_0_bw="0" op_1_bw="16">
<![CDATA[
:3  call void (...)* @_ssdm_op_SpecBitsMap(i16* %block_strb_V), !map !117

]]></Node>
<StgValue><ssdm name="specbitsmap_ln0"/></StgValue>
</operation>

<operation id="12" st_id="1" stage="1" lat="1">
<core>NULL</core>
<MemPortIdVec></MemPortIdVec>
<condition id="-1">
<or_exp><and_exp></and_exp></or_exp>
</condition>

<Node id="28" bw="0" op_0_bw="0" op_1_bw="1">
<![CDATA[
:4  call void (...)* @_ssdm_op_SpecBitsMap(i1* %block_user_V), !map !121

]]></Node>
<StgValue><ssdm name="specbitsmap_ln0"/></StgValue>
</operation>

<operation id="13" st_id="1" stage="1" lat="1">
<core>NULL</core>
<MemPortIdVec></MemPortIdVec>
<condition id="-1">
<or_exp><and_exp></and_exp></or_exp>
</condition>

<Node id="29" bw="0" op_0_bw="0" op_1_bw="1">
<![CDATA[
:5  call void (...)* @_ssdm_op_SpecBitsMap(i1* %block_last_V), !map !125

]]></Node>
<StgValue><ssdm name="specbitsmap_ln0"/></StgValue>
</operation>

<operation id="14" st_id="1" stage="1" lat="1">
<core>NULL</core>
<MemPortIdVec></MemPortIdVec>
<condition id="-1">
<or_exp><and_exp></and_exp></or_exp>
</condition>

<Node id="30" bw="0" op_0_bw="0" op_1_bw="1">
<![CDATA[
:6  call void (...)* @_ssdm_op_SpecBitsMap(i1* %block_id_V), !map !129

]]></Node>
<StgValue><ssdm name="specbitsmap_ln0"/></StgValue>
</operation>

<operation id="15" st_id="1" stage="1" lat="1">
<core>NULL</core>
<MemPortIdVec></MemPortIdVec>
<condition id="-1">
<or_exp><and_exp></and_exp></or_exp>
</condition>

<Node id="31" bw="0" op_0_bw="0" op_1_bw="1">
<![CDATA[
:7  call void (...)* @_ssdm_op_SpecBitsMap(i1* %block_dest_V), !map !133

]]></Node>
<StgValue><ssdm name="specbitsmap_ln0"/></StgValue>
</operation>

<operation id="16" st_id="1" stage="1" lat="1">
<core>NULL</core>
<MemPortIdVec></MemPortIdVec>
<condition id="-1">
<or_exp><and_exp></and_exp></or_exp>
</condition>

<Node id="32" bw="0" op_0_bw="0" op_1_bw="128">
<![CDATA[
:8  call void (...)* @_ssdm_op_SpecBitsMap(i128* %encrypted_data_V), !map !137

]]></Node>
<StgValue><ssdm name="specbitsmap_ln0"/></StgValue>
</operation>

<operation id="17" st_id="1" stage="1" lat="1">
<core>NULL</core>
<MemPortIdVec></MemPortIdVec>
<condition id="-1">
<or_exp><and_exp></and_exp></or_exp>
</condition>

<Node id="33" bw="0" op_0_bw="0" op_1_bw="16">
<![CDATA[
:9  call void (...)* @_ssdm_op_SpecBitsMap(i16* %encrypted_keep_V), !map !141

]]></Node>
<StgValue><ssdm name="specbitsmap_ln0"/></StgValue>
</operation>

<operation id="18" st_id="1" stage="1" lat="1">
<core>NULL</core>
<MemPortIdVec></MemPortIdVec>
<condition id="-1">
<or_exp><and_exp></and_exp></or_exp>
</condition>

<Node id="34" bw="0" op_0_bw="0" op_1_bw="16">
<![CDATA[
:10  call void (...)* @_ssdm_op_SpecBitsMap(i16* %encrypted_strb_V), !map !145

]]></Node>
<StgValue><ssdm name="specbitsmap_ln0"/></StgValue>
</operation>

<operation id="19" st_id="1" stage="1" lat="1">
<core>NULL</core>
<MemPortIdVec></MemPortIdVec>
<condition id="-1">
<or_exp><and_exp></and_exp></or_exp>
</condition>

<Node id="35" bw="0" op_0_bw="0" op_1_bw="1">
<![CDATA[
:11  call void (...)* @_ssdm_op_SpecBitsMap(i1* %encrypted_user_V), !map !149

]]></Node>
<StgValue><ssdm name="specbitsmap_ln0"/></StgValue>
</operation>

<operation id="20" st_id="1" stage="1" lat="1">
<core>NULL</core>
<MemPortIdVec></MemPortIdVec>
<condition id="-1">
<or_exp><and_exp></and_exp></or_exp>
</condition>

<Node id="36" bw="0" op_0_bw="0" op_1_bw="1">
<![CDATA[
:12  call void (...)* @_ssdm_op_SpecBitsMap(i1* %encrypted_last_V), !map !153

]]></Node>
<StgValue><ssdm name="specbitsmap_ln0"/></StgValue>
</operation>

<operation id="21" st_id="1" stage="1" lat="1">
<core>NULL</core>
<MemPortIdVec></MemPortIdVec>
<condition id="-1">
<or_exp><and_exp></and_exp></or_exp>
</condition>

<Node id="37" bw="0" op_0_bw="0" op_1_bw="1">
<![CDATA[
:13  call void (...)* @_ssdm_op_SpecBitsMap(i1* %encrypted_id_V), !map !157

]]></Node>
<StgValue><ssdm name="specbitsmap_ln0"/></StgValue>
</operation>

<operation id="22" st_id="1" stage="1" lat="1">
<core>NULL</core>
<MemPortIdVec></MemPortIdVec>
<condition id="-1">
<or_exp><and_exp></and_exp></or_exp>
</condition>

<Node id="38" bw="0" op_0_bw="0" op_1_bw="1">
<![CDATA[
:14  call void (...)* @_ssdm_op_SpecBitsMap(i1* %encrypted_dest_V), !map !161

]]></Node>
<StgValue><ssdm name="specbitsmap_ln0"/></StgValue>
</operation>

<operation id="23" st_id="1" stage="1" lat="1">
<core>NULL</core>
<MemPortIdVec></MemPortIdVec>
<condition id="-1">
<or_exp><and_exp></and_exp></or_exp>
</condition>

<Node id="39" bw="0" op_0_bw="0" op_1_bw="128">
<![CDATA[
:15  call void (...)* @_ssdm_op_SpecBitsMap(i128 %key_const_V), !map !165

]]></Node>
<StgValue><ssdm name="specbitsmap_ln0"/></StgValue>
</operation>

<operation id="24" st_id="1" stage="1" lat="1">
<core>NULL</core>
<MemPortIdVec></MemPortIdVec>
<condition id="-1">
<or_exp><and_exp></and_exp></or_exp>
</condition>

<Node id="40" bw="0" op_0_bw="0" op_1_bw="0">
<![CDATA[
:16  call void (...)* @_ssdm_op_SpecTopModule([17 x i8]* @aes_encrypt_impl_str) nounwind

]]></Node>
<StgValue><ssdm name="spectopmodule_ln0"/></StgValue>
</operation>

<operation id="25" st_id="1" stage="1" lat="1">
<core>RAM</core>
<MemPortIdVec></MemPortIdVec>
<condition id="-1">
<or_exp><and_exp></and_exp></or_exp>
</condition>

<Node id="41" bw="8" op_0_bw="64">
<![CDATA[
:17  %keyarr = alloca [16 x i8], align 16

]]></Node>
<StgValue><ssdm name="keyarr"/></StgValue>
</operation>

<operation id="26" st_id="1" stage="1" lat="1">
<core>RAM</core>
<MemPortIdVec></MemPortIdVec>
<condition id="-1">
<or_exp><and_exp></and_exp></or_exp>
</condition>

<Node id="42" bw="8" op_0_bw="64">
<![CDATA[
:18  %blockarr = alloca [16 x i8], align 16

]]></Node>
<StgValue><ssdm name="blockarr"/></StgValue>
</operation>

<operation id="27" st_id="1" stage="1" lat="1">
<core>RAM</core>
<MemPortIdVec></MemPortIdVec>
<condition id="-1">
<or_exp><and_exp></and_exp></or_exp>
</condition>

<Node id="43" bw="8" op_0_bw="64">
<![CDATA[
:19  %ansarr = alloca [16 x i8], align 16

]]></Node>
<StgValue><ssdm name="ansarr"/></StgValue>
</operation>

<operation id="28" st_id="1" stage="1" lat="1">
<core>NULL</core>
<MemPortIdVec></MemPortIdVec>
<condition id="-1">
<or_exp><and_exp></and_exp></or_exp>
</condition>

<Node id="44" bw="0" op_0_bw="0" op_1_bw="128" op_2_bw="16" op_3_bw="16" op_4_bw="1" op_5_bw="1" op_6_bw="1" op_7_bw="1" op_8_bw="0" op_9_bw="32" op_10_bw="32" op_11_bw="0" op_12_bw="32" op_13_bw="32" op_14_bw="0" op_15_bw="0" op_16_bw="0" op_17_bw="32" op_18_bw="32" op_19_bw="32" op_20_bw="32" op_21_bw="0" op_22_bw="0">
<![CDATA[
:20  call void (...)* @_ssdm_op_SpecInterface(i128* %encrypted_data_V, i16* %encrypted_keep_V, i16* %encrypted_strb_V, i1* %encrypted_user_V, i1* %encrypted_last_V, i1* %encrypted_id_V, i1* %encrypted_dest_V, [5 x i8]* @p_str, i32 1, i32 1, [5 x i8]* @p_str1, i32 0, i32 0, [1 x i8]* @p_str2, [1 x i8]* @p_str2, [1 x i8]* @p_str2, i32 0, i32 0, i32 0, i32 0, [1 x i8]* @p_str2, [1 x i8]* @p_str2) nounwind

]]></Node>
<StgValue><ssdm name="specinterface_ln83"/></StgValue>
</operation>

<operation id="29" st_id="1" stage="1" lat="1">
<core>NULL</core>
<MemPortIdVec></MemPortIdVec>
<condition id="-1">
<or_exp><and_exp></and_exp></or_exp>
</condition>

<Node id="45" bw="0" op_0_bw="0" op_1_bw="128" op_2_bw="16" op_3_bw="16" op_4_bw="1" op_5_bw="1" op_6_bw="1" op_7_bw="1" op_8_bw="0" op_9_bw="32" op_10_bw="32" op_11_bw="0" op_12_bw="32" op_13_bw="32" op_14_bw="0" op_15_bw="0" op_16_bw="0" op_17_bw="32" op_18_bw="32" op_19_bw="32" op_20_bw="32" op_21_bw="0" op_22_bw="0">
<![CDATA[
:21  call void (...)* @_ssdm_op_SpecInterface(i128* %block_data_V, i16* %block_keep_V, i16* %block_strb_V, i1* %block_user_V, i1* %block_last_V, i1* %block_id_V, i1* %block_dest_V, [5 x i8]* @p_str, i32 1, i32 1, [5 x i8]* @p_str1, i32 0, i32 0, [1 x i8]* @p_str2, [1 x i8]* @p_str2, [1 x i8]* @p_str2, i32 0, i32 0, i32 0, i32 0, [1 x i8]* @p_str2, [1 x i8]* @p_str2) nounwind

]]></Node>
<StgValue><ssdm name="specinterface_ln84"/></StgValue>
</operation>

<operation id="30" st_id="1" stage="1" lat="1">
<core>NULL</core>
<MemPortIdVec></MemPortIdVec>
<condition id="-1">
<or_exp><and_exp></and_exp></or_exp>
</condition>

<Node id="46" bw="0" op_0_bw="0" op_1_bw="128" op_2_bw="0" op_3_bw="32" op_4_bw="32" op_5_bw="0" op_6_bw="32" op_7_bw="32" op_8_bw="0" op_9_bw="0" op_10_bw="0" op_11_bw="32" op_12_bw="32" op_13_bw="32" op_14_bw="32" op_15_bw="0" op_16_bw="0">
<![CDATA[
:22  call void (...)* @_ssdm_op_SpecInterface(i128 %key_const_V, [10 x i8]* @p_str3, i32 0, i32 0, [1 x i8]* @p_str2, i32 0, i32 0, [1 x i8]* @p_str2, [1 x i8]* @p_str2, [1 x i8]* @p_str2, i32 0, i32 0, i32 0, i32 0, [1 x i8]* @p_str2, [1 x i8]* @p_str2) nounwind

]]></Node>
<StgValue><ssdm name="specinterface_ln85"/></StgValue>
</operation>

<operation id="31" st_id="1" stage="1" lat="1">
<core>NULL</core>
<MemPortIdVec></MemPortIdVec>
<condition id="-1">
<or_exp><and_exp></and_exp></or_exp>
</condition>

<Node id="47" bw="0" op_0_bw="0" op_1_bw="32" op_2_bw="0" op_3_bw="32" op_4_bw="32" op_5_bw="0" op_6_bw="32" op_7_bw="32" op_8_bw="0" op_9_bw="0" op_10_bw="0" op_11_bw="32" op_12_bw="32" op_13_bw="32" op_14_bw="32" op_15_bw="0" op_16_bw="0">
<![CDATA[
:23  call void (...)* @_ssdm_op_SpecInterface(i32 0, [13 x i8]* @p_str4, i32 0, i32 0, [1 x i8]* @p_str2, i32 0, i32 0, [1 x i8]* @p_str2, [1 x i8]* @p_str2, [1 x i8]* @p_str2, i32 0, i32 0, i32 0, i32 0, [1 x i8]* @p_str2, [1 x i8]* @p_str2) nounwind

]]></Node>
<StgValue><ssdm name="specinterface_ln86"/></StgValue>
</operation>

<operation id="32" st_id="1" stage="1" lat="1">
<core>AXI4Stream</core>
<MemPortIdVec></MemPortIdVec>
<condition id="-1">
<or_exp><and_exp></and_exp></or_exp>
</condition>

<Node id="48" bw="164" op_0_bw="164" op_1_bw="128" op_2_bw="16" op_3_bw="16" op_4_bw="1" op_5_bw="1" op_6_bw="1" op_7_bw="1">
<![CDATA[
:24  %empty = call { i128, i16, i16, i1, i1, i1, i1 } @_ssdm_op_Read.axis.volatile.i128P.i16P.i16P.i1P.i1P.i1P.i1P(i128* %block_data_V, i16* %block_keep_V, i16* %block_strb_V, i1* %block_user_V, i1* %block_last_V, i1* %block_id_V, i1* %block_dest_V)

]]></Node>
<StgValue><ssdm name="empty"/></StgValue>
</operation>

<operation id="33" st_id="1" stage="1" lat="1">
<core>NULL</core>
<MemPortIdVec></MemPortIdVec>
<condition id="-1">
<or_exp><and_exp></and_exp></or_exp>
</condition>

<Node id="49" bw="128" op_0_bw="164">
<![CDATA[
:25  %block_data_V_tmp = extractvalue { i128, i16, i16, i1, i1, i1, i1 } %empty, 0

]]></Node>
<StgValue><ssdm name="block_data_V_tmp"/></StgValue>
</operation>

<operation id="34" st_id="1" stage="1" lat="1">
<core>NULL</core>
<MemPortIdVec></MemPortIdVec>
<condition id="-1">
<or_exp><and_exp></and_exp></or_exp>
</condition>

<Node id="50" bw="16" op_0_bw="164">
<![CDATA[
:26  %block_keep_V_tmp = extractvalue { i128, i16, i16, i1, i1, i1, i1 } %empty, 1

]]></Node>
<StgValue><ssdm name="block_keep_V_tmp"/></StgValue>
</operation>

<operation id="35" st_id="1" stage="1" lat="1">
<core>NULL</core>
<MemPortIdVec></MemPortIdVec>
<condition id="-1">
<or_exp><and_exp></and_exp></or_exp>
</condition>

<Node id="51" bw="16" op_0_bw="164">
<![CDATA[
:27  %block_strb_V_tmp = extractvalue { i128, i16, i16, i1, i1, i1, i1 } %empty, 2

]]></Node>
<StgValue><ssdm name="block_strb_V_tmp"/></StgValue>
</operation>

<operation id="36" st_id="1" stage="1" lat="1">
<core>NULL</core>
<MemPortIdVec></MemPortIdVec>
<condition id="-1">
<or_exp><and_exp></and_exp></or_exp>
</condition>

<Node id="52" bw="1" op_0_bw="164">
<![CDATA[
:28  %block_user_V_tmp = extractvalue { i128, i16, i16, i1, i1, i1, i1 } %empty, 3

]]></Node>
<StgValue><ssdm name="block_user_V_tmp"/></StgValue>
</operation>

<operation id="37" st_id="1" stage="1" lat="1">
<core>NULL</core>
<MemPortIdVec></MemPortIdVec>
<condition id="-1">
<or_exp><and_exp></and_exp></or_exp>
</condition>

<Node id="53" bw="1" op_0_bw="164">
<![CDATA[
:29  %block_last_V_tmp = extractvalue { i128, i16, i16, i1, i1, i1, i1 } %empty, 4

]]></Node>
<StgValue><ssdm name="block_last_V_tmp"/></StgValue>
</operation>

<operation id="38" st_id="1" stage="1" lat="1">
<core>NULL</core>
<MemPortIdVec></MemPortIdVec>
<condition id="-1">
<or_exp><and_exp></and_exp></or_exp>
</condition>

<Node id="54" bw="1" op_0_bw="164">
<![CDATA[
:30  %block_id_V_tmp = extractvalue { i128, i16, i16, i1, i1, i1, i1 } %empty, 5

]]></Node>
<StgValue><ssdm name="block_id_V_tmp"/></StgValue>
</operation>

<operation id="39" st_id="1" stage="1" lat="1">
<core>NULL</core>
<MemPortIdVec></MemPortIdVec>
<condition id="-1">
<or_exp><and_exp></and_exp></or_exp>
</condition>

<Node id="55" bw="1" op_0_bw="164">
<![CDATA[
:31  %block_dest_V_tmp = extractvalue { i128, i16, i16, i1, i1, i1, i1 } %empty, 6

]]></Node>
<StgValue><ssdm name="block_dest_V_tmp"/></StgValue>
</operation>

<operation id="40" st_id="1" stage="1" lat="1">
<core>NULL</core>
<MemPortIdVec></MemPortIdVec>
<condition id="-1">
<or_exp><and_exp></and_exp></or_exp>
</condition>

<Node id="56" bw="0" op_0_bw="0">
<![CDATA[
:32  br label %1

]]></Node>
<StgValue><ssdm name="br_ln69"/></StgValue>
</operation>
</state>

<state id="2" st_id="2">

<operation id="41" st_id="2" stage="1" lat="1">
<core>NULL</core>
<MemPortIdVec></MemPortIdVec>
<condition id="-1">
<or_exp><and_exp></and_exp></or_exp>
</condition>

<Node id="58" bw="5" op_0_bw="5" op_1_bw="0" op_2_bw="5" op_3_bw="0">
<![CDATA[
:0  %i_0_i = phi i5 [ 0, %0 ], [ %i, %_ZrsILi128ELb0EEN11ap_int_baseIXT_EXT0_EE5RTypeIXT_EXT0_EE4arg1ERKS1_i.exit.i ]

]]></Node>
<StgValue><ssdm name="i_0_i"/></StgValue>
</operation>

<operation id="42" st_id="2" stage="1" lat="1">
<core>Cmp</core>
<MemPortIdVec></MemPortIdVec>
<condition id="-1">
<or_exp><and_exp></and_exp></or_exp>
</condition>

<Node id="59" bw="1" op_0_bw="5" op_1_bw="5">
<![CDATA[
:1  %icmp_ln69 = icmp eq i5 %i_0_i, -16

]]></Node>
<StgValue><ssdm name="icmp_ln69"/></StgValue>
</operation>

<operation id="43" st_id="2" stage="1" lat="1">
<core>NULL</core>
<MemPortIdVec></MemPortIdVec>
<condition id="-1">
<or_exp><and_exp></and_exp></or_exp>
</condition>

<Node id="60" bw="32" op_0_bw="32" op_1_bw="64" op_2_bw="64" op_3_bw="64">
<![CDATA[
:2  %empty_8 = call i32 (...)* @_ssdm_op_SpecLoopTripCount(i64 16, i64 16, i64 16)

]]></Node>
<StgValue><ssdm name="empty_8"/></StgValue>
</operation>

<operation id="44" st_id="2" stage="1" lat="1">
<core>AddSub</core>
<MemPortIdVec></MemPortIdVec>
<condition id="-1">
<or_exp><and_exp></and_exp></or_exp>
</condition>

<Node id="61" bw="5" op_0_bw="5" op_1_bw="5">
<![CDATA[
:3  %i = add i5 %i_0_i, 1

]]></Node>
<StgValue><ssdm name="i"/></StgValue>
</operation>

<operation id="45" st_id="2" stage="1" lat="1">
<core>NULL</core>
<MemPortIdVec></MemPortIdVec>
<condition id="-1">
<or_exp><and_exp></and_exp></or_exp>
</condition>

<Node id="62" bw="0" op_0_bw="1" op_1_bw="0" op_2_bw="0">
<![CDATA[
:4  br i1 %icmp_ln69, label %bigIntToArr.exit.preheader, label %_ZrsILi128ELb0EEN11ap_int_baseIXT_EXT0_EE5RTypeIXT_EXT0_EE4arg1ERKS1_i.exit.i

]]></Node>
<StgValue><ssdm name="br_ln69"/></StgValue>
</operation>

<operation id="46" st_id="2" stage="1" lat="1">
<core>NULL</core>
<MemPortIdVec></MemPortIdVec>
<condition id="-1">
<or_exp><and_exp><literal name="icmp_ln69" val="0"/>
</and_exp></or_exp>
</condition>

<Node id="64" bw="4" op_0_bw="5">
<![CDATA[
_ZrsILi128ELb0EEN11ap_int_baseIXT_EXT0_EE5RTypeIXT_EXT0_EE4arg1ERKS1_i.exit.i:0  %trunc_ln70 = trunc i5 %i_0_i to i4

]]></Node>
<StgValue><ssdm name="trunc_ln70"/></StgValue>
</operation>

<operation id="47" st_id="2" stage="1" lat="1">
<core>NULL</core>
<MemPortIdVec></MemPortIdVec>
<condition id="-1">
<or_exp><and_exp><literal name="icmp_ln69" val="0"/>
</and_exp></or_exp>
</condition>

<Node id="65" bw="7" op_0_bw="7" op_1_bw="4" op_2_bw="3">
<![CDATA[
_ZrsILi128ELb0EEN11ap_int_baseIXT_EXT0_EE5RTypeIXT_EXT0_EE4arg1ERKS1_i.exit.i:1  %op2_assign = call i7 @_ssdm_op_BitConcatenate.i7.i4.i3(i4 %trunc_ln70, i3 0)

]]></Node>
<StgValue><ssdm name="op2_assign"/></StgValue>
</operation>

<operation id="48" st_id="2" stage="1" lat="1">
<core>NULL</core>
<MemPortIdVec></MemPortIdVec>
<condition id="-1">
<or_exp><and_exp><literal name="icmp_ln69" val="0"/>
</and_exp></or_exp>
</condition>

<Node id="66" bw="128" op_0_bw="7">
<![CDATA[
_ZrsILi128ELb0EEN11ap_int_baseIXT_EXT0_EE5RTypeIXT_EXT0_EE4arg1ERKS1_i.exit.i:2  %zext_ln1503 = zext i7 %op2_assign to i128

]]></Node>
<StgValue><ssdm name="zext_ln1503"/></StgValue>
</operation>

<operation id="49" st_id="2" stage="1" lat="1">
<core>Shift</core>
<MemPortIdVec></MemPortIdVec>
<condition id="-1">
<or_exp><and_exp><literal name="icmp_ln69" val="0"/>
</and_exp></or_exp>
</condition>

<Node id="67" bw="128" op_0_bw="128" op_1_bw="128">
<![CDATA[
_ZrsILi128ELb0EEN11ap_int_baseIXT_EXT0_EE5RTypeIXT_EXT0_EE4arg1ERKS1_i.exit.i:3  %lshr_ln1503 = lshr i128 %block_data_V_tmp, %zext_ln1503

]]></Node>
<StgValue><ssdm name="lshr_ln1503"/></StgValue>
</operation>

<operation id="50" st_id="2" stage="1" lat="1">
<core>NULL</core>
<MemPortIdVec></MemPortIdVec>
<condition id="-1">
<or_exp><and_exp><literal name="icmp_ln69" val="0"/>
</and_exp></or_exp>
</condition>

<Node id="68" bw="8" op_0_bw="128">
<![CDATA[
_ZrsILi128ELb0EEN11ap_int_baseIXT_EXT0_EE5RTypeIXT_EXT0_EE4arg1ERKS1_i.exit.i:4  %trunc_ln1503 = trunc i128 %lshr_ln1503 to i8

]]></Node>
<StgValue><ssdm name="trunc_ln1503"/></StgValue>
</operation>

<operation id="51" st_id="2" stage="1" lat="1">
<core>AddSub</core>
<MemPortIdVec></MemPortIdVec>
<condition id="-1">
<or_exp><and_exp><literal name="icmp_ln69" val="0"/>
</and_exp></or_exp>
</condition>

<Node id="69" bw="5" op_0_bw="5" op_1_bw="5">
<![CDATA[
_ZrsILi128ELb0EEN11ap_int_baseIXT_EXT0_EE5RTypeIXT_EXT0_EE4arg1ERKS1_i.exit.i:5  %sub_ln70 = sub i5 15, %i_0_i

]]></Node>
<StgValue><ssdm name="sub_ln70"/></StgValue>
</operation>

<operation id="52" st_id="2" stage="1" lat="1">
<core>NULL</core>
<MemPortIdVec></MemPortIdVec>
<condition id="-1">
<or_exp><and_exp><literal name="icmp_ln69" val="0"/>
</and_exp></or_exp>
</condition>

<Node id="70" bw="64" op_0_bw="5">
<![CDATA[
_ZrsILi128ELb0EEN11ap_int_baseIXT_EXT0_EE5RTypeIXT_EXT0_EE4arg1ERKS1_i.exit.i:6  %zext_ln70 = zext i5 %sub_ln70 to i64

]]></Node>
<StgValue><ssdm name="zext_ln70"/></StgValue>
</operation>

<operation id="53" st_id="2" stage="1" lat="1">
<core>NULL</core>
<MemPortIdVec></MemPortIdVec>
<condition id="-1">
<or_exp><and_exp><literal name="icmp_ln69" val="0"/>
</and_exp></or_exp>
</condition>

<Node id="71" bw="4" op_0_bw="8" op_1_bw="64" op_2_bw="64">
<![CDATA[
_ZrsILi128ELb0EEN11ap_int_baseIXT_EXT0_EE5RTypeIXT_EXT0_EE4arg1ERKS1_i.exit.i:7  %blockarr_addr = getelementptr [16 x i8]* %blockarr, i64 0, i64 %zext_ln70

]]></Node>
<StgValue><ssdm name="blockarr_addr"/></StgValue>
</operation>

<operation id="54" st_id="2" stage="1" lat="1">
<core>RAM</core>
<MemPortIdVec></MemPortIdVec>
<condition id="-1">
<or_exp><and_exp><literal name="icmp_ln69" val="0"/>
</and_exp></or_exp>
</condition>

<Node id="72" bw="0" op_0_bw="8" op_1_bw="4">
<![CDATA[
_ZrsILi128ELb0EEN11ap_int_baseIXT_EXT0_EE5RTypeIXT_EXT0_EE4arg1ERKS1_i.exit.i:8  store i8 %trunc_ln1503, i8* %blockarr_addr, align 1

]]></Node>
<StgValue><ssdm name="store_ln70"/></StgValue>
</operation>

<operation id="55" st_id="2" stage="1" lat="1">
<core>NULL</core>
<MemPortIdVec></MemPortIdVec>
<condition id="-1">
<or_exp><and_exp><literal name="icmp_ln69" val="0"/>
</and_exp></or_exp>
</condition>

<Node id="73" bw="0" op_0_bw="0">
<![CDATA[
_ZrsILi128ELb0EEN11ap_int_baseIXT_EXT0_EE5RTypeIXT_EXT0_EE4arg1ERKS1_i.exit.i:9  br label %1

]]></Node>
<StgValue><ssdm name="br_ln69"/></StgValue>
</operation>

<operation id="56" st_id="2" stage="1" lat="1">
<core>NULL</core>
<MemPortIdVec></MemPortIdVec>
<condition id="-1">
<or_exp><and_exp><literal name="icmp_ln69" val="1"/>
</and_exp></or_exp>
</condition>

<Node id="75" bw="0" op_0_bw="0">
<![CDATA[
bigIntToArr.exit.preheader:0  br label %bigIntToArr.exit

]]></Node>
<StgValue><ssdm name="br_ln69"/></StgValue>
</operation>
</state>

<state id="3" st_id="3">

<operation id="57" st_id="3" stage="1" lat="1">
<core>NULL</core>
<MemPortIdVec></MemPortIdVec>
<condition id="-1">
<or_exp><and_exp></and_exp></or_exp>
</condition>

<Node id="77" bw="5" op_0_bw="5" op_1_bw="0" op_2_bw="5" op_3_bw="0">
<![CDATA[
bigIntToArr.exit:0  %i_0_i2 = phi i5 [ %i_2, %_ZrsILi128ELb0EEN11ap_int_baseIXT_EXT0_EE5RTypeIXT_EXT0_EE4arg1ERKS1_i.exit.i12 ], [ 0, %bigIntToArr.exit.preheader ]

]]></Node>
<StgValue><ssdm name="i_0_i2"/></StgValue>
</operation>

<operation id="58" st_id="3" stage="1" lat="1">
<core>Cmp</core>
<MemPortIdVec></MemPortIdVec>
<condition id="-1">
<or_exp><and_exp></and_exp></or_exp>
</condition>

<Node id="78" bw="1" op_0_bw="5" op_1_bw="5">
<![CDATA[
bigIntToArr.exit:1  %icmp_ln69_1 = icmp eq i5 %i_0_i2, -16

]]></Node>
<StgValue><ssdm name="icmp_ln69_1"/></StgValue>
</operation>

<operation id="59" st_id="3" stage="1" lat="1">
<core>NULL</core>
<MemPortIdVec></MemPortIdVec>
<condition id="-1">
<or_exp><and_exp></and_exp></or_exp>
</condition>

<Node id="79" bw="32" op_0_bw="32" op_1_bw="64" op_2_bw="64" op_3_bw="64">
<![CDATA[
bigIntToArr.exit:2  %empty_9 = call i32 (...)* @_ssdm_op_SpecLoopTripCount(i64 16, i64 16, i64 16)

]]></Node>
<StgValue><ssdm name="empty_9"/></StgValue>
</operation>

<operation id="60" st_id="3" stage="1" lat="1">
<core>AddSub</core>
<MemPortIdVec></MemPortIdVec>
<condition id="-1">
<or_exp><and_exp></and_exp></or_exp>
</condition>

<Node id="80" bw="5" op_0_bw="5" op_1_bw="5">
<![CDATA[
bigIntToArr.exit:3  %i_2 = add i5 %i_0_i2, 1

]]></Node>
<StgValue><ssdm name="i_2"/></StgValue>
</operation>

<operation id="61" st_id="3" stage="1" lat="1">
<core>NULL</core>
<MemPortIdVec></MemPortIdVec>
<condition id="-1">
<or_exp><and_exp></and_exp></or_exp>
</condition>

<Node id="81" bw="0" op_0_bw="1" op_1_bw="0" op_2_bw="0">
<![CDATA[
bigIntToArr.exit:4  br i1 %icmp_ln69_1, label %bigIntToArr.exit13, label %_ZrsILi128ELb0EEN11ap_int_baseIXT_EXT0_EE5RTypeIXT_EXT0_EE4arg1ERKS1_i.exit.i12

]]></Node>
<StgValue><ssdm name="br_ln69"/></StgValue>
</operation>

<operation id="62" st_id="3" stage="1" lat="1">
<core>NULL</core>
<MemPortIdVec></MemPortIdVec>
<condition id="-1">
<or_exp><and_exp><literal name="icmp_ln69_1" val="0"/>
</and_exp></or_exp>
</condition>

<Node id="83" bw="4" op_0_bw="5">
<![CDATA[
_ZrsILi128ELb0EEN11ap_int_baseIXT_EXT0_EE5RTypeIXT_EXT0_EE4arg1ERKS1_i.exit.i12:0  %trunc_ln70_1 = trunc i5 %i_0_i2 to i4

]]></Node>
<StgValue><ssdm name="trunc_ln70_1"/></StgValue>
</operation>

<operation id="63" st_id="3" stage="1" lat="1">
<core>NULL</core>
<MemPortIdVec></MemPortIdVec>
<condition id="-1">
<or_exp><and_exp><literal name="icmp_ln69_1" val="0"/>
</and_exp></or_exp>
</condition>

<Node id="84" bw="7" op_0_bw="7" op_1_bw="4" op_2_bw="3">
<![CDATA[
_ZrsILi128ELb0EEN11ap_int_baseIXT_EXT0_EE5RTypeIXT_EXT0_EE4arg1ERKS1_i.exit.i12:1  %op2_assign_1 = call i7 @_ssdm_op_BitConcatenate.i7.i4.i3(i4 %trunc_ln70_1, i3 0)

]]></Node>
<StgValue><ssdm name="op2_assign_1"/></StgValue>
</operation>

<operation id="64" st_id="3" stage="1" lat="1">
<core>NULL</core>
<MemPortIdVec></MemPortIdVec>
<condition id="-1">
<or_exp><and_exp><literal name="icmp_ln69_1" val="0"/>
</and_exp></or_exp>
</condition>

<Node id="85" bw="128" op_0_bw="7">
<![CDATA[
_ZrsILi128ELb0EEN11ap_int_baseIXT_EXT0_EE5RTypeIXT_EXT0_EE4arg1ERKS1_i.exit.i12:2  %zext_ln1503_1 = zext i7 %op2_assign_1 to i128

]]></Node>
<StgValue><ssdm name="zext_ln1503_1"/></StgValue>
</operation>

<operation id="65" st_id="3" stage="1" lat="1">
<core>Shift</core>
<MemPortIdVec></MemPortIdVec>
<condition id="-1">
<or_exp><and_exp><literal name="icmp_ln69_1" val="0"/>
</and_exp></or_exp>
</condition>

<Node id="86" bw="128" op_0_bw="128" op_1_bw="128">
<![CDATA[
_ZrsILi128ELb0EEN11ap_int_baseIXT_EXT0_EE5RTypeIXT_EXT0_EE4arg1ERKS1_i.exit.i12:3  %lshr_ln1503_1 = lshr i128 %key_const_V_read, %zext_ln1503_1

]]></Node>
<StgValue><ssdm name="lshr_ln1503_1"/></StgValue>
</operation>

<operation id="66" st_id="3" stage="1" lat="1">
<core>NULL</core>
<MemPortIdVec></MemPortIdVec>
<condition id="-1">
<or_exp><and_exp><literal name="icmp_ln69_1" val="0"/>
</and_exp></or_exp>
</condition>

<Node id="87" bw="8" op_0_bw="128">
<![CDATA[
_ZrsILi128ELb0EEN11ap_int_baseIXT_EXT0_EE5RTypeIXT_EXT0_EE4arg1ERKS1_i.exit.i12:4  %trunc_ln1503_1 = trunc i128 %lshr_ln1503_1 to i8

]]></Node>
<StgValue><ssdm name="trunc_ln1503_1"/></StgValue>
</operation>

<operation id="67" st_id="3" stage="1" lat="1">
<core>AddSub</core>
<MemPortIdVec></MemPortIdVec>
<condition id="-1">
<or_exp><and_exp><literal name="icmp_ln69_1" val="0"/>
</and_exp></or_exp>
</condition>

<Node id="88" bw="5" op_0_bw="5" op_1_bw="5">
<![CDATA[
_ZrsILi128ELb0EEN11ap_int_baseIXT_EXT0_EE5RTypeIXT_EXT0_EE4arg1ERKS1_i.exit.i12:5  %sub_ln70_1 = sub i5 15, %i_0_i2

]]></Node>
<StgValue><ssdm name="sub_ln70_1"/></StgValue>
</operation>

<operation id="68" st_id="3" stage="1" lat="1">
<core>NULL</core>
<MemPortIdVec></MemPortIdVec>
<condition id="-1">
<or_exp><and_exp><literal name="icmp_ln69_1" val="0"/>
</and_exp></or_exp>
</condition>

<Node id="89" bw="64" op_0_bw="5">
<![CDATA[
_ZrsILi128ELb0EEN11ap_int_baseIXT_EXT0_EE5RTypeIXT_EXT0_EE4arg1ERKS1_i.exit.i12:6  %zext_ln70_4 = zext i5 %sub_ln70_1 to i64

]]></Node>
<StgValue><ssdm name="zext_ln70_4"/></StgValue>
</operation>

<operation id="69" st_id="3" stage="1" lat="1">
<core>NULL</core>
<MemPortIdVec></MemPortIdVec>
<condition id="-1">
<or_exp><and_exp><literal name="icmp_ln69_1" val="0"/>
</and_exp></or_exp>
</condition>

<Node id="90" bw="4" op_0_bw="8" op_1_bw="64" op_2_bw="64">
<![CDATA[
_ZrsILi128ELb0EEN11ap_int_baseIXT_EXT0_EE5RTypeIXT_EXT0_EE4arg1ERKS1_i.exit.i12:7  %keyarr_addr = getelementptr [16 x i8]* %keyarr, i64 0, i64 %zext_ln70_4

]]></Node>
<StgValue><ssdm name="keyarr_addr"/></StgValue>
</operation>

<operation id="70" st_id="3" stage="1" lat="1">
<core>RAM</core>
<MemPortIdVec></MemPortIdVec>
<condition id="-1">
<or_exp><and_exp><literal name="icmp_ln69_1" val="0"/>
</and_exp></or_exp>
</condition>

<Node id="91" bw="0" op_0_bw="8" op_1_bw="4">
<![CDATA[
_ZrsILi128ELb0EEN11ap_int_baseIXT_EXT0_EE5RTypeIXT_EXT0_EE4arg1ERKS1_i.exit.i12:8  store i8 %trunc_ln1503_1, i8* %keyarr_addr, align 1

]]></Node>
<StgValue><ssdm name="store_ln70"/></StgValue>
</operation>

<operation id="71" st_id="3" stage="1" lat="1">
<core>NULL</core>
<MemPortIdVec></MemPortIdVec>
<condition id="-1">
<or_exp><and_exp><literal name="icmp_ln69_1" val="0"/>
</and_exp></or_exp>
</condition>

<Node id="92" bw="0" op_0_bw="0">
<![CDATA[
_ZrsILi128ELb0EEN11ap_int_baseIXT_EXT0_EE5RTypeIXT_EXT0_EE4arg1ERKS1_i.exit.i12:9  br label %bigIntToArr.exit

]]></Node>
<StgValue><ssdm name="br_ln69"/></StgValue>
</operation>

<operation id="72" st_id="3" stage="2" lat="2">
<core></core>
<MemPortIdVec></MemPortIdVec>
<condition id="-1">
<or_exp><and_exp><literal name="icmp_ln69_1" val="1"/>
</and_exp></or_exp>
</condition>

<Node id="94" bw="0" op_0_bw="0" op_1_bw="8" op_2_bw="8" op_3_bw="8" op_4_bw="8" op_5_bw="32" op_6_bw="8" op_7_bw="8">
<![CDATA[
bigIntToArr.exit13:0  call fastcc void @aes_encrypt([16 x i8]* %blockarr, [16 x i8]* %keyarr, [16 x i8]* %ansarr)

]]></Node>
<StgValue><ssdm name="call_ln94"/></StgValue>
</operation>
</state>

<state id="4" st_id="4">

<operation id="73" st_id="4" stage="1" lat="2">
<core></core>
<MemPortIdVec></MemPortIdVec>
<condition id="-1">
<or_exp><and_exp></and_exp></or_exp>
</condition>

<Node id="94" bw="0" op_0_bw="0" op_1_bw="8" op_2_bw="8" op_3_bw="8" op_4_bw="8" op_5_bw="32" op_6_bw="8" op_7_bw="8">
<![CDATA[
bigIntToArr.exit13:0  call fastcc void @aes_encrypt([16 x i8]* %blockarr, [16 x i8]* %keyarr, [16 x i8]* %ansarr)

]]></Node>
<StgValue><ssdm name="call_ln94"/></StgValue>
</operation>

<operation id="74" st_id="4" stage="1" lat="1">
<core>NULL</core>
<MemPortIdVec></MemPortIdVec>
<condition id="-1">
<or_exp><and_exp></and_exp></or_exp>
</condition>

<Node id="95" bw="0" op_0_bw="0">
<![CDATA[
bigIntToArr.exit13:1  br label %2

]]></Node>
<StgValue><ssdm name="br_ln76"/></StgValue>
</operation>
</state>

<state id="5" st_id="5">

<operation id="75" st_id="5" stage="1" lat="1">
<core>NULL</core>
<MemPortIdVec></MemPortIdVec>
<condition id="-1">
<or_exp><and_exp></and_exp></or_exp>
</condition>

<Node id="97" bw="128" op_0_bw="128" op_1_bw="0" op_2_bw="128" op_3_bw="0">
<![CDATA[
:0  %ansEncrypt_V = phi i128 [ 0, %bigIntToArr.exit13 ], [ %ans_V, %_ZlsILi128ELb0EEN11ap_int_baseIXT_EXT0_EE5RTypeIXT_EXT0_EE4arg1ERKS1_i.exit.i ]

]]></Node>
<StgValue><ssdm name="ansEncrypt_V"/></StgValue>
</operation>

<operation id="76" st_id="5" stage="1" lat="1">
<core>NULL</core>
<MemPortIdVec></MemPortIdVec>
<condition id="-1">
<or_exp><and_exp></and_exp></or_exp>
</condition>

<Node id="98" bw="5" op_0_bw="5" op_1_bw="0" op_2_bw="5" op_3_bw="0">
<![CDATA[
:1  %i_0_i14 = phi i5 [ 0, %bigIntToArr.exit13 ], [ %i_3, %_ZlsILi128ELb0EEN11ap_int_baseIXT_EXT0_EE5RTypeIXT_EXT0_EE4arg1ERKS1_i.exit.i ]

]]></Node>
<StgValue><ssdm name="i_0_i14"/></StgValue>
</operation>

<operation id="77" st_id="5" stage="1" lat="1">
<core>Cmp</core>
<MemPortIdVec></MemPortIdVec>
<condition id="-1">
<or_exp><and_exp></and_exp></or_exp>
</condition>

<Node id="99" bw="1" op_0_bw="5" op_1_bw="5">
<![CDATA[
:2  %icmp_ln76 = icmp eq i5 %i_0_i14, -16

]]></Node>
<StgValue><ssdm name="icmp_ln76"/></StgValue>
</operation>

<operation id="78" st_id="5" stage="1" lat="1">
<core>NULL</core>
<MemPortIdVec></MemPortIdVec>
<condition id="-1">
<or_exp><and_exp></and_exp></or_exp>
</condition>

<Node id="100" bw="32" op_0_bw="32" op_1_bw="64" op_2_bw="64" op_3_bw="64">
<![CDATA[
:3  %empty_10 = call i32 (...)* @_ssdm_op_SpecLoopTripCount(i64 16, i64 16, i64 16)

]]></Node>
<StgValue><ssdm name="empty_10"/></StgValue>
</operation>

<operation id="79" st_id="5" stage="1" lat="1">
<core>AddSub</core>
<MemPortIdVec></MemPortIdVec>
<condition id="-1">
<or_exp><and_exp></and_exp></or_exp>
</condition>

<Node id="101" bw="5" op_0_bw="5" op_1_bw="5">
<![CDATA[
:4  %i_3 = add i5 %i_0_i14, 1

]]></Node>
<StgValue><ssdm name="i_3"/></StgValue>
</operation>

<operation id="80" st_id="5" stage="1" lat="1">
<core>NULL</core>
<MemPortIdVec></MemPortIdVec>
<condition id="-1">
<or_exp><and_exp></and_exp></or_exp>
</condition>

<Node id="102" bw="0" op_0_bw="1" op_1_bw="0" op_2_bw="0">
<![CDATA[
:5  br i1 %icmp_ln76, label %arrToBigInt.exit, label %_ZlsILi128ELb0EEN11ap_int_baseIXT_EXT0_EE5RTypeIXT_EXT0_EE4arg1ERKS1_i.exit.i

]]></Node>
<StgValue><ssdm name="br_ln76"/></StgValue>
</operation>

<operation id="81" st_id="5" stage="1" lat="1">
<core>NULL</core>
<MemPortIdVec></MemPortIdVec>
<condition id="-1">
<or_exp><and_exp><literal name="icmp_ln76" val="0"/>
</and_exp></or_exp>
</condition>

<Node id="104" bw="64" op_0_bw="5">
<![CDATA[
_ZlsILi128ELb0EEN11ap_int_baseIXT_EXT0_EE5RTypeIXT_EXT0_EE4arg1ERKS1_i.exit.i:0  %zext_ln77 = zext i5 %i_0_i14 to i64

]]></Node>
<StgValue><ssdm name="zext_ln77"/></StgValue>
</operation>

<operation id="82" st_id="5" stage="1" lat="1">
<core>NULL</core>
<MemPortIdVec></MemPortIdVec>
<condition id="-1">
<or_exp><and_exp><literal name="icmp_ln76" val="0"/>
</and_exp></or_exp>
</condition>

<Node id="105" bw="4" op_0_bw="8" op_1_bw="64" op_2_bw="64">
<![CDATA[
_ZlsILi128ELb0EEN11ap_int_baseIXT_EXT0_EE5RTypeIXT_EXT0_EE4arg1ERKS1_i.exit.i:1  %ansarr_addr = getelementptr [16 x i8]* %ansarr, i64 0, i64 %zext_ln77

]]></Node>
<StgValue><ssdm name="ansarr_addr"/></StgValue>
</operation>

<operation id="83" st_id="5" stage="2" lat="2">
<core>RAM</core>
<MemPortIdVec></MemPortIdVec>
<condition id="-1">
<or_exp><and_exp><literal name="icmp_ln76" val="0"/>
</and_exp></or_exp>
</condition>

<Node id="106" bw="8" op_0_bw="4">
<![CDATA[
_ZlsILi128ELb0EEN11ap_int_baseIXT_EXT0_EE5RTypeIXT_EXT0_EE4arg1ERKS1_i.exit.i:2  %ansarr_load = load i8* %ansarr_addr, align 1

]]></Node>
<StgValue><ssdm name="ansarr_load"/></StgValue>
</operation>

<operation id="84" st_id="5" stage="1" lat="1">
<core>NULL</core>
<MemPortIdVec></MemPortIdVec>
<condition id="-1">
<or_exp><and_exp><literal name="icmp_ln76" val="0"/>
</and_exp></or_exp>
</condition>

<Node id="108" bw="4" op_0_bw="5">
<![CDATA[
_ZlsILi128ELb0EEN11ap_int_baseIXT_EXT0_EE5RTypeIXT_EXT0_EE4arg1ERKS1_i.exit.i:4  %trunc_ln77 = trunc i5 %i_0_i14 to i4

]]></Node>
<StgValue><ssdm name="trunc_ln77"/></StgValue>
</operation>

<operation id="85" st_id="5" stage="2" lat="2">
<core>AXI4Stream</core>
<MemPortIdVec></MemPortIdVec>
<condition id="-1">
<or_exp><and_exp><literal name="icmp_ln76" val="1"/>
</and_exp></or_exp>
</condition>

<Node id="116" bw="0" op_0_bw="0" op_1_bw="128" op_2_bw="16" op_3_bw="16" op_4_bw="1" op_5_bw="1" op_6_bw="1" op_7_bw="1" op_8_bw="128" op_9_bw="16" op_10_bw="16" op_11_bw="1" op_12_bw="1" op_13_bw="1" op_14_bw="1">
<![CDATA[
arrToBigInt.exit:0  call void @_ssdm_op_Write.axis.volatile.i128P.i16P.i16P.i1P.i1P.i1P.i1P(i128* %encrypted_data_V, i16* %encrypted_keep_V, i16* %encrypted_strb_V, i1* %encrypted_user_V, i1* %encrypted_last_V, i1* %encrypted_id_V, i1* %encrypted_dest_V, i128 %ansEncrypt_V, i16 %block_keep_V_tmp, i16 %block_strb_V_tmp, i1 %block_user_V_tmp, i1 %block_last_V_tmp, i1 %block_id_V_tmp, i1 %block_dest_V_tmp)

]]></Node>
<StgValue><ssdm name="write_ln82"/></StgValue>
</operation>
</state>

<state id="6" st_id="6">

<operation id="86" st_id="6" stage="1" lat="2">
<core>RAM</core>
<MemPortIdVec></MemPortIdVec>
<condition id="-1">
<or_exp><and_exp></and_exp></or_exp>
</condition>

<Node id="106" bw="8" op_0_bw="4">
<![CDATA[
_ZlsILi128ELb0EEN11ap_int_baseIXT_EXT0_EE5RTypeIXT_EXT0_EE4arg1ERKS1_i.exit.i:2  %ansarr_load = load i8* %ansarr_addr, align 1

]]></Node>
<StgValue><ssdm name="ansarr_load"/></StgValue>
</operation>

<operation id="87" st_id="6" stage="1" lat="1">
<core>NULL</core>
<MemPortIdVec></MemPortIdVec>
<condition id="-1">
<or_exp><and_exp></and_exp></or_exp>
</condition>

<Node id="107" bw="128" op_0_bw="8">
<![CDATA[
_ZlsILi128ELb0EEN11ap_int_baseIXT_EXT0_EE5RTypeIXT_EXT0_EE4arg1ERKS1_i.exit.i:3  %zext_ln298 = zext i8 %ansarr_load to i128

]]></Node>
<StgValue><ssdm name="zext_ln298"/></StgValue>
</operation>

<operation id="88" st_id="6" stage="1" lat="1">
<core>NULL</core>
<MemPortIdVec></MemPortIdVec>
<condition id="-1">
<or_exp><and_exp></and_exp></or_exp>
</condition>

<Node id="109" bw="7" op_0_bw="7" op_1_bw="4" op_2_bw="3">
<![CDATA[
_ZlsILi128ELb0EEN11ap_int_baseIXT_EXT0_EE5RTypeIXT_EXT0_EE4arg1ERKS1_i.exit.i:5  %shl_ln = call i7 @_ssdm_op_BitConcatenate.i7.i4.i3(i4 %trunc_ln77, i3 0)

]]></Node>
<StgValue><ssdm name="shl_ln"/></StgValue>
</operation>

<operation id="89" st_id="6" stage="1" lat="1">
<core>AddSub</core>
<MemPortIdVec></MemPortIdVec>
<condition id="-1">
<or_exp><and_exp></and_exp></or_exp>
</condition>

<Node id="110" bw="7" op_0_bw="7" op_1_bw="7">
<![CDATA[
_ZlsILi128ELb0EEN11ap_int_baseIXT_EXT0_EE5RTypeIXT_EXT0_EE4arg1ERKS1_i.exit.i:6  %sub_ln77 = sub i7 -8, %shl_ln

]]></Node>
<StgValue><ssdm name="sub_ln77"/></StgValue>
</operation>

<operation id="90" st_id="6" stage="1" lat="1">
<core>NULL</core>
<MemPortIdVec></MemPortIdVec>
<condition id="-1">
<or_exp><and_exp></and_exp></or_exp>
</condition>

<Node id="111" bw="128" op_0_bw="7">
<![CDATA[
_ZlsILi128ELb0EEN11ap_int_baseIXT_EXT0_EE5RTypeIXT_EXT0_EE4arg1ERKS1_i.exit.i:7  %zext_ln1503_2 = zext i7 %sub_ln77 to i128

]]></Node>
<StgValue><ssdm name="zext_ln1503_2"/></StgValue>
</operation>

<operation id="91" st_id="6" stage="1" lat="1">
<core>Shift</core>
<MemPortIdVec></MemPortIdVec>
<condition id="-1">
<or_exp><and_exp></and_exp></or_exp>
</condition>

<Node id="112" bw="128" op_0_bw="128" op_1_bw="128">
<![CDATA[
_ZlsILi128ELb0EEN11ap_int_baseIXT_EXT0_EE5RTypeIXT_EXT0_EE4arg1ERKS1_i.exit.i:8  %r_V = shl i128 %zext_ln298, %zext_ln1503_2

]]></Node>
<StgValue><ssdm name="r_V"/></StgValue>
</operation>

<operation id="92" st_id="6" stage="1" lat="1">
<core>LogicGate</core>
<MemPortIdVec></MemPortIdVec>
<condition id="-1">
<or_exp><and_exp></and_exp></or_exp>
</condition>

<Node id="113" bw="128" op_0_bw="128" op_1_bw="128">
<![CDATA[
_ZlsILi128ELb0EEN11ap_int_baseIXT_EXT0_EE5RTypeIXT_EXT0_EE4arg1ERKS1_i.exit.i:9  %ans_V = xor i128 %r_V, %ansEncrypt_V

]]></Node>
<StgValue><ssdm name="ans_V"/></StgValue>
</operation>

<operation id="93" st_id="6" stage="1" lat="1">
<core>NULL</core>
<MemPortIdVec></MemPortIdVec>
<condition id="-1">
<or_exp><and_exp></and_exp></or_exp>
</condition>

<Node id="114" bw="0" op_0_bw="0">
<![CDATA[
_ZlsILi128ELb0EEN11ap_int_baseIXT_EXT0_EE5RTypeIXT_EXT0_EE4arg1ERKS1_i.exit.i:10  br label %2

]]></Node>
<StgValue><ssdm name="br_ln76"/></StgValue>
</operation>
</state>

<state id="7" st_id="7">

<operation id="94" st_id="7" stage="1" lat="2">
<core>AXI4Stream</core>
<MemPortIdVec></MemPortIdVec>
<condition id="-1">
<or_exp><and_exp></and_exp></or_exp>
</condition>

<Node id="116" bw="0" op_0_bw="0" op_1_bw="128" op_2_bw="16" op_3_bw="16" op_4_bw="1" op_5_bw="1" op_6_bw="1" op_7_bw="1" op_8_bw="128" op_9_bw="16" op_10_bw="16" op_11_bw="1" op_12_bw="1" op_13_bw="1" op_14_bw="1">
<![CDATA[
arrToBigInt.exit:0  call void @_ssdm_op_Write.axis.volatile.i128P.i16P.i16P.i1P.i1P.i1P.i1P(i128* %encrypted_data_V, i16* %encrypted_keep_V, i16* %encrypted_strb_V, i1* %encrypted_user_V, i1* %encrypted_last_V, i1* %encrypted_id_V, i1* %encrypted_dest_V, i128 %ansEncrypt_V, i16 %block_keep_V_tmp, i16 %block_strb_V_tmp, i1 %block_user_V_tmp, i1 %block_last_V_tmp, i1 %block_id_V_tmp, i1 %block_dest_V_tmp)

]]></Node>
<StgValue><ssdm name="write_ln82"/></StgValue>
</operation>

<operation id="95" st_id="7" stage="1" lat="1">
<core>NULL</core>
<MemPortIdVec></MemPortIdVec>
<condition id="-1">
<or_exp><and_exp></and_exp></or_exp>
</condition>

<Node id="117" bw="0">
<![CDATA[
arrToBigInt.exit:1  ret void

]]></Node>
<StgValue><ssdm name="ret_ln108"/></StgValue>
</operation>
</state>
</state_list>


<ports>
</ports>


<dataflows>
</dataflows>


</stg>
