<stg><name>aes_encrypt</name>


<trans_list>

<trans id="215" from="1" to="2">
<condition id="-1">
<or_exp><and_exp></and_exp></or_exp>
</condition>
</trans>

<trans id="216" from="2" to="3">
<condition id="-1">
<or_exp><and_exp><literal name="icmp_ln20" val="0"/>
</and_exp></or_exp>
</condition>
</trans>

<trans id="217" from="2" to="4">
<condition id="-1">
<or_exp><and_exp><literal name="icmp_ln20" val="1"/>
</and_exp></or_exp>
</condition>
</trans>

<trans id="219" from="3" to="2">
<condition id="-1">
<or_exp><and_exp></and_exp></or_exp>
</condition>
</trans>

<trans id="221" from="4" to="5">
<condition id="-1">
<or_exp><and_exp></and_exp></or_exp>
</condition>
</trans>

<trans id="222" from="5" to="6">
<condition id="-1">
<or_exp><and_exp></and_exp></or_exp>
</condition>
</trans>

<trans id="223" from="6" to="7">
<condition id="-1">
<or_exp><and_exp></and_exp></or_exp>
</condition>
</trans>

<trans id="224" from="7" to="8">
<condition id="-1">
<or_exp><and_exp><literal name="icmp_ln48" val="0"/>
</and_exp></or_exp>
</condition>
</trans>

<trans id="247" from="7" to="24">
<condition id="-1">
<or_exp><and_exp><literal name="icmp_ln48" val="1"/>
</and_exp></or_exp>
</condition>
</trans>

<trans id="225" from="8" to="9">
<condition id="-1">
<or_exp><and_exp><literal name="icmp_ln66_1" val="0"/>
</and_exp></or_exp>
</condition>
</trans>

<trans id="226" from="8" to="11">
<condition id="-1">
<or_exp><and_exp><literal name="icmp_ln66_1" val="1"/>
</and_exp></or_exp>
</condition>
</trans>

<trans id="228" from="9" to="10">
<condition id="-1">
<or_exp><and_exp></and_exp></or_exp>
</condition>
</trans>

<trans id="229" from="10" to="8">
<condition id="-1">
<or_exp><and_exp></and_exp></or_exp>
</condition>
</trans>

<trans id="231" from="11" to="12">
<condition id="-1">
<or_exp><and_exp></and_exp></or_exp>
</condition>
</trans>

<trans id="232" from="12" to="13">
<condition id="-1">
<or_exp><and_exp></and_exp></or_exp>
</condition>
</trans>

<trans id="233" from="13" to="14">
<condition id="-1">
<or_exp><and_exp></and_exp></or_exp>
</condition>
</trans>

<trans id="234" from="14" to="15">
<condition id="-1">
<or_exp><and_exp></and_exp></or_exp>
</condition>
</trans>

<trans id="235" from="15" to="16">
<condition id="-1">
<or_exp><and_exp></and_exp></or_exp>
</condition>
</trans>

<trans id="236" from="16" to="17">
<condition id="-1">
<or_exp><and_exp></and_exp></or_exp>
</condition>
</trans>

<trans id="237" from="17" to="18">
<condition id="-1">
<or_exp><and_exp></and_exp></or_exp>
</condition>
</trans>

<trans id="238" from="18" to="19">
<condition id="-1">
<or_exp><and_exp></and_exp></or_exp>
</condition>
</trans>

<trans id="239" from="19" to="20">
<condition id="-1">
<or_exp><and_exp></and_exp></or_exp>
</condition>
</trans>

<trans id="240" from="20" to="21">
<condition id="-1">
<or_exp><and_exp></and_exp></or_exp>
</condition>
</trans>

<trans id="241" from="21" to="22">
<condition id="-1">
<or_exp><and_exp><literal name="icmp_ln161" val="0"/>
</and_exp></or_exp>
</condition>
</trans>

<trans id="242" from="21" to="23">
<condition id="-1">
<or_exp><and_exp><literal name="icmp_ln161" val="1"/>
</and_exp></or_exp>
</condition>
</trans>

<trans id="244" from="22" to="21">
<condition id="-1">
<or_exp><and_exp></and_exp></or_exp>
</condition>
</trans>

<trans id="246" from="23" to="7">
<condition id="-1">
<or_exp><and_exp></and_exp></or_exp>
</condition>
</trans>

<trans id="248" from="24" to="25">
<condition id="-1">
<or_exp><and_exp><literal name="icmp_ln66" val="0"/>
</and_exp></or_exp>
</condition>
</trans>

<trans id="249" from="24" to="27">
<condition id="-1">
<or_exp><and_exp><literal name="icmp_ln66" val="1"/>
</and_exp></or_exp>
</condition>
</trans>

<trans id="251" from="25" to="26">
<condition id="-1">
<or_exp><and_exp></and_exp></or_exp>
</condition>
</trans>

<trans id="252" from="26" to="24">
<condition id="-1">
<or_exp><and_exp></and_exp></or_exp>
</condition>
</trans>

<trans id="254" from="27" to="28">
<condition id="-1">
<or_exp><and_exp></and_exp></or_exp>
</condition>
</trans>

<trans id="255" from="28" to="29">
<condition id="-1">
<or_exp><and_exp></and_exp></or_exp>
</condition>
</trans>

<trans id="256" from="29" to="30">
<condition id="-1">
<or_exp><and_exp></and_exp></or_exp>
</condition>
</trans>

<trans id="257" from="30" to="31">
<condition id="-1">
<or_exp><and_exp></and_exp></or_exp>
</condition>
</trans>

<trans id="258" from="31" to="32">
<condition id="-1">
<or_exp><and_exp></and_exp></or_exp>
</condition>
</trans>

<trans id="259" from="32" to="33">
<condition id="-1">
<or_exp><and_exp></and_exp></or_exp>
</condition>
</trans>

<trans id="260" from="33" to="34">
<condition id="-1">
<or_exp><and_exp></and_exp></or_exp>
</condition>
</trans>

<trans id="261" from="34" to="35">
<condition id="-1">
<or_exp><and_exp></and_exp></or_exp>
</condition>
</trans>

<trans id="262" from="35" to="36">
<condition id="-1">
<or_exp><and_exp></and_exp></or_exp>
</condition>
</trans>

<trans id="263" from="36" to="37">
<condition id="-1">
<or_exp><and_exp></and_exp></or_exp>
</condition>
</trans>

<trans id="264" from="37" to="38">
<condition id="-1">
<or_exp><and_exp></and_exp></or_exp>
</condition>
</trans>

<trans id="265" from="38" to="39">
<condition id="-1">
<or_exp><and_exp></and_exp></or_exp>
</condition>
</trans>

<trans id="266" from="39" to="40">
<condition id="-1">
<or_exp><and_exp><literal name="icmp_ln62" val="0"/>
</and_exp></or_exp>
</condition>
</trans>

<trans id="268" from="40" to="39">
<condition id="-1">
<or_exp><and_exp></and_exp></or_exp>
</condition>
</trans>
</trans_list>



<state_list>

<state id="1" st_id="1">

<operation id="41" st_id="1" stage="1" lat="1">
<core>RAM</core>
<MemPortIdVec></MemPortIdVec>
<condition id="-1">
<or_exp><and_exp></and_exp></or_exp>
</condition>

<Node id="12" bw="8" op_0_bw="64">
<![CDATA[
:0  %iencrypted = alloca [16 x i8], align 16

]]></Node>
<StgValue><ssdm name="iencrypted"/></StgValue>
</operation>

<operation id="42" st_id="1" stage="1" lat="1">
<core>NULL</core>
<MemPortIdVec></MemPortIdVec>
<condition id="-1">
<or_exp><and_exp></and_exp></or_exp>
</condition>

<Node id="13" bw="8" op_0_bw="64">
<![CDATA[
:1  %roundKeys = alloca [176 x i8], align 16

]]></Node>
<StgValue><ssdm name="roundKeys"/></StgValue>
</operation>

<operation id="43" st_id="1" stage="1" lat="1">
<core>NULL</core>
<MemPortIdVec></MemPortIdVec>
<condition id="-1">
<or_exp><and_exp></and_exp></or_exp>
</condition>

<Node id="14" bw="0" op_0_bw="0">
<![CDATA[
:2  br label %1

]]></Node>
<StgValue><ssdm name="br_ln20"/></StgValue>
</operation>
</state>

<state id="2" st_id="2">

<operation id="44" st_id="2" stage="1" lat="1">
<core>NULL</core>
<MemPortIdVec></MemPortIdVec>
<condition id="-1">
<or_exp><and_exp></and_exp></or_exp>
</condition>

<Node id="16" bw="5" op_0_bw="5" op_1_bw="0" op_2_bw="5" op_3_bw="0">
<![CDATA[
:0  %i_0 = phi i5 [ 0, %0 ], [ %i, %2 ]

]]></Node>
<StgValue><ssdm name="i_0"/></StgValue>
</operation>

<operation id="45" st_id="2" stage="1" lat="1">
<core>Cmp</core>
<MemPortIdVec></MemPortIdVec>
<condition id="-1">
<or_exp><and_exp></and_exp></or_exp>
</condition>

<Node id="17" bw="1" op_0_bw="5" op_1_bw="5">
<![CDATA[
:1  %icmp_ln20 = icmp eq i5 %i_0, -16

]]></Node>
<StgValue><ssdm name="icmp_ln20"/></StgValue>
</operation>

<operation id="46" st_id="2" stage="1" lat="1">
<core>NULL</core>
<MemPortIdVec></MemPortIdVec>
<condition id="-1">
<or_exp><and_exp></and_exp></or_exp>
</condition>

<Node id="18" bw="32" op_0_bw="32" op_1_bw="64" op_2_bw="64" op_3_bw="64">
<![CDATA[
:2  %empty = call i32 (...)* @_ssdm_op_SpecLoopTripCount(i64 16, i64 16, i64 16)

]]></Node>
<StgValue><ssdm name="empty"/></StgValue>
</operation>

<operation id="47" st_id="2" stage="1" lat="1">
<core>AddSub</core>
<MemPortIdVec></MemPortIdVec>
<condition id="-1">
<or_exp><and_exp></and_exp></or_exp>
</condition>

<Node id="19" bw="5" op_0_bw="5" op_1_bw="5">
<![CDATA[
:3  %i = add i5 %i_0, 1

]]></Node>
<StgValue><ssdm name="i"/></StgValue>
</operation>

<operation id="48" st_id="2" stage="1" lat="1">
<core>NULL</core>
<MemPortIdVec></MemPortIdVec>
<condition id="-1">
<or_exp><and_exp></and_exp></or_exp>
</condition>

<Node id="20" bw="0" op_0_bw="1" op_1_bw="0" op_2_bw="0">
<![CDATA[
:4  br i1 %icmp_ln20, label %3, label %2

]]></Node>
<StgValue><ssdm name="br_ln20"/></StgValue>
</operation>

<operation id="49" st_id="2" stage="1" lat="1">
<core>NULL</core>
<MemPortIdVec></MemPortIdVec>
<condition id="-1">
<or_exp><and_exp><literal name="icmp_ln20" val="0"/>
</and_exp></or_exp>
</condition>

<Node id="22" bw="64" op_0_bw="5">
<![CDATA[
:0  %zext_ln21 = zext i5 %i_0 to i64

]]></Node>
<StgValue><ssdm name="zext_ln21"/></StgValue>
</operation>

<operation id="50" st_id="2" stage="1" lat="1">
<core>NULL</core>
<MemPortIdVec></MemPortIdVec>
<condition id="-1">
<or_exp><and_exp><literal name="icmp_ln20" val="0"/>
</and_exp></or_exp>
</condition>

<Node id="23" bw="4" op_0_bw="8" op_1_bw="64" op_2_bw="64">
<![CDATA[
:1  %block_addr = getelementptr [16 x i8]* %block_r, i64 0, i64 %zext_ln21

]]></Node>
<StgValue><ssdm name="block_addr"/></StgValue>
</operation>

<operation id="51" st_id="2" stage="2" lat="2">
<core>RAM</core>
<MemPortIdVec></MemPortIdVec>
<condition id="-1">
<or_exp><and_exp><literal name="icmp_ln20" val="0"/>
</and_exp></or_exp>
</condition>

<Node id="24" bw="8" op_0_bw="4">
<![CDATA[
:2  %block_load = load i8* %block_addr, align 1

]]></Node>
<StgValue><ssdm name="block_load"/></StgValue>
</operation>

<operation id="52" st_id="2" stage="2" lat="2">
<core></core>
<MemPortIdVec></MemPortIdVec>
<condition id="-1">
<or_exp><and_exp><literal name="icmp_ln20" val="1"/>
</and_exp></or_exp>
</condition>

<Node id="29" bw="0" op_0_bw="0" op_1_bw="8" op_2_bw="8" op_3_bw="8" op_4_bw="32">
<![CDATA[
:0  call fastcc void @keyExpand([16 x i8]* %key, [176 x i8]* %roundKeys)

]]></Node>
<StgValue><ssdm name="call_ln42"/></StgValue>
</operation>
</state>

<state id="3" st_id="3">

<operation id="53" st_id="3" stage="1" lat="2">
<core>RAM</core>
<MemPortIdVec></MemPortIdVec>
<condition id="-1">
<or_exp><and_exp></and_exp></or_exp>
</condition>

<Node id="24" bw="8" op_0_bw="4">
<![CDATA[
:2  %block_load = load i8* %block_addr, align 1

]]></Node>
<StgValue><ssdm name="block_load"/></StgValue>
</operation>

<operation id="54" st_id="3" stage="1" lat="1">
<core>NULL</core>
<MemPortIdVec></MemPortIdVec>
<condition id="-1">
<or_exp><and_exp></and_exp></or_exp>
</condition>

<Node id="25" bw="4" op_0_bw="8" op_1_bw="64" op_2_bw="64">
<![CDATA[
:3  %iencrypted_addr = getelementptr inbounds [16 x i8]* %iencrypted, i64 0, i64 %zext_ln21

]]></Node>
<StgValue><ssdm name="iencrypted_addr"/></StgValue>
</operation>

<operation id="55" st_id="3" stage="1" lat="1">
<core>RAM</core>
<MemPortIdVec></MemPortIdVec>
<condition id="-1">
<or_exp><and_exp></and_exp></or_exp>
</condition>

<Node id="26" bw="0" op_0_bw="8" op_1_bw="4">
<![CDATA[
:4  store i8 %block_load, i8* %iencrypted_addr, align 1

]]></Node>
<StgValue><ssdm name="store_ln21"/></StgValue>
</operation>

<operation id="56" st_id="3" stage="1" lat="1">
<core>NULL</core>
<MemPortIdVec></MemPortIdVec>
<condition id="-1">
<or_exp><and_exp></and_exp></or_exp>
</condition>

<Node id="27" bw="0" op_0_bw="0">
<![CDATA[
:5  br label %1

]]></Node>
<StgValue><ssdm name="br_ln20"/></StgValue>
</operation>
</state>

<state id="4" st_id="4">

<operation id="57" st_id="4" stage="1" lat="2">
<core></core>
<MemPortIdVec></MemPortIdVec>
<condition id="-1">
<or_exp><and_exp></and_exp></or_exp>
</condition>

<Node id="29" bw="0" op_0_bw="0" op_1_bw="8" op_2_bw="8" op_3_bw="8" op_4_bw="32">
<![CDATA[
:0  call fastcc void @keyExpand([16 x i8]* %key, [176 x i8]* %roundKeys)

]]></Node>
<StgValue><ssdm name="call_ln42"/></StgValue>
</operation>
</state>

<state id="5" st_id="5">

<operation id="58" st_id="5" stage="2" lat="2">
<core></core>
<MemPortIdVec></MemPortIdVec>
<condition id="-1">
<or_exp><and_exp></and_exp></or_exp>
</condition>

<Node id="30" bw="0" op_0_bw="0" op_1_bw="8" op_2_bw="8" op_3_bw="10" op_4_bw="0" op_5_bw="0">
<![CDATA[
:1  call fastcc void @addRoundKey([16 x i8]* %iencrypted, [176 x i8]* %roundKeys, i10 0)

]]></Node>
<StgValue><ssdm name="call_ln45"/></StgValue>
</operation>
</state>

<state id="6" st_id="6">

<operation id="59" st_id="6" stage="1" lat="2">
<core></core>
<MemPortIdVec></MemPortIdVec>
<condition id="-1">
<or_exp><and_exp></and_exp></or_exp>
</condition>

<Node id="30" bw="0" op_0_bw="0" op_1_bw="8" op_2_bw="8" op_3_bw="10" op_4_bw="0" op_5_bw="0">
<![CDATA[
:1  call fastcc void @addRoundKey([16 x i8]* %iencrypted, [176 x i8]* %roundKeys, i10 0)

]]></Node>
<StgValue><ssdm name="call_ln45"/></StgValue>
</operation>

<operation id="60" st_id="6" stage="1" lat="1">
<core>NULL</core>
<MemPortIdVec></MemPortIdVec>
<condition id="-1">
<or_exp><and_exp></and_exp></or_exp>
</condition>

<Node id="31" bw="4" op_0_bw="8" op_1_bw="64" op_2_bw="64">
<![CDATA[
:2  %iencrypted_addr_1 = getelementptr [16 x i8]* %iencrypted, i64 0, i64 1

]]></Node>
<StgValue><ssdm name="iencrypted_addr_1"/></StgValue>
</operation>

<operation id="61" st_id="6" stage="1" lat="1">
<core>NULL</core>
<MemPortIdVec></MemPortIdVec>
<condition id="-1">
<or_exp><and_exp></and_exp></or_exp>
</condition>

<Node id="32" bw="4" op_0_bw="8" op_1_bw="64" op_2_bw="64">
<![CDATA[
:3  %iencrypted_addr_2 = getelementptr [16 x i8]* %iencrypted, i64 0, i64 5

]]></Node>
<StgValue><ssdm name="iencrypted_addr_2"/></StgValue>
</operation>

<operation id="62" st_id="6" stage="1" lat="1">
<core>NULL</core>
<MemPortIdVec></MemPortIdVec>
<condition id="-1">
<or_exp><and_exp></and_exp></or_exp>
</condition>

<Node id="33" bw="4" op_0_bw="8" op_1_bw="64" op_2_bw="64">
<![CDATA[
:4  %iencrypted_addr_3 = getelementptr [16 x i8]* %iencrypted, i64 0, i64 9

]]></Node>
<StgValue><ssdm name="iencrypted_addr_3"/></StgValue>
</operation>

<operation id="63" st_id="6" stage="1" lat="1">
<core>NULL</core>
<MemPortIdVec></MemPortIdVec>
<condition id="-1">
<or_exp><and_exp></and_exp></or_exp>
</condition>

<Node id="34" bw="4" op_0_bw="8" op_1_bw="64" op_2_bw="64">
<![CDATA[
:5  %iencrypted_addr_4 = getelementptr [16 x i8]* %iencrypted, i64 0, i64 13

]]></Node>
<StgValue><ssdm name="iencrypted_addr_4"/></StgValue>
</operation>

<operation id="64" st_id="6" stage="1" lat="1">
<core>NULL</core>
<MemPortIdVec></MemPortIdVec>
<condition id="-1">
<or_exp><and_exp></and_exp></or_exp>
</condition>

<Node id="35" bw="4" op_0_bw="8" op_1_bw="64" op_2_bw="64">
<![CDATA[
:6  %iencrypted_addr_5 = getelementptr [16 x i8]* %iencrypted, i64 0, i64 2

]]></Node>
<StgValue><ssdm name="iencrypted_addr_5"/></StgValue>
</operation>

<operation id="65" st_id="6" stage="1" lat="1">
<core>NULL</core>
<MemPortIdVec></MemPortIdVec>
<condition id="-1">
<or_exp><and_exp></and_exp></or_exp>
</condition>

<Node id="36" bw="4" op_0_bw="8" op_1_bw="64" op_2_bw="64">
<![CDATA[
:7  %iencrypted_addr_6 = getelementptr [16 x i8]* %iencrypted, i64 0, i64 10

]]></Node>
<StgValue><ssdm name="iencrypted_addr_6"/></StgValue>
</operation>

<operation id="66" st_id="6" stage="1" lat="1">
<core>NULL</core>
<MemPortIdVec></MemPortIdVec>
<condition id="-1">
<or_exp><and_exp></and_exp></or_exp>
</condition>

<Node id="37" bw="4" op_0_bw="8" op_1_bw="64" op_2_bw="64">
<![CDATA[
:8  %iencrypted_addr_7 = getelementptr [16 x i8]* %iencrypted, i64 0, i64 6

]]></Node>
<StgValue><ssdm name="iencrypted_addr_7"/></StgValue>
</operation>

<operation id="67" st_id="6" stage="1" lat="1">
<core>NULL</core>
<MemPortIdVec></MemPortIdVec>
<condition id="-1">
<or_exp><and_exp></and_exp></or_exp>
</condition>

<Node id="38" bw="4" op_0_bw="8" op_1_bw="64" op_2_bw="64">
<![CDATA[
:9  %iencrypted_addr_8 = getelementptr [16 x i8]* %iencrypted, i64 0, i64 14

]]></Node>
<StgValue><ssdm name="iencrypted_addr_8"/></StgValue>
</operation>

<operation id="68" st_id="6" stage="1" lat="1">
<core>NULL</core>
<MemPortIdVec></MemPortIdVec>
<condition id="-1">
<or_exp><and_exp></and_exp></or_exp>
</condition>

<Node id="39" bw="4" op_0_bw="8" op_1_bw="64" op_2_bw="64">
<![CDATA[
:10  %iencrypted_addr_9 = getelementptr [16 x i8]* %iencrypted, i64 0, i64 15

]]></Node>
<StgValue><ssdm name="iencrypted_addr_9"/></StgValue>
</operation>

<operation id="69" st_id="6" stage="1" lat="1">
<core>NULL</core>
<MemPortIdVec></MemPortIdVec>
<condition id="-1">
<or_exp><and_exp></and_exp></or_exp>
</condition>

<Node id="40" bw="4" op_0_bw="8" op_1_bw="64" op_2_bw="64">
<![CDATA[
:11  %iencrypted_addr_10 = getelementptr [16 x i8]* %iencrypted, i64 0, i64 11

]]></Node>
<StgValue><ssdm name="iencrypted_addr_10"/></StgValue>
</operation>

<operation id="70" st_id="6" stage="1" lat="1">
<core>NULL</core>
<MemPortIdVec></MemPortIdVec>
<condition id="-1">
<or_exp><and_exp></and_exp></or_exp>
</condition>

<Node id="41" bw="4" op_0_bw="8" op_1_bw="64" op_2_bw="64">
<![CDATA[
:12  %iencrypted_addr_11 = getelementptr [16 x i8]* %iencrypted, i64 0, i64 7

]]></Node>
<StgValue><ssdm name="iencrypted_addr_11"/></StgValue>
</operation>

<operation id="71" st_id="6" stage="1" lat="1">
<core>NULL</core>
<MemPortIdVec></MemPortIdVec>
<condition id="-1">
<or_exp><and_exp></and_exp></or_exp>
</condition>

<Node id="42" bw="4" op_0_bw="8" op_1_bw="64" op_2_bw="64">
<![CDATA[
:13  %iencrypted_addr_12 = getelementptr [16 x i8]* %iencrypted, i64 0, i64 3

]]></Node>
<StgValue><ssdm name="iencrypted_addr_12"/></StgValue>
</operation>

<operation id="72" st_id="6" stage="1" lat="1">
<core>NULL</core>
<MemPortIdVec></MemPortIdVec>
<condition id="-1">
<or_exp><and_exp></and_exp></or_exp>
</condition>

<Node id="43" bw="0" op_0_bw="0">
<![CDATA[
:14  br label %4

]]></Node>
<StgValue><ssdm name="br_ln48"/></StgValue>
</operation>
</state>

<state id="7" st_id="7">

<operation id="73" st_id="7" stage="1" lat="1">
<core>NULL</core>
<MemPortIdVec></MemPortIdVec>
<condition id="-1">
<or_exp><and_exp></and_exp></or_exp>
</condition>

<Node id="45" bw="4" op_0_bw="4" op_1_bw="0" op_2_bw="4" op_3_bw="0">
<![CDATA[
:0  %i1_0 = phi i4 [ 0, %3 ], [ %i_7, %mixColumnsInBlock.exit ]

]]></Node>
<StgValue><ssdm name="i1_0"/></StgValue>
</operation>

<operation id="74" st_id="7" stage="1" lat="1">
<core>Cmp</core>
<MemPortIdVec></MemPortIdVec>
<condition id="-1">
<or_exp><and_exp></and_exp></or_exp>
</condition>

<Node id="46" bw="1" op_0_bw="4" op_1_bw="4">
<![CDATA[
:1  %icmp_ln48 = icmp eq i4 %i1_0, -7

]]></Node>
<StgValue><ssdm name="icmp_ln48"/></StgValue>
</operation>

<operation id="75" st_id="7" stage="1" lat="1">
<core>NULL</core>
<MemPortIdVec></MemPortIdVec>
<condition id="-1">
<or_exp><and_exp></and_exp></or_exp>
</condition>

<Node id="47" bw="32" op_0_bw="32" op_1_bw="64" op_2_bw="64" op_3_bw="64">
<![CDATA[
:2  %empty_11 = call i32 (...)* @_ssdm_op_SpecLoopTripCount(i64 9, i64 9, i64 9)

]]></Node>
<StgValue><ssdm name="empty_11"/></StgValue>
</operation>

<operation id="76" st_id="7" stage="1" lat="1">
<core>AddSub</core>
<MemPortIdVec></MemPortIdVec>
<condition id="-1">
<or_exp><and_exp></and_exp></or_exp>
</condition>

<Node id="48" bw="4" op_0_bw="4" op_1_bw="4">
<![CDATA[
:3  %i_7 = add i4 %i1_0, 1

]]></Node>
<StgValue><ssdm name="i_7"/></StgValue>
</operation>

<operation id="77" st_id="7" stage="1" lat="1">
<core>NULL</core>
<MemPortIdVec></MemPortIdVec>
<condition id="-1">
<or_exp><and_exp></and_exp></or_exp>
</condition>

<Node id="49" bw="0" op_0_bw="1" op_1_bw="0" op_2_bw="0">
<![CDATA[
:4  br i1 %icmp_ln48, label %.preheader.preheader, label %.preheader18.preheader

]]></Node>
<StgValue><ssdm name="br_ln48"/></StgValue>
</operation>

<operation id="78" st_id="7" stage="1" lat="1">
<core>NULL</core>
<MemPortIdVec></MemPortIdVec>
<condition id="-1">
<or_exp><and_exp><literal name="icmp_ln48" val="0"/>
</and_exp></or_exp>
</condition>

<Node id="51" bw="0" op_0_bw="0">
<![CDATA[
.preheader18.preheader:0  br label %.preheader18

]]></Node>
<StgValue><ssdm name="br_ln66"/></StgValue>
</operation>

<operation id="79" st_id="7" stage="1" lat="1">
<core>NULL</core>
<MemPortIdVec></MemPortIdVec>
<condition id="-1">
<or_exp><and_exp><literal name="icmp_ln48" val="1"/>
</and_exp></or_exp>
</condition>

<Node id="111" bw="0" op_0_bw="0">
<![CDATA[
.preheader.preheader:0  br label %.preheader

]]></Node>
<StgValue><ssdm name="br_ln66"/></StgValue>
</operation>
</state>

<state id="8" st_id="8">

<operation id="80" st_id="8" stage="1" lat="1">
<core>NULL</core>
<MemPortIdVec></MemPortIdVec>
<condition id="-1">
<or_exp><and_exp></and_exp></or_exp>
</condition>

<Node id="53" bw="5" op_0_bw="5" op_1_bw="0" op_2_bw="5" op_3_bw="0">
<![CDATA[
.preheader18:0  %i_0_i = phi i5 [ %i_5, %5 ], [ 0, %.preheader18.preheader ]

]]></Node>
<StgValue><ssdm name="i_0_i"/></StgValue>
</operation>

<operation id="81" st_id="8" stage="1" lat="1">
<core>Cmp</core>
<MemPortIdVec></MemPortIdVec>
<condition id="-1">
<or_exp><and_exp></and_exp></or_exp>
</condition>

<Node id="54" bw="1" op_0_bw="5" op_1_bw="5">
<![CDATA[
.preheader18:1  %icmp_ln66_1 = icmp eq i5 %i_0_i, -16

]]></Node>
<StgValue><ssdm name="icmp_ln66_1"/></StgValue>
</operation>

<operation id="82" st_id="8" stage="1" lat="1">
<core>NULL</core>
<MemPortIdVec></MemPortIdVec>
<condition id="-1">
<or_exp><and_exp></and_exp></or_exp>
</condition>

<Node id="55" bw="32" op_0_bw="32" op_1_bw="64" op_2_bw="64" op_3_bw="64">
<![CDATA[
.preheader18:2  %empty_12 = call i32 (...)* @_ssdm_op_SpecLoopTripCount(i64 16, i64 16, i64 16)

]]></Node>
<StgValue><ssdm name="empty_12"/></StgValue>
</operation>

<operation id="83" st_id="8" stage="1" lat="1">
<core>AddSub</core>
<MemPortIdVec></MemPortIdVec>
<condition id="-1">
<or_exp><and_exp></and_exp></or_exp>
</condition>

<Node id="56" bw="5" op_0_bw="5" op_1_bw="5">
<![CDATA[
.preheader18:3  %i_5 = add i5 %i_0_i, 1

]]></Node>
<StgValue><ssdm name="i_5"/></StgValue>
</operation>

<operation id="84" st_id="8" stage="1" lat="1">
<core>NULL</core>
<MemPortIdVec></MemPortIdVec>
<condition id="-1">
<or_exp><and_exp></and_exp></or_exp>
</condition>

<Node id="57" bw="0" op_0_bw="1" op_1_bw="0" op_2_bw="0">
<![CDATA[
.preheader18:4  br i1 %icmp_ln66_1, label %forwardSubst1.exit, label %5

]]></Node>
<StgValue><ssdm name="br_ln66"/></StgValue>
</operation>

<operation id="85" st_id="8" stage="1" lat="1">
<core>NULL</core>
<MemPortIdVec></MemPortIdVec>
<condition id="-1">
<or_exp><and_exp><literal name="icmp_ln66_1" val="0"/>
</and_exp></or_exp>
</condition>

<Node id="59" bw="64" op_0_bw="5">
<![CDATA[
:0  %zext_ln67_2 = zext i5 %i_0_i to i64

]]></Node>
<StgValue><ssdm name="zext_ln67_2"/></StgValue>
</operation>

<operation id="86" st_id="8" stage="1" lat="1">
<core>NULL</core>
<MemPortIdVec></MemPortIdVec>
<condition id="-1">
<or_exp><and_exp><literal name="icmp_ln66_1" val="0"/>
</and_exp></or_exp>
</condition>

<Node id="60" bw="4" op_0_bw="8" op_1_bw="64" op_2_bw="64">
<![CDATA[
:1  %ptr_addr = getelementptr [16 x i8]* %iencrypted, i64 0, i64 %zext_ln67_2

]]></Node>
<StgValue><ssdm name="ptr_addr"/></StgValue>
</operation>

<operation id="87" st_id="8" stage="2" lat="2">
<core>RAM</core>
<MemPortIdVec></MemPortIdVec>
<condition id="-1">
<or_exp><and_exp><literal name="icmp_ln66_1" val="0"/>
</and_exp></or_exp>
</condition>

<Node id="61" bw="8" op_0_bw="4">
<![CDATA[
:2  %ptr_load = load i8* %ptr_addr, align 1

]]></Node>
<StgValue><ssdm name="ptr_load"/></StgValue>
</operation>

<operation id="88" st_id="8" stage="2" lat="2">
<core>RAM</core>
<MemPortIdVec></MemPortIdVec>
<condition id="-1">
<or_exp><and_exp><literal name="icmp_ln66_1" val="1"/>
</and_exp></or_exp>
</condition>

<Node id="68" bw="8" op_0_bw="4">
<![CDATA[
forwardSubst1.exit:0  %tmp_4 = load i8* %iencrypted_addr_1, align 1

]]></Node>
<StgValue><ssdm name="tmp_4"/></StgValue>
</operation>

<operation id="89" st_id="8" stage="2" lat="2">
<core>RAM</core>
<MemPortIdVec></MemPortIdVec>
<condition id="-1">
<or_exp><and_exp><literal name="icmp_ln66_1" val="1"/>
</and_exp></or_exp>
</condition>

<Node id="69" bw="8" op_0_bw="4">
<![CDATA[
forwardSubst1.exit:1  %iencrypted_load_13 = load i8* %iencrypted_addr_2, align 1

]]></Node>
<StgValue><ssdm name="iencrypted_load_13"/></StgValue>
</operation>
</state>

<state id="9" st_id="9">

<operation id="90" st_id="9" stage="1" lat="2">
<core>RAM</core>
<MemPortIdVec></MemPortIdVec>
<condition id="-1">
<or_exp><and_exp></and_exp></or_exp>
</condition>

<Node id="61" bw="8" op_0_bw="4">
<![CDATA[
:2  %ptr_load = load i8* %ptr_addr, align 1

]]></Node>
<StgValue><ssdm name="ptr_load"/></StgValue>
</operation>

<operation id="91" st_id="9" stage="1" lat="1">
<core>NULL</core>
<MemPortIdVec></MemPortIdVec>
<condition id="-1">
<or_exp><and_exp></and_exp></or_exp>
</condition>

<Node id="62" bw="64" op_0_bw="8">
<![CDATA[
:3  %zext_ln67_3 = zext i8 %ptr_load to i64

]]></Node>
<StgValue><ssdm name="zext_ln67_3"/></StgValue>
</operation>

<operation id="92" st_id="9" stage="1" lat="1">
<core>NULL</core>
<MemPortIdVec></MemPortIdVec>
<condition id="-1">
<or_exp><and_exp></and_exp></or_exp>
</condition>

<Node id="63" bw="8" op_0_bw="8" op_1_bw="64" op_2_bw="64">
<![CDATA[
:4  %sbox_addr_4 = getelementptr inbounds [256 x i8]* @sbox, i64 0, i64 %zext_ln67_3

]]></Node>
<StgValue><ssdm name="sbox_addr_4"/></StgValue>
</operation>

<operation id="93" st_id="9" stage="2" lat="2">
<core>ROM_nP</core>
<MemPortIdVec></MemPortIdVec>
<condition id="-1">
<or_exp><and_exp></and_exp></or_exp>
</condition>

<Node id="64" bw="8" op_0_bw="8">
<![CDATA[
:5  %sbox_load_4 = load i8* %sbox_addr_4, align 1

]]></Node>
<StgValue><ssdm name="sbox_load_4"/></StgValue>
</operation>
</state>

<state id="10" st_id="10">

<operation id="94" st_id="10" stage="1" lat="2">
<core>ROM_nP</core>
<MemPortIdVec></MemPortIdVec>
<condition id="-1">
<or_exp><and_exp></and_exp></or_exp>
</condition>

<Node id="64" bw="8" op_0_bw="8">
<![CDATA[
:5  %sbox_load_4 = load i8* %sbox_addr_4, align 1

]]></Node>
<StgValue><ssdm name="sbox_load_4"/></StgValue>
</operation>

<operation id="95" st_id="10" stage="1" lat="1">
<core>RAM</core>
<MemPortIdVec></MemPortIdVec>
<condition id="-1">
<or_exp><and_exp></and_exp></or_exp>
</condition>

<Node id="65" bw="0" op_0_bw="8" op_1_bw="4" op_2_bw="8">
<![CDATA[
:6  store i8 %sbox_load_4, i8* %ptr_addr, align 1

]]></Node>
<StgValue><ssdm name="store_ln67"/></StgValue>
</operation>

<operation id="96" st_id="10" stage="1" lat="1">
<core>NULL</core>
<MemPortIdVec></MemPortIdVec>
<condition id="-1">
<or_exp><and_exp></and_exp></or_exp>
</condition>

<Node id="66" bw="0" op_0_bw="0">
<![CDATA[
:7  br label %.preheader18

]]></Node>
<StgValue><ssdm name="br_ln66"/></StgValue>
</operation>
</state>

<state id="11" st_id="11">

<operation id="97" st_id="11" stage="1" lat="2">
<core>RAM</core>
<MemPortIdVec></MemPortIdVec>
<condition id="-1">
<or_exp><and_exp></and_exp></or_exp>
</condition>

<Node id="68" bw="8" op_0_bw="4">
<![CDATA[
forwardSubst1.exit:0  %tmp_4 = load i8* %iencrypted_addr_1, align 1

]]></Node>
<StgValue><ssdm name="tmp_4"/></StgValue>
</operation>

<operation id="98" st_id="11" stage="1" lat="2">
<core>RAM</core>
<MemPortIdVec></MemPortIdVec>
<condition id="-1">
<or_exp><and_exp></and_exp></or_exp>
</condition>

<Node id="69" bw="8" op_0_bw="4">
<![CDATA[
forwardSubst1.exit:1  %iencrypted_load_13 = load i8* %iencrypted_addr_2, align 1

]]></Node>
<StgValue><ssdm name="iencrypted_load_13"/></StgValue>
</operation>

<operation id="99" st_id="11" stage="2" lat="2">
<core>RAM</core>
<MemPortIdVec></MemPortIdVec>
<condition id="-1">
<or_exp><and_exp></and_exp></or_exp>
</condition>

<Node id="71" bw="8" op_0_bw="4">
<![CDATA[
forwardSubst1.exit:3  %iencrypted_load_14 = load i8* %iencrypted_addr_3, align 1

]]></Node>
<StgValue><ssdm name="iencrypted_load_14"/></StgValue>
</operation>

<operation id="100" st_id="11" stage="2" lat="2">
<core>RAM</core>
<MemPortIdVec></MemPortIdVec>
<condition id="-1">
<or_exp><and_exp></and_exp></or_exp>
</condition>

<Node id="73" bw="8" op_0_bw="4">
<![CDATA[
forwardSubst1.exit:5  %iencrypted_load_15 = load i8* %iencrypted_addr_4, align 1

]]></Node>
<StgValue><ssdm name="iencrypted_load_15"/></StgValue>
</operation>

<operation id="101" st_id="11" stage="1" lat="1">
<core>RAM</core>
<MemPortIdVec></MemPortIdVec>
<condition id="-1">
<or_exp><and_exp></and_exp></or_exp>
</condition>

<Node id="75" bw="0" op_0_bw="8" op_1_bw="4" op_2_bw="8">
<![CDATA[
forwardSubst1.exit:7  store i8 %tmp_4, i8* %iencrypted_addr_4, align 1

]]></Node>
<StgValue><ssdm name="store_ln22"/></StgValue>
</operation>
</state>

<state id="12" st_id="12">

<operation id="102" st_id="12" stage="1" lat="2">
<core>RAM</core>
<MemPortIdVec></MemPortIdVec>
<condition id="-1">
<or_exp><and_exp></and_exp></or_exp>
</condition>

<Node id="71" bw="8" op_0_bw="4">
<![CDATA[
forwardSubst1.exit:3  %iencrypted_load_14 = load i8* %iencrypted_addr_3, align 1

]]></Node>
<StgValue><ssdm name="iencrypted_load_14"/></StgValue>
</operation>

<operation id="103" st_id="12" stage="1" lat="2">
<core>RAM</core>
<MemPortIdVec></MemPortIdVec>
<condition id="-1">
<or_exp><and_exp></and_exp></or_exp>
</condition>

<Node id="73" bw="8" op_0_bw="4">
<![CDATA[
forwardSubst1.exit:5  %iencrypted_load_15 = load i8* %iencrypted_addr_4, align 1

]]></Node>
<StgValue><ssdm name="iencrypted_load_15"/></StgValue>
</operation>

<operation id="104" st_id="12" stage="2" lat="2">
<core>RAM</core>
<MemPortIdVec></MemPortIdVec>
<condition id="-1">
<or_exp><and_exp></and_exp></or_exp>
</condition>

<Node id="76" bw="8" op_0_bw="4">
<![CDATA[
forwardSubst1.exit:8  %tmp_5 = load i8* %iencrypted_addr_5, align 2

]]></Node>
<StgValue><ssdm name="tmp_5"/></StgValue>
</operation>

<operation id="105" st_id="12" stage="2" lat="2">
<core>RAM</core>
<MemPortIdVec></MemPortIdVec>
<condition id="-1">
<or_exp><and_exp></and_exp></or_exp>
</condition>

<Node id="77" bw="8" op_0_bw="4">
<![CDATA[
forwardSubst1.exit:9  %iencrypted_load_17 = load i8* %iencrypted_addr_6, align 2

]]></Node>
<StgValue><ssdm name="iencrypted_load_17"/></StgValue>
</operation>
</state>

<state id="13" st_id="13">

<operation id="106" st_id="13" stage="1" lat="2">
<core>RAM</core>
<MemPortIdVec></MemPortIdVec>
<condition id="-1">
<or_exp><and_exp></and_exp></or_exp>
</condition>

<Node id="76" bw="8" op_0_bw="4">
<![CDATA[
forwardSubst1.exit:8  %tmp_5 = load i8* %iencrypted_addr_5, align 2

]]></Node>
<StgValue><ssdm name="tmp_5"/></StgValue>
</operation>

<operation id="107" st_id="13" stage="1" lat="2">
<core>RAM</core>
<MemPortIdVec></MemPortIdVec>
<condition id="-1">
<or_exp><and_exp></and_exp></or_exp>
</condition>

<Node id="77" bw="8" op_0_bw="4">
<![CDATA[
forwardSubst1.exit:9  %iencrypted_load_17 = load i8* %iencrypted_addr_6, align 2

]]></Node>
<StgValue><ssdm name="iencrypted_load_17"/></StgValue>
</operation>

<operation id="108" st_id="13" stage="2" lat="2">
<core>RAM</core>
<MemPortIdVec></MemPortIdVec>
<condition id="-1">
<or_exp><and_exp></and_exp></or_exp>
</condition>

<Node id="80" bw="8" op_0_bw="4">
<![CDATA[
forwardSubst1.exit:12  %tmp_6 = load i8* %iencrypted_addr_7, align 2

]]></Node>
<StgValue><ssdm name="tmp_6"/></StgValue>
</operation>

<operation id="109" st_id="13" stage="2" lat="2">
<core>RAM</core>
<MemPortIdVec></MemPortIdVec>
<condition id="-1">
<or_exp><and_exp></and_exp></or_exp>
</condition>

<Node id="81" bw="8" op_0_bw="4">
<![CDATA[
forwardSubst1.exit:13  %iencrypted_load_19 = load i8* %iencrypted_addr_8, align 2

]]></Node>
<StgValue><ssdm name="iencrypted_load_19"/></StgValue>
</operation>
</state>

<state id="14" st_id="14">

<operation id="110" st_id="14" stage="1" lat="2">
<core>RAM</core>
<MemPortIdVec></MemPortIdVec>
<condition id="-1">
<or_exp><and_exp></and_exp></or_exp>
</condition>

<Node id="80" bw="8" op_0_bw="4">
<![CDATA[
forwardSubst1.exit:12  %tmp_6 = load i8* %iencrypted_addr_7, align 2

]]></Node>
<StgValue><ssdm name="tmp_6"/></StgValue>
</operation>

<operation id="111" st_id="14" stage="1" lat="2">
<core>RAM</core>
<MemPortIdVec></MemPortIdVec>
<condition id="-1">
<or_exp><and_exp></and_exp></or_exp>
</condition>

<Node id="81" bw="8" op_0_bw="4">
<![CDATA[
forwardSubst1.exit:13  %iencrypted_load_19 = load i8* %iencrypted_addr_8, align 2

]]></Node>
<StgValue><ssdm name="iencrypted_load_19"/></StgValue>
</operation>

<operation id="112" st_id="14" stage="2" lat="2">
<core>RAM</core>
<MemPortIdVec></MemPortIdVec>
<condition id="-1">
<or_exp><and_exp></and_exp></or_exp>
</condition>

<Node id="84" bw="8" op_0_bw="4">
<![CDATA[
forwardSubst1.exit:16  %tmp_7 = load i8* %iencrypted_addr_9, align 1

]]></Node>
<StgValue><ssdm name="tmp_7"/></StgValue>
</operation>

<operation id="113" st_id="14" stage="2" lat="2">
<core>RAM</core>
<MemPortIdVec></MemPortIdVec>
<condition id="-1">
<or_exp><and_exp></and_exp></or_exp>
</condition>

<Node id="85" bw="8" op_0_bw="4">
<![CDATA[
forwardSubst1.exit:17  %iencrypted_load_21 = load i8* %iencrypted_addr_10, align 1

]]></Node>
<StgValue><ssdm name="iencrypted_load_21"/></StgValue>
</operation>
</state>

<state id="15" st_id="15">

<operation id="114" st_id="15" stage="1" lat="2">
<core>RAM</core>
<MemPortIdVec></MemPortIdVec>
<condition id="-1">
<or_exp><and_exp></and_exp></or_exp>
</condition>

<Node id="84" bw="8" op_0_bw="4">
<![CDATA[
forwardSubst1.exit:16  %tmp_7 = load i8* %iencrypted_addr_9, align 1

]]></Node>
<StgValue><ssdm name="tmp_7"/></StgValue>
</operation>

<operation id="115" st_id="15" stage="1" lat="2">
<core>RAM</core>
<MemPortIdVec></MemPortIdVec>
<condition id="-1">
<or_exp><and_exp></and_exp></or_exp>
</condition>

<Node id="85" bw="8" op_0_bw="4">
<![CDATA[
forwardSubst1.exit:17  %iencrypted_load_21 = load i8* %iencrypted_addr_10, align 1

]]></Node>
<StgValue><ssdm name="iencrypted_load_21"/></StgValue>
</operation>

<operation id="116" st_id="15" stage="2" lat="2">
<core>RAM</core>
<MemPortIdVec></MemPortIdVec>
<condition id="-1">
<or_exp><and_exp></and_exp></or_exp>
</condition>

<Node id="87" bw="8" op_0_bw="4">
<![CDATA[
forwardSubst1.exit:19  %iencrypted_load_22 = load i8* %iencrypted_addr_11, align 1

]]></Node>
<StgValue><ssdm name="iencrypted_load_22"/></StgValue>
</operation>

<operation id="117" st_id="15" stage="2" lat="2">
<core>RAM</core>
<MemPortIdVec></MemPortIdVec>
<condition id="-1">
<or_exp><and_exp></and_exp></or_exp>
</condition>

<Node id="89" bw="8" op_0_bw="4">
<![CDATA[
forwardSubst1.exit:21  %iencrypted_load_23 = load i8* %iencrypted_addr_12, align 1

]]></Node>
<StgValue><ssdm name="iencrypted_load_23"/></StgValue>
</operation>

<operation id="118" st_id="15" stage="1" lat="1">
<core>RAM</core>
<MemPortIdVec></MemPortIdVec>
<condition id="-1">
<or_exp><and_exp></and_exp></or_exp>
</condition>

<Node id="91" bw="0" op_0_bw="8" op_1_bw="4" op_2_bw="8">
<![CDATA[
forwardSubst1.exit:23  store i8 %tmp_7, i8* %iencrypted_addr_12, align 1

]]></Node>
<StgValue><ssdm name="store_ln37"/></StgValue>
</operation>
</state>

<state id="16" st_id="16">

<operation id="119" st_id="16" stage="1" lat="1">
<core>RAM</core>
<MemPortIdVec></MemPortIdVec>
<condition id="-1">
<or_exp><and_exp></and_exp></or_exp>
</condition>

<Node id="70" bw="0" op_0_bw="8" op_1_bw="4" op_2_bw="8">
<![CDATA[
forwardSubst1.exit:2  store i8 %iencrypted_load_13, i8* %iencrypted_addr_1, align 1

]]></Node>
<StgValue><ssdm name="store_ln19"/></StgValue>
</operation>

<operation id="120" st_id="16" stage="1" lat="1">
<core>RAM</core>
<MemPortIdVec></MemPortIdVec>
<condition id="-1">
<or_exp><and_exp></and_exp></or_exp>
</condition>

<Node id="72" bw="0" op_0_bw="8" op_1_bw="4" op_2_bw="8">
<![CDATA[
forwardSubst1.exit:4  store i8 %iencrypted_load_14, i8* %iencrypted_addr_2, align 1

]]></Node>
<StgValue><ssdm name="store_ln20"/></StgValue>
</operation>

<operation id="121" st_id="16" stage="1" lat="2">
<core>RAM</core>
<MemPortIdVec></MemPortIdVec>
<condition id="-1">
<or_exp><and_exp></and_exp></or_exp>
</condition>

<Node id="87" bw="8" op_0_bw="4">
<![CDATA[
forwardSubst1.exit:19  %iencrypted_load_22 = load i8* %iencrypted_addr_11, align 1

]]></Node>
<StgValue><ssdm name="iencrypted_load_22"/></StgValue>
</operation>

<operation id="122" st_id="16" stage="1" lat="2">
<core>RAM</core>
<MemPortIdVec></MemPortIdVec>
<condition id="-1">
<or_exp><and_exp></and_exp></or_exp>
</condition>

<Node id="89" bw="8" op_0_bw="4">
<![CDATA[
forwardSubst1.exit:21  %iencrypted_load_23 = load i8* %iencrypted_addr_12, align 1

]]></Node>
<StgValue><ssdm name="iencrypted_load_23"/></StgValue>
</operation>
</state>

<state id="17" st_id="17">

<operation id="123" st_id="17" stage="1" lat="1">
<core>RAM</core>
<MemPortIdVec></MemPortIdVec>
<condition id="-1">
<or_exp><and_exp></and_exp></or_exp>
</condition>

<Node id="74" bw="0" op_0_bw="8" op_1_bw="4" op_2_bw="8">
<![CDATA[
forwardSubst1.exit:6  store i8 %iencrypted_load_15, i8* %iencrypted_addr_3, align 1

]]></Node>
<StgValue><ssdm name="store_ln21"/></StgValue>
</operation>

<operation id="124" st_id="17" stage="1" lat="1">
<core>RAM</core>
<MemPortIdVec></MemPortIdVec>
<condition id="-1">
<or_exp><and_exp></and_exp></or_exp>
</condition>

<Node id="78" bw="0" op_0_bw="8" op_1_bw="4" op_2_bw="8">
<![CDATA[
forwardSubst1.exit:10  store i8 %iencrypted_load_17, i8* %iencrypted_addr_5, align 2

]]></Node>
<StgValue><ssdm name="store_ln26"/></StgValue>
</operation>
</state>

<state id="18" st_id="18">

<operation id="125" st_id="18" stage="1" lat="1">
<core>RAM</core>
<MemPortIdVec></MemPortIdVec>
<condition id="-1">
<or_exp><and_exp></and_exp></or_exp>
</condition>

<Node id="79" bw="0" op_0_bw="8" op_1_bw="4" op_2_bw="8">
<![CDATA[
forwardSubst1.exit:11  store i8 %tmp_5, i8* %iencrypted_addr_6, align 2

]]></Node>
<StgValue><ssdm name="store_ln27"/></StgValue>
</operation>

<operation id="126" st_id="18" stage="1" lat="1">
<core>RAM</core>
<MemPortIdVec></MemPortIdVec>
<condition id="-1">
<or_exp><and_exp></and_exp></or_exp>
</condition>

<Node id="82" bw="0" op_0_bw="8" op_1_bw="4" op_2_bw="8">
<![CDATA[
forwardSubst1.exit:14  store i8 %iencrypted_load_19, i8* %iencrypted_addr_7, align 2

]]></Node>
<StgValue><ssdm name="store_ln29"/></StgValue>
</operation>
</state>

<state id="19" st_id="19">

<operation id="127" st_id="19" stage="1" lat="1">
<core>RAM</core>
<MemPortIdVec></MemPortIdVec>
<condition id="-1">
<or_exp><and_exp></and_exp></or_exp>
</condition>

<Node id="83" bw="0" op_0_bw="8" op_1_bw="4" op_2_bw="8">
<![CDATA[
forwardSubst1.exit:15  store i8 %tmp_6, i8* %iencrypted_addr_8, align 2

]]></Node>
<StgValue><ssdm name="store_ln30"/></StgValue>
</operation>

<operation id="128" st_id="19" stage="1" lat="1">
<core>RAM</core>
<MemPortIdVec></MemPortIdVec>
<condition id="-1">
<or_exp><and_exp></and_exp></or_exp>
</condition>

<Node id="86" bw="0" op_0_bw="8" op_1_bw="4" op_2_bw="8">
<![CDATA[
forwardSubst1.exit:18  store i8 %iencrypted_load_21, i8* %iencrypted_addr_9, align 1

]]></Node>
<StgValue><ssdm name="store_ln34"/></StgValue>
</operation>
</state>

<state id="20" st_id="20">

<operation id="129" st_id="20" stage="1" lat="1">
<core>RAM</core>
<MemPortIdVec></MemPortIdVec>
<condition id="-1">
<or_exp><and_exp></and_exp></or_exp>
</condition>

<Node id="88" bw="0" op_0_bw="8" op_1_bw="4" op_2_bw="8">
<![CDATA[
forwardSubst1.exit:20  store i8 %iencrypted_load_22, i8* %iencrypted_addr_10, align 1

]]></Node>
<StgValue><ssdm name="store_ln35"/></StgValue>
</operation>

<operation id="130" st_id="20" stage="1" lat="1">
<core>RAM</core>
<MemPortIdVec></MemPortIdVec>
<condition id="-1">
<or_exp><and_exp></and_exp></or_exp>
</condition>

<Node id="90" bw="0" op_0_bw="8" op_1_bw="4" op_2_bw="8">
<![CDATA[
forwardSubst1.exit:22  store i8 %iencrypted_load_23, i8* %iencrypted_addr_11, align 1

]]></Node>
<StgValue><ssdm name="store_ln36"/></StgValue>
</operation>

<operation id="131" st_id="20" stage="1" lat="1">
<core>NULL</core>
<MemPortIdVec></MemPortIdVec>
<condition id="-1">
<or_exp><and_exp></and_exp></or_exp>
</condition>

<Node id="92" bw="0" op_0_bw="0">
<![CDATA[
forwardSubst1.exit:24  br label %6

]]></Node>
<StgValue><ssdm name="br_ln161"/></StgValue>
</operation>
</state>

<state id="21" st_id="21">

<operation id="132" st_id="21" stage="1" lat="1">
<core>NULL</core>
<MemPortIdVec></MemPortIdVec>
<condition id="-1">
<or_exp><and_exp></and_exp></or_exp>
</condition>

<Node id="94" bw="5" op_0_bw="5" op_1_bw="0" op_2_bw="5" op_3_bw="0">
<![CDATA[
:0  %ptr_0_rec_i = phi i5 [ 0, %forwardSubst1.exit ], [ %add_ln164, %7 ]

]]></Node>
<StgValue><ssdm name="ptr_0_rec_i"/></StgValue>
</operation>

<operation id="133" st_id="21" stage="1" lat="1">
<core>NULL</core>
<MemPortIdVec></MemPortIdVec>
<condition id="-1">
<or_exp><and_exp></and_exp></or_exp>
</condition>

<Node id="95" bw="3" op_0_bw="3" op_1_bw="0" op_2_bw="3" op_3_bw="0">
<![CDATA[
:1  %i_0_i6 = phi i3 [ 0, %forwardSubst1.exit ], [ %i_8, %7 ]

]]></Node>
<StgValue><ssdm name="i_0_i6"/></StgValue>
</operation>

<operation id="134" st_id="21" stage="1" lat="1">
<core>Cmp</core>
<MemPortIdVec></MemPortIdVec>
<condition id="-1">
<or_exp><and_exp></and_exp></or_exp>
</condition>

<Node id="96" bw="1" op_0_bw="3" op_1_bw="3">
<![CDATA[
:2  %icmp_ln161 = icmp eq i3 %i_0_i6, -4

]]></Node>
<StgValue><ssdm name="icmp_ln161"/></StgValue>
</operation>

<operation id="135" st_id="21" stage="1" lat="1">
<core>NULL</core>
<MemPortIdVec></MemPortIdVec>
<condition id="-1">
<or_exp><and_exp></and_exp></or_exp>
</condition>

<Node id="97" bw="32" op_0_bw="32" op_1_bw="64" op_2_bw="64" op_3_bw="64">
<![CDATA[
:3  %empty_13 = call i32 (...)* @_ssdm_op_SpecLoopTripCount(i64 4, i64 4, i64 4)

]]></Node>
<StgValue><ssdm name="empty_13"/></StgValue>
</operation>

<operation id="136" st_id="21" stage="1" lat="1">
<core>AddSub</core>
<MemPortIdVec></MemPortIdVec>
<condition id="-1">
<or_exp><and_exp></and_exp></or_exp>
</condition>

<Node id="98" bw="3" op_0_bw="3" op_1_bw="3">
<![CDATA[
:4  %i_8 = add i3 %i_0_i6, 1

]]></Node>
<StgValue><ssdm name="i_8"/></StgValue>
</operation>

<operation id="137" st_id="21" stage="1" lat="1">
<core>NULL</core>
<MemPortIdVec></MemPortIdVec>
<condition id="-1">
<or_exp><and_exp></and_exp></or_exp>
</condition>

<Node id="99" bw="0" op_0_bw="1" op_1_bw="0" op_2_bw="0">
<![CDATA[
:5  br i1 %icmp_ln161, label %mixColumnsInBlock.exit, label %7

]]></Node>
<StgValue><ssdm name="br_ln161"/></StgValue>
</operation>

<operation id="138" st_id="21" stage="2" lat="2">
<core></core>
<MemPortIdVec></MemPortIdVec>
<condition id="-1">
<or_exp><and_exp><literal name="icmp_ln161" val="0"/>
</and_exp></or_exp>
</condition>

<Node id="101" bw="0" op_0_bw="0" op_1_bw="8" op_2_bw="5" op_3_bw="8" op_4_bw="8" op_5_bw="0">
<![CDATA[
:0  call fastcc void @mixColViaLUT([16 x i8]* %iencrypted, i5 %ptr_0_rec_i)

]]></Node>
<StgValue><ssdm name="call_ln162"/></StgValue>
</operation>

<operation id="139" st_id="21" stage="1" lat="1">
<core>AddSub</core>
<MemPortIdVec></MemPortIdVec>
<condition id="-1">
<or_exp><and_exp><literal name="icmp_ln161" val="0"/>
</and_exp></or_exp>
</condition>

<Node id="102" bw="5" op_0_bw="5" op_1_bw="5">
<![CDATA[
:1  %add_ln164 = add i5 %ptr_0_rec_i, 4

]]></Node>
<StgValue><ssdm name="add_ln164"/></StgValue>
</operation>

<operation id="140" st_id="21" stage="1" lat="1">
<core>NULL</core>
<MemPortIdVec></MemPortIdVec>
<condition id="-1">
<or_exp><and_exp><literal name="icmp_ln161" val="1"/>
</and_exp></or_exp>
</condition>

<Node id="105" bw="8" op_0_bw="8" op_1_bw="4" op_2_bw="4">
<![CDATA[
mixColumnsInBlock.exit:0  %shl_ln = call i8 @_ssdm_op_BitConcatenate.i8.i4.i4(i4 %i1_0, i4 0)

]]></Node>
<StgValue><ssdm name="shl_ln"/></StgValue>
</operation>

<operation id="141" st_id="21" stage="1" lat="1">
<core>AddSub</core>
<MemPortIdVec></MemPortIdVec>
<condition id="-1">
<or_exp><and_exp><literal name="icmp_ln161" val="1"/>
</and_exp></or_exp>
</condition>

<Node id="106" bw="8" op_0_bw="8" op_1_bw="8">
<![CDATA[
mixColumnsInBlock.exit:1  %add_ln52 = add i8 %shl_ln, 16

]]></Node>
<StgValue><ssdm name="add_ln52"/></StgValue>
</operation>

<operation id="142" st_id="21" stage="1" lat="1">
<core>NULL</core>
<MemPortIdVec></MemPortIdVec>
<condition id="-1">
<or_exp><and_exp><literal name="icmp_ln161" val="1"/>
</and_exp></or_exp>
</condition>

<Node id="107" bw="10" op_0_bw="8">
<![CDATA[
mixColumnsInBlock.exit:2  %zext_ln52 = zext i8 %add_ln52 to i10

]]></Node>
<StgValue><ssdm name="zext_ln52"/></StgValue>
</operation>

<operation id="143" st_id="21" stage="2" lat="2">
<core></core>
<MemPortIdVec></MemPortIdVec>
<condition id="-1">
<or_exp><and_exp><literal name="icmp_ln161" val="1"/>
</and_exp></or_exp>
</condition>

<Node id="108" bw="0" op_0_bw="0" op_1_bw="8" op_2_bw="8" op_3_bw="10" op_4_bw="0" op_5_bw="0">
<![CDATA[
mixColumnsInBlock.exit:3  call fastcc void @addRoundKey([16 x i8]* %iencrypted, [176 x i8]* %roundKeys, i10 %zext_ln52)

]]></Node>
<StgValue><ssdm name="call_ln52"/></StgValue>
</operation>
</state>

<state id="22" st_id="22">

<operation id="144" st_id="22" stage="1" lat="2">
<core></core>
<MemPortIdVec></MemPortIdVec>
<condition id="-1">
<or_exp><and_exp></and_exp></or_exp>
</condition>

<Node id="101" bw="0" op_0_bw="0" op_1_bw="8" op_2_bw="5" op_3_bw="8" op_4_bw="8" op_5_bw="0">
<![CDATA[
:0  call fastcc void @mixColViaLUT([16 x i8]* %iencrypted, i5 %ptr_0_rec_i)

]]></Node>
<StgValue><ssdm name="call_ln162"/></StgValue>
</operation>

<operation id="145" st_id="22" stage="1" lat="1">
<core>NULL</core>
<MemPortIdVec></MemPortIdVec>
<condition id="-1">
<or_exp><and_exp></and_exp></or_exp>
</condition>

<Node id="103" bw="0" op_0_bw="0">
<![CDATA[
:2  br label %6

]]></Node>
<StgValue><ssdm name="br_ln161"/></StgValue>
</operation>
</state>

<state id="23" st_id="23">

<operation id="146" st_id="23" stage="1" lat="2">
<core></core>
<MemPortIdVec></MemPortIdVec>
<condition id="-1">
<or_exp><and_exp></and_exp></or_exp>
</condition>

<Node id="108" bw="0" op_0_bw="0" op_1_bw="8" op_2_bw="8" op_3_bw="10" op_4_bw="0" op_5_bw="0">
<![CDATA[
mixColumnsInBlock.exit:3  call fastcc void @addRoundKey([16 x i8]* %iencrypted, [176 x i8]* %roundKeys, i10 %zext_ln52)

]]></Node>
<StgValue><ssdm name="call_ln52"/></StgValue>
</operation>

<operation id="147" st_id="23" stage="1" lat="1">
<core>NULL</core>
<MemPortIdVec></MemPortIdVec>
<condition id="-1">
<or_exp><and_exp></and_exp></or_exp>
</condition>

<Node id="109" bw="0" op_0_bw="0">
<![CDATA[
mixColumnsInBlock.exit:4  br label %4

]]></Node>
<StgValue><ssdm name="br_ln48"/></StgValue>
</operation>
</state>

<state id="24" st_id="24">

<operation id="148" st_id="24" stage="1" lat="1">
<core>NULL</core>
<MemPortIdVec></MemPortIdVec>
<condition id="-1">
<or_exp><and_exp></and_exp></or_exp>
</condition>

<Node id="113" bw="5" op_0_bw="5" op_1_bw="0" op_2_bw="5" op_3_bw="0">
<![CDATA[
.preheader:0  %i_0_i8 = phi i5 [ %i_4, %8 ], [ 0, %.preheader.preheader ]

]]></Node>
<StgValue><ssdm name="i_0_i8"/></StgValue>
</operation>

<operation id="149" st_id="24" stage="1" lat="1">
<core>Cmp</core>
<MemPortIdVec></MemPortIdVec>
<condition id="-1">
<or_exp><and_exp></and_exp></or_exp>
</condition>

<Node id="114" bw="1" op_0_bw="5" op_1_bw="5">
<![CDATA[
.preheader:1  %icmp_ln66 = icmp eq i5 %i_0_i8, -16

]]></Node>
<StgValue><ssdm name="icmp_ln66"/></StgValue>
</operation>

<operation id="150" st_id="24" stage="1" lat="1">
<core>NULL</core>
<MemPortIdVec></MemPortIdVec>
<condition id="-1">
<or_exp><and_exp></and_exp></or_exp>
</condition>

<Node id="115" bw="32" op_0_bw="32" op_1_bw="64" op_2_bw="64" op_3_bw="64">
<![CDATA[
.preheader:2  %empty_14 = call i32 (...)* @_ssdm_op_SpecLoopTripCount(i64 16, i64 16, i64 16)

]]></Node>
<StgValue><ssdm name="empty_14"/></StgValue>
</operation>

<operation id="151" st_id="24" stage="1" lat="1">
<core>AddSub</core>
<MemPortIdVec></MemPortIdVec>
<condition id="-1">
<or_exp><and_exp></and_exp></or_exp>
</condition>

<Node id="116" bw="5" op_0_bw="5" op_1_bw="5">
<![CDATA[
.preheader:3  %i_4 = add i5 %i_0_i8, 1

]]></Node>
<StgValue><ssdm name="i_4"/></StgValue>
</operation>

<operation id="152" st_id="24" stage="1" lat="1">
<core>NULL</core>
<MemPortIdVec></MemPortIdVec>
<condition id="-1">
<or_exp><and_exp></and_exp></or_exp>
</condition>

<Node id="117" bw="0" op_0_bw="1" op_1_bw="0" op_2_bw="0">
<![CDATA[
.preheader:4  br i1 %icmp_ln66, label %forwardSubst1.exit17, label %8

]]></Node>
<StgValue><ssdm name="br_ln66"/></StgValue>
</operation>

<operation id="153" st_id="24" stage="1" lat="1">
<core>NULL</core>
<MemPortIdVec></MemPortIdVec>
<condition id="-1">
<or_exp><and_exp><literal name="icmp_ln66" val="0"/>
</and_exp></or_exp>
</condition>

<Node id="119" bw="64" op_0_bw="5">
<![CDATA[
:0  %zext_ln67 = zext i5 %i_0_i8 to i64

]]></Node>
<StgValue><ssdm name="zext_ln67"/></StgValue>
</operation>

<operation id="154" st_id="24" stage="1" lat="1">
<core>NULL</core>
<MemPortIdVec></MemPortIdVec>
<condition id="-1">
<or_exp><and_exp><literal name="icmp_ln66" val="0"/>
</and_exp></or_exp>
</condition>

<Node id="120" bw="4" op_0_bw="8" op_1_bw="64" op_2_bw="64">
<![CDATA[
:1  %iencrypted_addr_13 = getelementptr [16 x i8]* %iencrypted, i64 0, i64 %zext_ln67

]]></Node>
<StgValue><ssdm name="iencrypted_addr_13"/></StgValue>
</operation>

<operation id="155" st_id="24" stage="2" lat="2">
<core>RAM</core>
<MemPortIdVec></MemPortIdVec>
<condition id="-1">
<or_exp><and_exp><literal name="icmp_ln66" val="0"/>
</and_exp></or_exp>
</condition>

<Node id="121" bw="8" op_0_bw="4">
<![CDATA[
:2  %iencrypted_load_11 = load i8* %iencrypted_addr_13, align 1

]]></Node>
<StgValue><ssdm name="iencrypted_load_11"/></StgValue>
</operation>

<operation id="156" st_id="24" stage="2" lat="2">
<core>RAM</core>
<MemPortIdVec></MemPortIdVec>
<condition id="-1">
<or_exp><and_exp><literal name="icmp_ln66" val="1"/>
</and_exp></or_exp>
</condition>

<Node id="128" bw="8" op_0_bw="4">
<![CDATA[
forwardSubst1.exit17:0  %tmp = load i8* %iencrypted_addr_1, align 1

]]></Node>
<StgValue><ssdm name="tmp"/></StgValue>
</operation>

<operation id="157" st_id="24" stage="2" lat="2">
<core>RAM</core>
<MemPortIdVec></MemPortIdVec>
<condition id="-1">
<or_exp><and_exp><literal name="icmp_ln66" val="1"/>
</and_exp></or_exp>
</condition>

<Node id="129" bw="8" op_0_bw="4">
<![CDATA[
forwardSubst1.exit17:1  %iencrypted_load = load i8* %iencrypted_addr_2, align 1

]]></Node>
<StgValue><ssdm name="iencrypted_load"/></StgValue>
</operation>
</state>

<state id="25" st_id="25">

<operation id="158" st_id="25" stage="1" lat="2">
<core>RAM</core>
<MemPortIdVec></MemPortIdVec>
<condition id="-1">
<or_exp><and_exp></and_exp></or_exp>
</condition>

<Node id="121" bw="8" op_0_bw="4">
<![CDATA[
:2  %iencrypted_load_11 = load i8* %iencrypted_addr_13, align 1

]]></Node>
<StgValue><ssdm name="iencrypted_load_11"/></StgValue>
</operation>

<operation id="159" st_id="25" stage="1" lat="1">
<core>NULL</core>
<MemPortIdVec></MemPortIdVec>
<condition id="-1">
<or_exp><and_exp></and_exp></or_exp>
</condition>

<Node id="122" bw="64" op_0_bw="8">
<![CDATA[
:3  %zext_ln67_1 = zext i8 %iencrypted_load_11 to i64

]]></Node>
<StgValue><ssdm name="zext_ln67_1"/></StgValue>
</operation>

<operation id="160" st_id="25" stage="1" lat="1">
<core>NULL</core>
<MemPortIdVec></MemPortIdVec>
<condition id="-1">
<or_exp><and_exp></and_exp></or_exp>
</condition>

<Node id="123" bw="8" op_0_bw="8" op_1_bw="64" op_2_bw="64">
<![CDATA[
:4  %sbox_addr = getelementptr inbounds [256 x i8]* @sbox, i64 0, i64 %zext_ln67_1

]]></Node>
<StgValue><ssdm name="sbox_addr"/></StgValue>
</operation>

<operation id="161" st_id="25" stage="2" lat="2">
<core>ROM_nP</core>
<MemPortIdVec></MemPortIdVec>
<condition id="-1">
<or_exp><and_exp></and_exp></or_exp>
</condition>

<Node id="124" bw="8" op_0_bw="8">
<![CDATA[
:5  %sbox_load = load i8* %sbox_addr, align 1

]]></Node>
<StgValue><ssdm name="sbox_load"/></StgValue>
</operation>
</state>

<state id="26" st_id="26">

<operation id="162" st_id="26" stage="1" lat="2">
<core>ROM_nP</core>
<MemPortIdVec></MemPortIdVec>
<condition id="-1">
<or_exp><and_exp></and_exp></or_exp>
</condition>

<Node id="124" bw="8" op_0_bw="8">
<![CDATA[
:5  %sbox_load = load i8* %sbox_addr, align 1

]]></Node>
<StgValue><ssdm name="sbox_load"/></StgValue>
</operation>

<operation id="163" st_id="26" stage="1" lat="1">
<core>RAM</core>
<MemPortIdVec></MemPortIdVec>
<condition id="-1">
<or_exp><and_exp></and_exp></or_exp>
</condition>

<Node id="125" bw="0" op_0_bw="8" op_1_bw="4" op_2_bw="8">
<![CDATA[
:6  store i8 %sbox_load, i8* %iencrypted_addr_13, align 1

]]></Node>
<StgValue><ssdm name="store_ln67"/></StgValue>
</operation>

<operation id="164" st_id="26" stage="1" lat="1">
<core>NULL</core>
<MemPortIdVec></MemPortIdVec>
<condition id="-1">
<or_exp><and_exp></and_exp></or_exp>
</condition>

<Node id="126" bw="0" op_0_bw="0">
<![CDATA[
:7  br label %.preheader

]]></Node>
<StgValue><ssdm name="br_ln66"/></StgValue>
</operation>
</state>

<state id="27" st_id="27">

<operation id="165" st_id="27" stage="1" lat="2">
<core>RAM</core>
<MemPortIdVec></MemPortIdVec>
<condition id="-1">
<or_exp><and_exp></and_exp></or_exp>
</condition>

<Node id="128" bw="8" op_0_bw="4">
<![CDATA[
forwardSubst1.exit17:0  %tmp = load i8* %iencrypted_addr_1, align 1

]]></Node>
<StgValue><ssdm name="tmp"/></StgValue>
</operation>

<operation id="166" st_id="27" stage="1" lat="2">
<core>RAM</core>
<MemPortIdVec></MemPortIdVec>
<condition id="-1">
<or_exp><and_exp></and_exp></or_exp>
</condition>

<Node id="129" bw="8" op_0_bw="4">
<![CDATA[
forwardSubst1.exit17:1  %iencrypted_load = load i8* %iencrypted_addr_2, align 1

]]></Node>
<StgValue><ssdm name="iencrypted_load"/></StgValue>
</operation>

<operation id="167" st_id="27" stage="2" lat="2">
<core>RAM</core>
<MemPortIdVec></MemPortIdVec>
<condition id="-1">
<or_exp><and_exp></and_exp></or_exp>
</condition>

<Node id="131" bw="8" op_0_bw="4">
<![CDATA[
forwardSubst1.exit17:3  %iencrypted_load_1 = load i8* %iencrypted_addr_3, align 1

]]></Node>
<StgValue><ssdm name="iencrypted_load_1"/></StgValue>
</operation>

<operation id="168" st_id="27" stage="2" lat="2">
<core>RAM</core>
<MemPortIdVec></MemPortIdVec>
<condition id="-1">
<or_exp><and_exp></and_exp></or_exp>
</condition>

<Node id="133" bw="8" op_0_bw="4">
<![CDATA[
forwardSubst1.exit17:5  %iencrypted_load_2 = load i8* %iencrypted_addr_4, align 1

]]></Node>
<StgValue><ssdm name="iencrypted_load_2"/></StgValue>
</operation>

<operation id="169" st_id="27" stage="1" lat="1">
<core>RAM</core>
<MemPortIdVec></MemPortIdVec>
<condition id="-1">
<or_exp><and_exp></and_exp></or_exp>
</condition>

<Node id="135" bw="0" op_0_bw="8" op_1_bw="4" op_2_bw="8">
<![CDATA[
forwardSubst1.exit17:7  store i8 %tmp, i8* %iencrypted_addr_4, align 1

]]></Node>
<StgValue><ssdm name="store_ln22"/></StgValue>
</operation>
</state>

<state id="28" st_id="28">

<operation id="170" st_id="28" stage="1" lat="2">
<core>RAM</core>
<MemPortIdVec></MemPortIdVec>
<condition id="-1">
<or_exp><and_exp></and_exp></or_exp>
</condition>

<Node id="131" bw="8" op_0_bw="4">
<![CDATA[
forwardSubst1.exit17:3  %iencrypted_load_1 = load i8* %iencrypted_addr_3, align 1

]]></Node>
<StgValue><ssdm name="iencrypted_load_1"/></StgValue>
</operation>

<operation id="171" st_id="28" stage="1" lat="2">
<core>RAM</core>
<MemPortIdVec></MemPortIdVec>
<condition id="-1">
<or_exp><and_exp></and_exp></or_exp>
</condition>

<Node id="133" bw="8" op_0_bw="4">
<![CDATA[
forwardSubst1.exit17:5  %iencrypted_load_2 = load i8* %iencrypted_addr_4, align 1

]]></Node>
<StgValue><ssdm name="iencrypted_load_2"/></StgValue>
</operation>

<operation id="172" st_id="28" stage="2" lat="2">
<core>RAM</core>
<MemPortIdVec></MemPortIdVec>
<condition id="-1">
<or_exp><and_exp></and_exp></or_exp>
</condition>

<Node id="136" bw="8" op_0_bw="4">
<![CDATA[
forwardSubst1.exit17:8  %tmp_1 = load i8* %iencrypted_addr_5, align 2

]]></Node>
<StgValue><ssdm name="tmp_1"/></StgValue>
</operation>

<operation id="173" st_id="28" stage="2" lat="2">
<core>RAM</core>
<MemPortIdVec></MemPortIdVec>
<condition id="-1">
<or_exp><and_exp></and_exp></or_exp>
</condition>

<Node id="137" bw="8" op_0_bw="4">
<![CDATA[
forwardSubst1.exit17:9  %iencrypted_load_4 = load i8* %iencrypted_addr_6, align 2

]]></Node>
<StgValue><ssdm name="iencrypted_load_4"/></StgValue>
</operation>
</state>

<state id="29" st_id="29">

<operation id="174" st_id="29" stage="1" lat="2">
<core>RAM</core>
<MemPortIdVec></MemPortIdVec>
<condition id="-1">
<or_exp><and_exp></and_exp></or_exp>
</condition>

<Node id="136" bw="8" op_0_bw="4">
<![CDATA[
forwardSubst1.exit17:8  %tmp_1 = load i8* %iencrypted_addr_5, align 2

]]></Node>
<StgValue><ssdm name="tmp_1"/></StgValue>
</operation>

<operation id="175" st_id="29" stage="1" lat="2">
<core>RAM</core>
<MemPortIdVec></MemPortIdVec>
<condition id="-1">
<or_exp><and_exp></and_exp></or_exp>
</condition>

<Node id="137" bw="8" op_0_bw="4">
<![CDATA[
forwardSubst1.exit17:9  %iencrypted_load_4 = load i8* %iencrypted_addr_6, align 2

]]></Node>
<StgValue><ssdm name="iencrypted_load_4"/></StgValue>
</operation>

<operation id="176" st_id="29" stage="2" lat="2">
<core>RAM</core>
<MemPortIdVec></MemPortIdVec>
<condition id="-1">
<or_exp><and_exp></and_exp></or_exp>
</condition>

<Node id="140" bw="8" op_0_bw="4">
<![CDATA[
forwardSubst1.exit17:12  %tmp_2 = load i8* %iencrypted_addr_7, align 2

]]></Node>
<StgValue><ssdm name="tmp_2"/></StgValue>
</operation>

<operation id="177" st_id="29" stage="2" lat="2">
<core>RAM</core>
<MemPortIdVec></MemPortIdVec>
<condition id="-1">
<or_exp><and_exp></and_exp></or_exp>
</condition>

<Node id="141" bw="8" op_0_bw="4">
<![CDATA[
forwardSubst1.exit17:13  %iencrypted_load_6 = load i8* %iencrypted_addr_8, align 2

]]></Node>
<StgValue><ssdm name="iencrypted_load_6"/></StgValue>
</operation>
</state>

<state id="30" st_id="30">

<operation id="178" st_id="30" stage="1" lat="2">
<core>RAM</core>
<MemPortIdVec></MemPortIdVec>
<condition id="-1">
<or_exp><and_exp></and_exp></or_exp>
</condition>

<Node id="140" bw="8" op_0_bw="4">
<![CDATA[
forwardSubst1.exit17:12  %tmp_2 = load i8* %iencrypted_addr_7, align 2

]]></Node>
<StgValue><ssdm name="tmp_2"/></StgValue>
</operation>

<operation id="179" st_id="30" stage="1" lat="2">
<core>RAM</core>
<MemPortIdVec></MemPortIdVec>
<condition id="-1">
<or_exp><and_exp></and_exp></or_exp>
</condition>

<Node id="141" bw="8" op_0_bw="4">
<![CDATA[
forwardSubst1.exit17:13  %iencrypted_load_6 = load i8* %iencrypted_addr_8, align 2

]]></Node>
<StgValue><ssdm name="iencrypted_load_6"/></StgValue>
</operation>

<operation id="180" st_id="30" stage="2" lat="2">
<core>RAM</core>
<MemPortIdVec></MemPortIdVec>
<condition id="-1">
<or_exp><and_exp></and_exp></or_exp>
</condition>

<Node id="144" bw="8" op_0_bw="4">
<![CDATA[
forwardSubst1.exit17:16  %tmp_3 = load i8* %iencrypted_addr_9, align 1

]]></Node>
<StgValue><ssdm name="tmp_3"/></StgValue>
</operation>

<operation id="181" st_id="30" stage="2" lat="2">
<core>RAM</core>
<MemPortIdVec></MemPortIdVec>
<condition id="-1">
<or_exp><and_exp></and_exp></or_exp>
</condition>

<Node id="145" bw="8" op_0_bw="4">
<![CDATA[
forwardSubst1.exit17:17  %iencrypted_load_8 = load i8* %iencrypted_addr_10, align 1

]]></Node>
<StgValue><ssdm name="iencrypted_load_8"/></StgValue>
</operation>
</state>

<state id="31" st_id="31">

<operation id="182" st_id="31" stage="1" lat="2">
<core>RAM</core>
<MemPortIdVec></MemPortIdVec>
<condition id="-1">
<or_exp><and_exp></and_exp></or_exp>
</condition>

<Node id="144" bw="8" op_0_bw="4">
<![CDATA[
forwardSubst1.exit17:16  %tmp_3 = load i8* %iencrypted_addr_9, align 1

]]></Node>
<StgValue><ssdm name="tmp_3"/></StgValue>
</operation>

<operation id="183" st_id="31" stage="1" lat="2">
<core>RAM</core>
<MemPortIdVec></MemPortIdVec>
<condition id="-1">
<or_exp><and_exp></and_exp></or_exp>
</condition>

<Node id="145" bw="8" op_0_bw="4">
<![CDATA[
forwardSubst1.exit17:17  %iencrypted_load_8 = load i8* %iencrypted_addr_10, align 1

]]></Node>
<StgValue><ssdm name="iencrypted_load_8"/></StgValue>
</operation>

<operation id="184" st_id="31" stage="2" lat="2">
<core>RAM</core>
<MemPortIdVec></MemPortIdVec>
<condition id="-1">
<or_exp><and_exp></and_exp></or_exp>
</condition>

<Node id="147" bw="8" op_0_bw="4">
<![CDATA[
forwardSubst1.exit17:19  %iencrypted_load_9 = load i8* %iencrypted_addr_11, align 1

]]></Node>
<StgValue><ssdm name="iencrypted_load_9"/></StgValue>
</operation>

<operation id="185" st_id="31" stage="2" lat="2">
<core>RAM</core>
<MemPortIdVec></MemPortIdVec>
<condition id="-1">
<or_exp><and_exp></and_exp></or_exp>
</condition>

<Node id="149" bw="8" op_0_bw="4">
<![CDATA[
forwardSubst1.exit17:21  %iencrypted_load_10 = load i8* %iencrypted_addr_12, align 1

]]></Node>
<StgValue><ssdm name="iencrypted_load_10"/></StgValue>
</operation>

<operation id="186" st_id="31" stage="1" lat="1">
<core>RAM</core>
<MemPortIdVec></MemPortIdVec>
<condition id="-1">
<or_exp><and_exp></and_exp></or_exp>
</condition>

<Node id="151" bw="0" op_0_bw="8" op_1_bw="4" op_2_bw="8">
<![CDATA[
forwardSubst1.exit17:23  store i8 %tmp_3, i8* %iencrypted_addr_12, align 1

]]></Node>
<StgValue><ssdm name="store_ln37"/></StgValue>
</operation>
</state>

<state id="32" st_id="32">

<operation id="187" st_id="32" stage="1" lat="1">
<core>RAM</core>
<MemPortIdVec></MemPortIdVec>
<condition id="-1">
<or_exp><and_exp></and_exp></or_exp>
</condition>

<Node id="130" bw="0" op_0_bw="8" op_1_bw="4" op_2_bw="8">
<![CDATA[
forwardSubst1.exit17:2  store i8 %iencrypted_load, i8* %iencrypted_addr_1, align 1

]]></Node>
<StgValue><ssdm name="store_ln19"/></StgValue>
</operation>

<operation id="188" st_id="32" stage="1" lat="1">
<core>RAM</core>
<MemPortIdVec></MemPortIdVec>
<condition id="-1">
<or_exp><and_exp></and_exp></or_exp>
</condition>

<Node id="132" bw="0" op_0_bw="8" op_1_bw="4" op_2_bw="8">
<![CDATA[
forwardSubst1.exit17:4  store i8 %iencrypted_load_1, i8* %iencrypted_addr_2, align 1

]]></Node>
<StgValue><ssdm name="store_ln20"/></StgValue>
</operation>

<operation id="189" st_id="32" stage="1" lat="2">
<core>RAM</core>
<MemPortIdVec></MemPortIdVec>
<condition id="-1">
<or_exp><and_exp></and_exp></or_exp>
</condition>

<Node id="147" bw="8" op_0_bw="4">
<![CDATA[
forwardSubst1.exit17:19  %iencrypted_load_9 = load i8* %iencrypted_addr_11, align 1

]]></Node>
<StgValue><ssdm name="iencrypted_load_9"/></StgValue>
</operation>

<operation id="190" st_id="32" stage="1" lat="2">
<core>RAM</core>
<MemPortIdVec></MemPortIdVec>
<condition id="-1">
<or_exp><and_exp></and_exp></or_exp>
</condition>

<Node id="149" bw="8" op_0_bw="4">
<![CDATA[
forwardSubst1.exit17:21  %iencrypted_load_10 = load i8* %iencrypted_addr_12, align 1

]]></Node>
<StgValue><ssdm name="iencrypted_load_10"/></StgValue>
</operation>
</state>

<state id="33" st_id="33">

<operation id="191" st_id="33" stage="1" lat="1">
<core>RAM</core>
<MemPortIdVec></MemPortIdVec>
<condition id="-1">
<or_exp><and_exp></and_exp></or_exp>
</condition>

<Node id="134" bw="0" op_0_bw="8" op_1_bw="4" op_2_bw="8">
<![CDATA[
forwardSubst1.exit17:6  store i8 %iencrypted_load_2, i8* %iencrypted_addr_3, align 1

]]></Node>
<StgValue><ssdm name="store_ln21"/></StgValue>
</operation>

<operation id="192" st_id="33" stage="1" lat="1">
<core>RAM</core>
<MemPortIdVec></MemPortIdVec>
<condition id="-1">
<or_exp><and_exp></and_exp></or_exp>
</condition>

<Node id="138" bw="0" op_0_bw="8" op_1_bw="4" op_2_bw="8">
<![CDATA[
forwardSubst1.exit17:10  store i8 %iencrypted_load_4, i8* %iencrypted_addr_5, align 2

]]></Node>
<StgValue><ssdm name="store_ln26"/></StgValue>
</operation>
</state>

<state id="34" st_id="34">

<operation id="193" st_id="34" stage="1" lat="1">
<core>RAM</core>
<MemPortIdVec></MemPortIdVec>
<condition id="-1">
<or_exp><and_exp></and_exp></or_exp>
</condition>

<Node id="139" bw="0" op_0_bw="8" op_1_bw="4" op_2_bw="8">
<![CDATA[
forwardSubst1.exit17:11  store i8 %tmp_1, i8* %iencrypted_addr_6, align 2

]]></Node>
<StgValue><ssdm name="store_ln27"/></StgValue>
</operation>

<operation id="194" st_id="34" stage="1" lat="1">
<core>RAM</core>
<MemPortIdVec></MemPortIdVec>
<condition id="-1">
<or_exp><and_exp></and_exp></or_exp>
</condition>

<Node id="142" bw="0" op_0_bw="8" op_1_bw="4" op_2_bw="8">
<![CDATA[
forwardSubst1.exit17:14  store i8 %iencrypted_load_6, i8* %iencrypted_addr_7, align 2

]]></Node>
<StgValue><ssdm name="store_ln29"/></StgValue>
</operation>
</state>

<state id="35" st_id="35">

<operation id="195" st_id="35" stage="1" lat="1">
<core>RAM</core>
<MemPortIdVec></MemPortIdVec>
<condition id="-1">
<or_exp><and_exp></and_exp></or_exp>
</condition>

<Node id="143" bw="0" op_0_bw="8" op_1_bw="4" op_2_bw="8">
<![CDATA[
forwardSubst1.exit17:15  store i8 %tmp_2, i8* %iencrypted_addr_8, align 2

]]></Node>
<StgValue><ssdm name="store_ln30"/></StgValue>
</operation>

<operation id="196" st_id="35" stage="1" lat="1">
<core>RAM</core>
<MemPortIdVec></MemPortIdVec>
<condition id="-1">
<or_exp><and_exp></and_exp></or_exp>
</condition>

<Node id="146" bw="0" op_0_bw="8" op_1_bw="4" op_2_bw="8">
<![CDATA[
forwardSubst1.exit17:18  store i8 %iencrypted_load_8, i8* %iencrypted_addr_9, align 1

]]></Node>
<StgValue><ssdm name="store_ln34"/></StgValue>
</operation>
</state>

<state id="36" st_id="36">

<operation id="197" st_id="36" stage="1" lat="1">
<core>RAM</core>
<MemPortIdVec></MemPortIdVec>
<condition id="-1">
<or_exp><and_exp></and_exp></or_exp>
</condition>

<Node id="148" bw="0" op_0_bw="8" op_1_bw="4" op_2_bw="8">
<![CDATA[
forwardSubst1.exit17:20  store i8 %iencrypted_load_9, i8* %iencrypted_addr_10, align 1

]]></Node>
<StgValue><ssdm name="store_ln35"/></StgValue>
</operation>

<operation id="198" st_id="36" stage="1" lat="1">
<core>RAM</core>
<MemPortIdVec></MemPortIdVec>
<condition id="-1">
<or_exp><and_exp></and_exp></or_exp>
</condition>

<Node id="150" bw="0" op_0_bw="8" op_1_bw="4" op_2_bw="8">
<![CDATA[
forwardSubst1.exit17:22  store i8 %iencrypted_load_10, i8* %iencrypted_addr_11, align 1

]]></Node>
<StgValue><ssdm name="store_ln36"/></StgValue>
</operation>
</state>

<state id="37" st_id="37">

<operation id="199" st_id="37" stage="2" lat="2">
<core></core>
<MemPortIdVec></MemPortIdVec>
<condition id="-1">
<or_exp><and_exp></and_exp></or_exp>
</condition>

<Node id="152" bw="0" op_0_bw="0" op_1_bw="8" op_2_bw="8" op_3_bw="10" op_4_bw="0" op_5_bw="0" op_6_bw="0" op_7_bw="0" op_8_bw="0" op_9_bw="0" op_10_bw="0" op_11_bw="0" op_12_bw="0" op_13_bw="0" op_14_bw="0" op_15_bw="0" op_16_bw="0" op_17_bw="0">
<![CDATA[
forwardSubst1.exit17:24  call fastcc void @addRoundKey([16 x i8]* %iencrypted, [176 x i8]* %roundKeys, i10 160)

]]></Node>
<StgValue><ssdm name="call_ln58"/></StgValue>
</operation>
</state>

<state id="38" st_id="38">

<operation id="200" st_id="38" stage="1" lat="2">
<core></core>
<MemPortIdVec></MemPortIdVec>
<condition id="-1">
<or_exp><and_exp></and_exp></or_exp>
</condition>

<Node id="152" bw="0" op_0_bw="0" op_1_bw="8" op_2_bw="8" op_3_bw="10" op_4_bw="0" op_5_bw="0" op_6_bw="0" op_7_bw="0" op_8_bw="0" op_9_bw="0" op_10_bw="0" op_11_bw="0" op_12_bw="0" op_13_bw="0" op_14_bw="0" op_15_bw="0" op_16_bw="0" op_17_bw="0">
<![CDATA[
forwardSubst1.exit17:24  call fastcc void @addRoundKey([16 x i8]* %iencrypted, [176 x i8]* %roundKeys, i10 160)

]]></Node>
<StgValue><ssdm name="call_ln58"/></StgValue>
</operation>

<operation id="201" st_id="38" stage="1" lat="1">
<core>NULL</core>
<MemPortIdVec></MemPortIdVec>
<condition id="-1">
<or_exp><and_exp></and_exp></or_exp>
</condition>

<Node id="153" bw="0" op_0_bw="0">
<![CDATA[
forwardSubst1.exit17:25  br label %9

]]></Node>
<StgValue><ssdm name="br_ln62"/></StgValue>
</operation>
</state>

<state id="39" st_id="39">

<operation id="202" st_id="39" stage="1" lat="1">
<core>NULL</core>
<MemPortIdVec></MemPortIdVec>
<condition id="-1">
<or_exp><and_exp></and_exp></or_exp>
</condition>

<Node id="155" bw="5" op_0_bw="5" op_1_bw="0" op_2_bw="5" op_3_bw="0">
<![CDATA[
:0  %i2_0 = phi i5 [ 0, %forwardSubst1.exit17 ], [ %i_6, %10 ]

]]></Node>
<StgValue><ssdm name="i2_0"/></StgValue>
</operation>

<operation id="203" st_id="39" stage="1" lat="1">
<core>Cmp</core>
<MemPortIdVec></MemPortIdVec>
<condition id="-1">
<or_exp><and_exp></and_exp></or_exp>
</condition>

<Node id="156" bw="1" op_0_bw="5" op_1_bw="5">
<![CDATA[
:1  %icmp_ln62 = icmp eq i5 %i2_0, -16

]]></Node>
<StgValue><ssdm name="icmp_ln62"/></StgValue>
</operation>

<operation id="204" st_id="39" stage="1" lat="1">
<core>NULL</core>
<MemPortIdVec></MemPortIdVec>
<condition id="-1">
<or_exp><and_exp></and_exp></or_exp>
</condition>

<Node id="157" bw="32" op_0_bw="32" op_1_bw="64" op_2_bw="64" op_3_bw="64">
<![CDATA[
:2  %empty_15 = call i32 (...)* @_ssdm_op_SpecLoopTripCount(i64 16, i64 16, i64 16)

]]></Node>
<StgValue><ssdm name="empty_15"/></StgValue>
</operation>

<operation id="205" st_id="39" stage="1" lat="1">
<core>AddSub</core>
<MemPortIdVec></MemPortIdVec>
<condition id="-1">
<or_exp><and_exp></and_exp></or_exp>
</condition>

<Node id="158" bw="5" op_0_bw="5" op_1_bw="5">
<![CDATA[
:3  %i_6 = add i5 %i2_0, 1

]]></Node>
<StgValue><ssdm name="i_6"/></StgValue>
</operation>

<operation id="206" st_id="39" stage="1" lat="1">
<core>NULL</core>
<MemPortIdVec></MemPortIdVec>
<condition id="-1">
<or_exp><and_exp></and_exp></or_exp>
</condition>

<Node id="159" bw="0" op_0_bw="1" op_1_bw="0" op_2_bw="0">
<![CDATA[
:4  br i1 %icmp_ln62, label %11, label %10

]]></Node>
<StgValue><ssdm name="br_ln62"/></StgValue>
</operation>

<operation id="207" st_id="39" stage="1" lat="1">
<core>NULL</core>
<MemPortIdVec></MemPortIdVec>
<condition id="-1">
<or_exp><and_exp><literal name="icmp_ln62" val="0"/>
</and_exp></or_exp>
</condition>

<Node id="161" bw="64" op_0_bw="5">
<![CDATA[
:0  %zext_ln63 = zext i5 %i2_0 to i64

]]></Node>
<StgValue><ssdm name="zext_ln63"/></StgValue>
</operation>

<operation id="208" st_id="39" stage="1" lat="1">
<core>NULL</core>
<MemPortIdVec></MemPortIdVec>
<condition id="-1">
<or_exp><and_exp><literal name="icmp_ln62" val="0"/>
</and_exp></or_exp>
</condition>

<Node id="162" bw="4" op_0_bw="8" op_1_bw="64" op_2_bw="64">
<![CDATA[
:1  %ptr_addr_1 = getelementptr inbounds [16 x i8]* %iencrypted, i64 0, i64 %zext_ln63

]]></Node>
<StgValue><ssdm name="ptr_addr_1"/></StgValue>
</operation>

<operation id="209" st_id="39" stage="2" lat="2">
<core>RAM</core>
<MemPortIdVec></MemPortIdVec>
<condition id="-1">
<or_exp><and_exp><literal name="icmp_ln62" val="0"/>
</and_exp></or_exp>
</condition>

<Node id="163" bw="8" op_0_bw="4">
<![CDATA[
:2  %ptr_load_1 = load i8* %ptr_addr_1, align 1

]]></Node>
<StgValue><ssdm name="ptr_load_1"/></StgValue>
</operation>

<operation id="210" st_id="39" stage="1" lat="1">
<core>NULL</core>
<MemPortIdVec></MemPortIdVec>
<condition id="-1">
<or_exp><and_exp><literal name="icmp_ln62" val="1"/>
</and_exp></or_exp>
</condition>

<Node id="168" bw="0">
<![CDATA[
:0  ret void

]]></Node>
<StgValue><ssdm name="ret_ln66"/></StgValue>
</operation>
</state>

<state id="40" st_id="40">

<operation id="211" st_id="40" stage="1" lat="2">
<core>RAM</core>
<MemPortIdVec></MemPortIdVec>
<condition id="-1">
<or_exp><and_exp></and_exp></or_exp>
</condition>

<Node id="163" bw="8" op_0_bw="4">
<![CDATA[
:2  %ptr_load_1 = load i8* %ptr_addr_1, align 1

]]></Node>
<StgValue><ssdm name="ptr_load_1"/></StgValue>
</operation>

<operation id="212" st_id="40" stage="1" lat="1">
<core>NULL</core>
<MemPortIdVec></MemPortIdVec>
<condition id="-1">
<or_exp><and_exp></and_exp></or_exp>
</condition>

<Node id="164" bw="4" op_0_bw="8" op_1_bw="64" op_2_bw="64">
<![CDATA[
:3  %encrypted_addr = getelementptr [16 x i8]* %encrypted, i64 0, i64 %zext_ln63

]]></Node>
<StgValue><ssdm name="encrypted_addr"/></StgValue>
</operation>

<operation id="213" st_id="40" stage="1" lat="1">
<core>RAM</core>
<MemPortIdVec></MemPortIdVec>
<condition id="-1">
<or_exp><and_exp></and_exp></or_exp>
</condition>

<Node id="165" bw="0" op_0_bw="8" op_1_bw="4">
<![CDATA[
:4  store i8 %ptr_load_1, i8* %encrypted_addr, align 1

]]></Node>
<StgValue><ssdm name="store_ln63"/></StgValue>
</operation>

<operation id="214" st_id="40" stage="1" lat="1">
<core>NULL</core>
<MemPortIdVec></MemPortIdVec>
<condition id="-1">
<or_exp><and_exp></and_exp></or_exp>
</condition>

<Node id="166" bw="0" op_0_bw="0">
<![CDATA[
:5  br label %9

]]></Node>
<StgValue><ssdm name="br_ln62"/></StgValue>
</operation>
</state>
</state_list>


<ports>
</ports>


<dataflows>
</dataflows>


</stg>
