<profile>

<section name = "Vivado HLS Report for 'aes_encrypt_impl'" level="0">
<item name = "Date">Sat Apr  2 16:29:04 2022
</item>
<item name = "Version">2020.1 (Build 2897737 on Wed May 27 20:21:37 MDT 2020)</item>
<item name = "Project">aes_hw_impl_hls</item>
<item name = "Solution">solution2</item>
<item name = "Product family">zynq</item>
<item name = "Target device">xc7z020-clg400-1</item>
</section>

<section name = "Performance Estimates" level="0">
<item name = "Timing">
<section name = "" level="1">
<item name = "Summary"><table name="" hasTotal="0">
<keys size="4">Clock, Target, Estimated, Uncertainty</keys>
<column name="ap_clk">10.00 ns, 7.501 ns, 1.25 ns</column>
</table>
</item>
</section>
</item>
<item name = "Latency">
<section name = "" level="1">
<item name = "Summary"><table name="" hasTotal="0">
<keys size="8">, min, max, min, max, min, max, Type</keys>
<column name="">1854, 1854, 18.540 us, 18.540 us, 1854, 1854, none</column>
</table>
</item>
<item name = "Detail">
<section name = "" level="1">
<item name = "Instance"><table name="" hasTotal="0">
<keys size="9">Instance, Module, min, max, min, max, min, max, Type</keys>
<column name="grp_aes_encrypt_fu_236">aes_encrypt, 1785, 1785, 17.850 us, 17.850 us, 1785, 1785, none</column>
</table>
</item>
<item name = "Loop"><table name="" hasTotal="0">
<keys size="8">Loop Name, min, max, Latency, achieved, target, Count, Pipelined</keys>
<column name="- Loop 1">16, 16, 1, -, -, 16, no</column>
<column name="- Loop 2">16, 16, 1, -, -, 16, no</column>
<column name="- Loop 3">32, 32, 2, -, -, 16, no</column>
</table>
</item>
</section>
</item>
</section>
</item>
</section>

<section name = "Utilization Estimates" level="0">
<item name = "Summary"><table name="" hasTotal="1">
<keys size="6">Name, BRAM_18K, DSP48E, FF, LUT, URAM</keys>
<column name="DSP">-, -, -, -, -</column>
<column name="Expression">-, -, 0, 1522, -</column>
<column name="FIFO">-, -, -, -, -</column>
<column name="Instance">12, -, 583, 2061, 0</column>
<column name="Memory">0, -, 48, 6, 0</column>
<column name="Multiplexer">-, -, -, 203, -</column>
<column name="Register">-, -, 452, -, -</column>
<specialColumn name="Available">280, 220, 106400, 53200, 0</specialColumn>
<specialColumn name="Utilization (%)">4, 0, 1, 7, 0</specialColumn>
</table>
</item>
<item name = "Detail">
<section name = "" level="1">
<item name = "Instance"><table name="" hasTotal="1">
<keys size="7">Instance, Module, BRAM_18K, DSP48E, FF, LUT, URAM</keys>
<column name="grp_aes_encrypt_fu_236">aes_encrypt, 12, 0, 419, 1765, 0</column>
<column name="aes_encrypt_impl_AXILiteS_s_axi_U">aes_encrypt_impl_AXILiteS_s_axi, 0, 0, 164, 296, 0</column>
</table>
</item>
<item name = "DSP48E"><table name="" hasTotal="0">
<keys size="3">Instance, Module, Expression</keys>
</table>
</item>
<item name = "Memory"><table name="" hasTotal="1">
<keys size="10">Memory, Module, BRAM_18K, FF, LUT, URAM, Words, Bits, Banks, W*Bits*Banks</keys>
<column name="keyarr_U">aes_encrypt_impl_eOg, 0, 16, 2, 0, 16, 8, 1, 128</column>
<column name="blockarr_U">aes_encrypt_impl_fYi, 0, 16, 2, 0, 16, 8, 1, 128</column>
<column name="ansarr_U">aes_encrypt_impl_fYi, 0, 16, 2, 0, 16, 8, 1, 128</column>
</table>
</item>
<item name = "FIFO"><table name="" hasTotal="1">
<keys size="8">Name, BRAM_18K, FF, LUT, URAM, Depth, Bits, Size:D*B</keys>
</table>
</item>
<item name = "Expression"><table name="" hasTotal="1">
<keys size="7">Variable Name, Operation, DSP48E, FF, LUT, Bitwidth P0, Bitwidth P1</keys>
<column name="i_2_fu_334_p2">+, 0, 0, 15, 5, 1</column>
<column name="i_3_fu_383_p2">+, 0, 0, 15, 5, 1</column>
<column name="i_fu_285_p2">+, 0, 0, 15, 5, 1</column>
<column name="sub_ln70_1_fu_366_p2">-, 0, 0, 15, 4, 5</column>
<column name="sub_ln70_fu_317_p2">-, 0, 0, 15, 4, 5</column>
<column name="sub_ln77_fu_409_p2">-, 0, 0, 15, 5, 7</column>
<column name="ap_block_state5_io">and, 0, 0, 2, 1, 1</column>
<column name="icmp_ln69_1_fu_328_p2">icmp, 0, 0, 11, 5, 6</column>
<column name="icmp_ln69_fu_279_p2">icmp, 0, 0, 11, 5, 6</column>
<column name="icmp_ln76_fu_377_p2">icmp, 0, 0, 11, 5, 6</column>
<column name="lshr_ln1503_1_fu_356_p2">lshr, 0, 0, 423, 128, 128</column>
<column name="lshr_ln1503_fu_307_p2">lshr, 0, 0, 423, 128, 128</column>
<column name="r_V_fu_419_p2">shl, 0, 0, 423, 128, 128</column>
<column name="ans_V_fu_425_p2">xor, 0, 0, 128, 128, 128</column>
</table>
</item>
<item name = "Multiplexer"><table name="" hasTotal="1">
<keys size="5">Name, LUT, Input Size, Bits, Total Bits</keys>
<column name="ansEncrypt_V_reg_211">9, 2, 128, 256</column>
<column name="ansarr_address0">15, 3, 4, 12</column>
<column name="ansarr_ce0">15, 3, 1, 3</column>
<column name="ansarr_we0">9, 2, 1, 2</column>
<column name="ap_NS_fsm">41, 8, 1, 8</column>
<column name="block_r_TDATA_blk_n">9, 2, 1, 2</column>
<column name="blockarr_address0">15, 3, 4, 12</column>
<column name="blockarr_ce0">15, 3, 1, 3</column>
<column name="encrypted_TDATA_blk_n">9, 2, 1, 2</column>
<column name="i_0_i14_reg_225">9, 2, 5, 10</column>
<column name="i_0_i2_reg_200">9, 2, 5, 10</column>
<column name="i_0_i_reg_189">9, 2, 5, 10</column>
<column name="keyarr_address0">15, 3, 4, 12</column>
<column name="keyarr_ce0">15, 3, 1, 3</column>
<column name="keyarr_ce1">9, 2, 1, 2</column>
</table>
</item>
<item name = "Register"><table name="" hasTotal="1">
<keys size="5">Name, FF, LUT, Bits, Const Bits</keys>
<column name="ansEncrypt_V_reg_211">128, 0, 128, 0</column>
<column name="ap_CS_fsm">7, 0, 7, 0</column>
<column name="block_data_V_tmp_reg_436">128, 0, 128, 0</column>
<column name="block_dest_V_tmp_reg_466">1, 0, 1, 0</column>
<column name="block_id_V_tmp_reg_461">1, 0, 1, 0</column>
<column name="block_keep_V_tmp_reg_441">16, 0, 16, 0</column>
<column name="block_last_V_tmp_reg_456">1, 0, 1, 0</column>
<column name="block_strb_V_tmp_reg_446">16, 0, 16, 0</column>
<column name="block_user_V_tmp_reg_451">1, 0, 1, 0</column>
<column name="grp_aes_encrypt_fu_236_ap_start_reg">1, 0, 1, 0</column>
<column name="i_0_i14_reg_225">5, 0, 5, 0</column>
<column name="i_0_i2_reg_200">5, 0, 5, 0</column>
<column name="i_0_i_reg_189">5, 0, 5, 0</column>
<column name="i_3_reg_490">5, 0, 5, 0</column>
<column name="key_const_V_read_reg_431">128, 0, 128, 0</column>
<column name="trunc_ln77_reg_500">4, 0, 4, 0</column>
</table>
</item>
</section>
</item>
</section>

<section name = "Interface" level="0">
<item name = "Summary"><table name="" hasTotal="0">
<keys size="6">RTL Ports, Dir, Bits, Protocol, Source Object, C Type</keys>
<column name="s_axi_AXILiteS_AWVALID">in, 1, s_axi, AXILiteS, scalar</column>
<column name="s_axi_AXILiteS_AWREADY">out, 1, s_axi, AXILiteS, scalar</column>
<column name="s_axi_AXILiteS_AWADDR">in, 6, s_axi, AXILiteS, scalar</column>
<column name="s_axi_AXILiteS_WVALID">in, 1, s_axi, AXILiteS, scalar</column>
<column name="s_axi_AXILiteS_WREADY">out, 1, s_axi, AXILiteS, scalar</column>
<column name="s_axi_AXILiteS_WDATA">in, 32, s_axi, AXILiteS, scalar</column>
<column name="s_axi_AXILiteS_WSTRB">in, 4, s_axi, AXILiteS, scalar</column>
<column name="s_axi_AXILiteS_ARVALID">in, 1, s_axi, AXILiteS, scalar</column>
<column name="s_axi_AXILiteS_ARREADY">out, 1, s_axi, AXILiteS, scalar</column>
<column name="s_axi_AXILiteS_ARADDR">in, 6, s_axi, AXILiteS, scalar</column>
<column name="s_axi_AXILiteS_RVALID">out, 1, s_axi, AXILiteS, scalar</column>
<column name="s_axi_AXILiteS_RREADY">in, 1, s_axi, AXILiteS, scalar</column>
<column name="s_axi_AXILiteS_RDATA">out, 32, s_axi, AXILiteS, scalar</column>
<column name="s_axi_AXILiteS_RRESP">out, 2, s_axi, AXILiteS, scalar</column>
<column name="s_axi_AXILiteS_BVALID">out, 1, s_axi, AXILiteS, scalar</column>
<column name="s_axi_AXILiteS_BREADY">in, 1, s_axi, AXILiteS, scalar</column>
<column name="s_axi_AXILiteS_BRESP">out, 2, s_axi, AXILiteS, scalar</column>
<column name="ap_clk">in, 1, ap_ctrl_none, aes_encrypt_impl, return value</column>
<column name="ap_rst_n">in, 1, ap_ctrl_none, aes_encrypt_impl, return value</column>
<column name="block_r_TDATA">in, 128, axis, block_data_V, pointer</column>
<column name="block_r_TVALID">in, 1, axis, block_dest_V, pointer</column>
<column name="block_r_TREADY">out, 1, axis, block_dest_V, pointer</column>
<column name="block_r_TDEST">in, 1, axis, block_dest_V, pointer</column>
<column name="block_r_TKEEP">in, 16, axis, block_keep_V, pointer</column>
<column name="block_r_TSTRB">in, 16, axis, block_strb_V, pointer</column>
<column name="block_r_TUSER">in, 1, axis, block_user_V, pointer</column>
<column name="block_r_TLAST">in, 1, axis, block_last_V, pointer</column>
<column name="block_r_TID">in, 1, axis, block_id_V, pointer</column>
<column name="encrypted_TDATA">out, 128, axis, encrypted_data_V, pointer</column>
<column name="encrypted_TVALID">out, 1, axis, encrypted_dest_V, pointer</column>
<column name="encrypted_TREADY">in, 1, axis, encrypted_dest_V, pointer</column>
<column name="encrypted_TDEST">out, 1, axis, encrypted_dest_V, pointer</column>
<column name="encrypted_TKEEP">out, 16, axis, encrypted_keep_V, pointer</column>
<column name="encrypted_TSTRB">out, 16, axis, encrypted_strb_V, pointer</column>
<column name="encrypted_TUSER">out, 1, axis, encrypted_user_V, pointer</column>
<column name="encrypted_TLAST">out, 1, axis, encrypted_last_V, pointer</column>
<column name="encrypted_TID">out, 1, axis, encrypted_id_V, pointer</column>
</table>
</item>
</section>
</profile>
