<stg><name>aes_encrypt_impl</name>


<trans_list>

<trans id="96" from="1" to="2">
<condition id="-1">
<or_exp><and_exp></and_exp></or_exp>
</condition>
</trans>

<trans id="97" from="2" to="2">
<condition id="-1">
<or_exp><and_exp><literal name="icmp_ln69" val="0"/>
</and_exp></or_exp>
</condition>
</trans>

<trans id="98" from="2" to="3">
<condition id="-1">
<or_exp><and_exp><literal name="icmp_ln69" val="1"/>
</and_exp></or_exp>
</condition>
</trans>

<trans id="99" from="3" to="4">
<condition id="-1">
<or_exp><and_exp><literal name="icmp_ln69_1" val="1"/>
</and_exp></or_exp>
</condition>
</trans>

<trans id="100" from="3" to="3">
<condition id="-1">
<or_exp><and_exp><literal name="icmp_ln69_1" val="0"/>
</and_exp></or_exp>
</condition>
</trans>

<trans id="102" from="4" to="5">
<condition id="-1">
<or_exp><and_exp></and_exp></or_exp>
</condition>
</trans>

<trans id="103" from="5" to="6">
<condition id="-1">
<or_exp><and_exp><literal name="icmp_ln76" val="0"/>
</and_exp></or_exp>
</condition>
</trans>

<trans id="104" from="5" to="7">
<condition id="-1">
<or_exp><and_exp><literal name="icmp_ln76" val="1"/>
</and_exp></or_exp>
</condition>
</trans>

<trans id="106" from="6" to="5">
<condition id="-1">
<or_exp><and_exp></and_exp></or_exp>
</condition>
</trans>
</trans_list>



<state_list>

<state id="1" st_id="1">

<operation id="8" st_id="1" stage="1" lat="1">
<core>s_axilite</core>
<MemPortIdVec></MemPortIdVec>
<condition id="-1">
<or_exp><and_exp></and_exp></or_exp>
</condition>

<Node id="24" bw="128" op_0_bw="128" op_1_bw="128">
<![CDATA[
:0  %key_const_V_read = call i128 @_ssdm_op_Read.s_axilite.i128(i128 %key_const_V)

]]></Node>
<StgValue><ssdm name="key_const_V_read"/></StgValue>
</operation>

<operation id="9" st_id="1" stage="1" lat="1">
<core>NULL</core>
<MemPortIdVec></MemPortIdVec>
<condition id="-1">
<or_exp><and_exp></and_exp></or_exp>
</condition>

<Node id="25" bw="0" op_0_bw="0" op_1_bw="128">
<![CDATA[
:1  call void (...)* @_ssdm_op_SpecBitsMap(i128* %block_data_V), !map !107

]]></Node>
<StgValue><ssdm name="specbitsmap_ln0"/></StgValue>
</operation>

<operation id="10" st_id="1" stage="1" lat="1">
<core>NULL</core>
<MemPortIdVec></MemPortIdVec>
<condition id="-1">
<or_exp><and_exp></and_exp></or_exp>
</condition>

<Node id="26" bw="0" op_0_bw="0" op_1_bw="16">
<![CDATA[
:2  call void (...)* @_ssdm_op_SpecBitsMap(i16* %block_keep_V), !map !113

]]></Node>
<StgValue><ssdm name="specbitsmap_ln0"/></StgValue>
</operation>

<operation id="11" st_id="1" stage="1" lat="1">
<core>NULL</core>
<MemPortIdVec></MemPortIdVec>
<condition id="-1">
<or_exp><and_exp></and_exp></or_exp>
</condition>

<Node id="27" bw="0" op_0_bw="0" op_1_bw="16">
<![CDATA[
:3  call void (...)* @_ssdm_op_SpecBitsMap(i16* %block_strb_V), !map !117

]]></Node>
<StgValue><ssdm name="specbitsmap_ln0"/></StgValue>
</operation>

<operation id="12" st_id="1" stage="1" lat="1">
<core>NULL</core>
<MemPortIdVec></MemPortIdVec>
<condition id="-1">
<or_exp><and_exp></and_exp></or_exp>
</condition>

<Node id="28" bw="0" op_0_bw="0" op_1_bw="1">
<![CDATA[
:4  call void (...)* @_ssdm_op_SpecBitsMap(i1* %block_user_V), !map !121

]]></Node>
<StgValue><ssdm name="specbitsmap_ln0"/></StgValue>
</operation>

<operation id="13" st_id="1" stage="1" lat="1">
<core>NULL</core>
<MemPortIdVec></MemPortIdVec>
<condition id="-1">
<or_exp><and_exp></and_exp></or_exp>
</condition>

<Node id="29" bw="0" op_0_bw="0" op_1_bw="1">
<![CDATA[
:5  call void (...)* @_ssdm_op_SpecBitsMap(i1* %block_last_V), !map !125

]]></Node>
<StgValue><ssdm name="specbitsmap_ln0"/></StgValue>
</operation>

<operation id="14" st_id="1" stage="1" lat="1">
<core>NULL</core>
<MemPortIdVec></MemPortIdVec>
<condition id="-1">
<or_exp><and_exp></and_exp></or_exp>
</condition>

<Node id="30" bw="0" op_0_bw="0" op_1_bw="1">
<![CDATA[
:6  call void (...)* @_ssdm_op_SpecBitsMap(i1* %block_id_V), !map !129

]]></Node>
<StgValue><ssdm name="specbitsmap_ln0"/></StgValue>
</operation>

<operation id="15" st_id="1" stage="1" lat="1">
<core>NULL</core>
<MemPortIdVec></MemPortIdVec>
<condition id="-1">
<or_exp><and_exp></and_exp></or_exp>
</condition>

<Node id="31" bw="0" op_0_bw="0" op_1_bw="1">
<![CDATA[
:7  call void (...)* @_ssdm_op_SpecBitsMap(i1* %block_dest_V), !map !133

]]></Node>
<StgValue><ssdm name="specbitsmap_ln0"/></StgValue>
</operation>

<operation id="16" st_id="1" stage="1" lat="1">
<core>NULL</core>
<MemPortIdVec></MemPortIdVec>
<condition id="-1">
<or_exp><and_exp></and_exp></or_exp>
</condition>

<Node id="32" bw="0" op_0_bw="0" op_1_bw="128">
<![CDATA[
:8  call void (...)* @_ssdm_op_SpecBitsMap(i128* %encrypted_data_V), !map !137

]]></Node>
<StgValue><ssdm name="specbitsmap_ln0"/></StgValue>
</operation>

<operation id="17" st_id="1" stage="1" lat="1">
<core>NULL</core>
<MemPortIdVec></MemPortIdVec>
<condition id="-1">
<or_exp><and_exp></and_exp></or_exp>
</condition>

<Node id="33" bw="0" op_0_bw="0" op_1_bw="16">
<![CDATA[
:9  call void (...)* @_ssdm_op_SpecBitsMap(i16* %encrypted_keep_V), !map !141

]]></Node>
<StgValue><ssdm name="specbitsmap_ln0"/></StgValue>
</operation>

<operation id="18" st_id="1" stage="1" lat="1">
<core>NULL</core>
<MemPortIdVec></MemPortIdVec>
<condition id="-1">
<or_exp><and_exp></and_exp></or_exp>
</condition>

<Node id="34" bw="0" op_0_bw="0" op_1_bw="16">
<![CDATA[
:10  call void (...)* @_ssdm_op_SpecBitsMap(i16* %encrypted_strb_V), !map !145

]]></Node>
<StgValue><ssdm name="specbitsmap_ln0"/></StgValue>
</operation>

<operation id="19" st_id="1" stage="1" lat="1">
<core>NULL</core>
<MemPortIdVec></MemPortIdVec>
<condition id="-1">
<or_exp><and_exp></and_exp></or_exp>
</condition>

<Node id="35" bw="0" op_0_bw="0" op_1_bw="1">
<![CDATA[
:11  call void (...)* @_ssdm_op_SpecBitsMap(i1* %encrypted_user_V), !map !149

]]></Node>
<StgValue><ssdm name="specbitsmap_ln0"/></StgValue>
</operation>

<operation id="20" st_id="1" stage="1" lat="1">
<core>NULL</core>
<MemPortIdVec></MemPortIdVec>
<condition id="-1">
<or_exp><and_exp></and_exp></or_exp>
</condition>

<Node id="36" bw="0" op_0_bw="0" op_1_bw="1">
<![CDATA[
:12  call void (...)* @_ssdm_op_SpecBitsMap(i1* %encrypted_last_V), !map !153

]]></Node>
<StgValue><ssdm name="specbitsmap_ln0"/></StgValue>
</operation>

<operation id="21" st_id="1" stage="1" lat="1">
<core>NULL</core>
<MemPortIdVec></MemPortIdVec>
<condition id="-1">
<or_exp><and_exp></and_exp></or_exp>
</condition>

<Node id="37" bw="0" op_0_bw="0" op_1_bw="1">
<![CDATA[
:13  call void (...)* @_ssdm_op_SpecBitsMap(i1* %encrypted_id_V), !map !157

]]></Node>
<StgValue><ssdm name="specbitsmap_ln0"/></StgValue>
</operation>

<operation id="22" st_id="1" stage="1" lat="1">
<core>NULL</core>
<MemPortIdVec></MemPortIdVec>
<condition id="-1">
<or_exp><and_exp></and_exp></or_exp>
</condition>

<Node id="38" bw="0" op_0_bw="0" op_1_bw="1">
<![CDATA[
:14  call void (...)* @_ssdm_op_SpecBitsMap(i1* %encrypted_dest_V), !map !161

]]></Node>
<StgValue><ssdm name="specbitsmap_ln0"/></StgValue>
</operation>

<operation id="23" st_id="1" stage="1" lat="1">
<core>NULL</core>
<MemPortIdVec></MemPortIdVec>
<condition id="-1">
<or_exp><and_exp></and_exp></or_exp>
</condition>

<Node id="39" bw="0" op_0_bw="0" op_1_bw="128">
<![CDATA[
:15  call void (...)* @_ssdm_op_SpecBitsMap(i128 %key_const_V), !map !165

]]></Node>
<StgValue><ssdm name="specbitsmap_ln0"/></StgValue>
</operation>

<operation id="24" st_id="1" stage="1" lat="1">
<core>NULL</core>
<MemPortIdVec></MemPortIdVec>
<condition id="-1">
<or_exp><and_exp></and_exp></or_exp>
</condition>

<Node id="40" bw="0" op_0_bw="0" op_1_bw="0">
<![CDATA[
:16  call void (...)* @_ssdm_op_SpecTopModule([17 x i8]* @aes_encrypt_impl_str) nounwind

]]></Node>
<StgValue><ssdm name="spectopmodule_ln0"/></StgValue>
</operation>

<operation id="25" st_id="1" stage="1" lat="1">
<core>RAM</core>
<MemPortIdVec></MemPortIdVec>
<condition id="-1">
<or_exp><and_exp></and_exp></or_exp>
</condition>

<Node id="41" bw="8" op_0_bw="64">
<![CDATA[
:17  %keyarr = alloca [16 x i8], align 16

]]></Node>
<StgValue><ssdm name="keyarr"/><MemPortTyVec>2 1 </MemPortTyVec>
</StgValue>
</operation>

<operation id="26" st_id="1" stage="1" lat="1">
<core>RAM</core>
<MemPortIdVec></MemPortIdVec>
<condition id="-1">
<or_exp><and_exp></and_exp></or_exp>
</condition>

<Node id="42" bw="8" op_0_bw="64">
<![CDATA[
:18  %blockarr = alloca [16 x i8], align 16

]]></Node>
<StgValue><ssdm name="blockarr"/><MemPortTyVec>2 3 </MemPortTyVec>
</StgValue>
</operation>

<operation id="27" st_id="1" stage="1" lat="1">
<core>RAM</core>
<MemPortIdVec></MemPortIdVec>
<condition id="-1">
<or_exp><and_exp></and_exp></or_exp>
</condition>

<Node id="43" bw="8" op_0_bw="64">
<![CDATA[
:19  %ansarr = alloca [16 x i8], align 16

]]></Node>
<StgValue><ssdm name="ansarr"/><MemPortTyVec>2 3 </MemPortTyVec>
</StgValue>
</operation>

<operation id="28" st_id="1" stage="1" lat="1">
<core>NULL</core>
<MemPortIdVec></MemPortIdVec>
<condition id="-1">
<or_exp><and_exp></and_exp></or_exp>
</condition>

<Node id="44" bw="0" op_0_bw="0" op_1_bw="128" op_2_bw="16" op_3_bw="16" op_4_bw="1" op_5_bw="1" op_6_bw="1" op_7_bw="1" op_8_bw="0" op_9_bw="32" op_10_bw="32" op_11_bw="0" op_12_bw="32" op_13_bw="32" op_14_bw="0" op_15_bw="0" op_16_bw="0" op_17_bw="32" op_18_bw="32" op_19_bw="32" op_20_bw="32" op_21_bw="0" op_22_bw="0">
<![CDATA[
:20  call void (...)* @_ssdm_op_SpecInterface(i128* %encrypted_data_V, i16* %encrypted_keep_V, i16* %encrypted_strb_V, i1* %encrypted_user_V, i1* %encrypted_last_V, i1* %encrypted_id_V, i1* %encrypted_dest_V, [5 x i8]* @p_str, i32 1, i32 1, [5 x i8]* @p_str1, i32 0, i32 0, [1 x i8]* @p_str2, [1 x i8]* @p_str2, [1 x i8]* @p_str2, i32 0, i32 0, i32 0, i32 0, [1 x i8]* @p_str2, [1 x i8]* @p_str2) nounwind

]]></Node>
<StgValue><ssdm name="specinterface_ln83"/></StgValue>
</operation>

<operation id="29" st_id="1" stage="1" lat="1">
<core>NULL</core>
<MemPortIdVec></MemPortIdVec>
<condition id="-1">
<or_exp><and_exp></and_exp></or_exp>
</condition>

<Node id="45" bw="0" op_0_bw="0" op_1_bw="128" op_2_bw="16" op_3_bw="16" op_4_bw="1" op_5_bw="1" op_6_bw="1" op_7_bw="1" op_8_bw="0" op_9_bw="32" op_10_bw="32" op_11_bw="0" op_12_bw="32" op_13_bw="32" op_14_bw="0" op_15_bw="0" op_16_bw="0" op_17_bw="32" op_18_bw="32" op_19_bw="32" op_20_bw="32" op_21_bw="0" op_22_bw="0">
<![CDATA[
:21  call void (...)* @_ssdm_op_SpecInterface(i128* %block_data_V, i16* %block_keep_V, i16* %block_strb_V, i1* %block_user_V, i1* %block_last_V, i1* %block_id_V, i1* %block_dest_V, [5 x i8]* @p_str, i32 1, i32 1, [5 x i8]* @p_str1, i32 0, i32 0, [1 x i8]* @p_str2, [1 x i8]* @p_str2, [1 x i8]* @p_str2, i32 0, i32 0, i32 0, i32 0, [1 x i8]* @p_str2, [1 x i8]* @p_str2) nounwind

]]></Node>
<StgValue><ssdm name="specinterface_ln84"/></StgValue>
</operation>

<operation id="30" st_id="1" stage="1" lat="1">
<core>NULL</core>
<MemPortIdVec></MemPortIdVec>
<condition id="-1">
<or_exp><and_exp></and_exp></or_exp>
</condition>

<Node id="46" bw="0" op_0_bw="0" op_1_bw="128" op_2_bw="0" op_3_bw="32" op_4_bw="32" op_5_bw="0" op_6_bw="32" op_7_bw="32" op_8_bw="0" op_9_bw="0" op_10_bw="0" op_11_bw="32" op_12_bw="32" op_13_bw="32" op_14_bw="32" op_15_bw="0" op_16_bw="0">
<![CDATA[
:22  call void (...)* @_ssdm_op_SpecInterface(i128 %key_const_V, [10 x i8]* @p_str3, i32 0, i32 0, [1 x i8]* @p_str2, i32 0, i32 0, [1 x i8]* @p_str2, [1 x i8]* @p_str2, [1 x i8]* @p_str2, i32 0, i32 0, i32 0, i32 0, [1 x i8]* @p_str2, [1 x i8]* @p_str2) nounwind

]]></Node>
<StgValue><ssdm name="specinterface_ln85"/></StgValue>
</operation>

<operation id="31" st_id="1" stage="1" lat="1">
<core>NULL</core>
<MemPortIdVec></MemPortIdVec>
<condition id="-1">
<or_exp><and_exp></and_exp></or_exp>
</condition>

<Node id="47" bw="0" op_0_bw="0" op_1_bw="32" op_2_bw="0" op_3_bw="32" op_4_bw="32" op_5_bw="0" op_6_bw="32" op_7_bw="32" op_8_bw="0" op_9_bw="0" op_10_bw="0" op_11_bw="32" op_12_bw="32" op_13_bw="32" op_14_bw="32" op_15_bw="0" op_16_bw="0">
<![CDATA[
:23  call void (...)* @_ssdm_op_SpecInterface(i32 0, [13 x i8]* @p_str4, i32 0, i32 0, [1 x i8]* @p_str2, i32 0, i32 0, [1 x i8]* @p_str2, [1 x i8]* @p_str2, [1 x i8]* @p_str2, i32 0, i32 0, i32 0, i32 0, [1 x i8]* @p_str2, [1 x i8]* @p_str2) nounwind

]]></Node>
<StgValue><ssdm name="specinterface_ln86"/></StgValue>
</operation>

<operation id="32" st_id="1" stage="1" lat="1">
<core>AXI4Stream</core>
<MemPortIdVec></MemPortIdVec>
<condition id="-1">
<or_exp><and_exp></and_exp></or_exp>
</condition>

<Node id="48" bw="164" op_0_bw="164" op_1_bw="128" op_2_bw="16" op_3_bw="16" op_4_bw="1" op_5_bw="1" op_6_bw="1" op_7_bw="1">
<![CDATA[
:24  %empty = call { i128, i16, i16, i1, i1, i1, i1 } @_ssdm_op_Read.axis.volatile.i128P.i16P.i16P.i1P.i1P.i1P.i1P(i128* %block_data_V, i16* %block_keep_V, i16* %block_strb_V, i1* %block_user_V, i1* %block_last_V, i1* %block_id_V, i1* %block_dest_V)

]]></Node>
<StgValue><ssdm name="empty"/></StgValue>
</operation>

<operation id="33" st_id="1" stage="1" lat="1">
<core>NULL</core>
<MemPortIdVec></MemPortIdVec>
<condition id="-1">
<or_exp><and_exp></and_exp></or_exp>
</condition>

<Node id="49" bw="128" op_0_bw="164">
<![CDATA[
:25  %block_data_V_tmp = extractvalue { i128, i16, i16, i1, i1, i1, i1 } %empty, 0

]]></Node>
<StgValue><ssdm name="block_data_V_tmp"/></StgValue>
</operation>

<operation id="34" st_id="1" stage="1" lat="1">
<core>NULL</core>
<MemPortIdVec></MemPortIdVec>
<condition id="-1">
<or_exp><and_exp></and_exp></or_exp>
</condition>

<Node id="50" bw="16" op_0_bw="164">
<![CDATA[
:26  %block_keep_V_tmp = extractvalue { i128, i16, i16, i1, i1, i1, i1 } %empty, 1

]]></Node>
<StgValue><ssdm name="block_keep_V_tmp"/></StgValue>
</operation>

<operation id="35" st_id="1" stage="1" lat="1">
<core>NULL</core>
<MemPortIdVec></MemPortIdVec>
<condition id="-1">
<or_exp><and_exp></and_exp></or_exp>
</condition>

<Node id="51" bw="16" op_0_bw="164">
<![CDATA[
:27  %block_strb_V_tmp = extractvalue { i128, i16, i16, i1, i1, i1, i1 } %empty, 2

]]></Node>
<StgValue><ssdm name="block_strb_V_tmp"/></StgValue>
</operation>

<operation id="36" st_id="1" stage="1" lat="1">
<core>NULL</core>
<MemPortIdVec></MemPortIdVec>
<condition id="-1">
<or_exp><and_exp></and_exp></or_exp>
</condition>

<Node id="52" bw="1" op_0_bw="164">
<![CDATA[
:28  %block_user_V_tmp = extractvalue { i128, i16, i16, i1, i1, i1, i1 } %empty, 3

]]></Node>
<StgValue><ssdm name="block_user_V_tmp"/></StgValue>
</operation>

<operation id="37" st_id="1" stage="1" lat="1">
<core>NULL</core>
<MemPortIdVec></MemPortIdVec>
<condition id="-1">
<or_exp><and_exp></and_exp></or_exp>
</condition>

<Node id="53" bw="1" op_0_bw="164">
<![CDATA[
:29  %block_last_V_tmp = extractvalue { i128, i16, i16, i1, i1, i1, i1 } %empty, 4

]]></Node>
<StgValue><ssdm name="block_last_V_tmp"/></StgValue>
</operation>

<operation id="38" st_id="1" stage="1" lat="1">
<core>NULL</core>
<MemPortIdVec></MemPortIdVec>
<condition id="-1">
<or_exp><and_exp></and_exp></or_exp>
</condition>

<Node id="54" bw="1" op_0_bw="164">
<![CDATA[
:30  %block_id_V_tmp = extractvalue { i128, i16, i16, i1, i1, i1, i1 } %empty, 5

]]></Node>
<StgValue><ssdm name="block_id_V_tmp"/></StgValue>
</operation>

<operation id="39" st_id="1" stage="1" lat="1">
<core>NULL</core>
<MemPortIdVec></MemPortIdVec>
<condition id="-1">
<or_exp><and_exp></and_exp></or_exp>
</condition>

<Node id="55" bw="1" op_0_bw="164">
<![CDATA[
:31  %block_dest_V_tmp = extractvalue { i128, i16, i16, i1, i1, i1, i1 } %empty, 6

]]></Node>
<StgValue><ssdm name="block_dest_V_tmp"/></StgValue>
</operation>

<operation id="40" st_id="1" stage="1" lat="1">
<core>NULL</core>
<MemPortIdVec></MemPortIdVec>
<condition id="-1">
<or_exp><and_exp></and_exp></or_exp>
</condition>

<Node id="56" bw="0" op_0_bw="0">
<![CDATA[
:32  br label %1

]]></Node>
<StgValue><ssdm name="br_ln69"/></StgValue>
</operation>
</state>

<state id="2" st_id="2">

<operation id="41" st_id="2" stage="1" lat="1">
<core>NULL</core>
<MemPortIdVec></MemPortIdVec>
<condition id="-1">
<or_exp><and_exp></and_exp></or_exp>
</condition>

<Node id="58" bw="5" op_0_bw="5" op_1_bw="0" op_2_bw="5" op_3_bw="0">
<![CDATA[
:0  %i_0_i = phi i5 [ 0, %0 ], [ %i, %_ZrsILi128ELb0EEN11ap_int_baseIXT_EXT0_EE5RTypeIXT_EXT0_EE4arg1ERKS1_i.exit.i ]

]]></Node>
<StgValue><ssdm name="i_0_i"/></StgValue>
</operation>

<operation id="42" st_id="2" stage="1" lat="1">
<core>Cmp</core>
<MemPortIdVec></MemPortIdVec>
<condition id="-1">
<or_exp><and_exp></and_exp></or_exp>
</condition>

<Node id="59" bw="1" op_0_bw="5" op_1_bw="5">
<![CDATA[
:1  %icmp_ln69 = icmp eq i5 %i_0_i, -16

]]></Node>
<StgValue><ssdm name="icmp_ln69"/></StgValue>
</operation>

<operation id="43" st_id="2" stage="1" lat="1">
<core>NULL</core>
<MemPortIdVec></MemPortIdVec>
<condition id="-1">
<or_exp><and_exp></and_exp></or_exp>
</condition>

<Node id="60" bw="32" op_0_bw="32" op_1_bw="64" op_2_bw="64" op_3_bw="64">
<![CDATA[
:2  %empty_8 = call i32 (...)* @_ssdm_op_SpecLoopTripCount(i64 16, i64 16, i64 16)

]]></Node>
<StgValue><ssdm name="empty_8"/></StgValue>
</operation>

<operation id="44" st_id="2" stage="1" lat="1">
<core>AddSub</core>
<MemPortIdVec></MemPortIdVec>
<condition id="-1">
<or_exp><and_exp></and_exp></or_exp>
</condition>

<Node id="61" bw="5" op_0_bw="5" op_1_bw="5">
<![CDATA[
:3  %i = add i5 %i_0_i, 1

]]></Node>
<StgValue><ssdm name="i"/></StgValue>
</operation>

<operation id="45" st_id="2" stage="1" lat="1">
<core>NULL</core>
<MemPortIdVec></MemPortIdVec>
<condition id="-1">
<or_exp><and_exp></and_exp></or_exp>
</condition>

<Node id="62" bw="0" op_0_bw="1" op_1_bw="0" op_2_bw="0">
<![CDATA[
:4  br i1 %icmp_ln69, label %bigIntToArr.exit.preheader, label %_ZrsILi128ELb0EEN11ap_int_baseIXT_EXT0_EE5RTypeIXT_EXT0_EE4arg1ERKS1_i.exit.i

]]></Node>
<StgValue><ssdm name="br_ln69"/></StgValue>
</operation>

<operation id="46" st_id="2" stage="1" lat="1">
<core>NULL</core>
<MemPortIdVec></MemPortIdVec>
<condition id="-1">
<or_exp><and_exp><literal name="icmp_ln69" val="0"/>
</and_exp></or_exp>
</condition>

<Node id="64" bw="4" op_0_bw="5">
<![CDATA[
_ZrsILi128ELb0EEN11ap_int_baseIXT_EXT0_EE5RTypeIXT_EXT0_EE4arg1ERKS1_i.exit.i:0  %trunc_ln70 = trunc i5 %i_0_i to i4

]]></Node>
<StgValue><ssdm name="trunc_ln70"/></StgValue>
</operation>

<operation id="47" st_id="2" stage="1" lat="1">
<core>NULL</core>
<MemPortIdVec></MemPortIdVec>
<condition id="-1">
<or_exp><and_exp><literal name="icmp_ln69" val="0"/>
</and_exp></or_exp>
</condition>

<Node id="65" bw="7" op_0_bw="7" op_1_bw="4" op_2_bw="3">
<![CDATA[
_ZrsILi128ELb0EEN11ap_int_baseIXT_EXT0_EE5RTypeIXT_EXT0_EE4arg1ERKS1_i.exit.i:1  %op2_assign = call i7 @_ssdm_op_BitConcatenate.i7.i4.i3(i4 %trunc_ln70, i3 0)

]]></Node>
<StgValue><ssdm name="op2_assign"/></StgValue>
</operation>

<operation id="48" st_id="2" stage="1" lat="1">
<core>NULL</core>
<MemPortIdVec></MemPortIdVec>
<condition id="-1">
<or_exp><and_exp><literal name="icmp_ln69" val="0"/>
</and_exp></or_exp>
</condition>

<Node id="66" bw="128" op_0_bw="7">
<![CDATA[
_ZrsILi128ELb0EEN11ap_int_baseIXT_EXT0_EE5RTypeIXT_EXT0_EE4arg1ERKS1_i.exit.i:2  %zext_ln1503 = zext i7 %op2_assign to i128

]]></Node>
<StgValue><ssdm name="zext_ln1503"/></StgValue>
</operation>

<operation id="49" st_id="2" stage="1" lat="1">
<core>Shift</core>
<MemPortIdVec></MemPortIdVec>
<condition id="-1">
<or_exp><and_exp><literal name="icmp_ln69" val="0"/>
</and_exp></or_exp>
</condition>

<Node id="67" bw="128" op_0_bw="128" op_1_bw="128">
<![CDATA[
_ZrsILi128ELb0EEN11ap_int_baseIXT_EXT0_EE5RTypeIXT_EXT0_EE4arg1ERKS1_i.exit.i:3  %lshr_ln1503 = lshr i128 %block_data_V_tmp, %zext_ln1503

]]></Node>
<StgValue><ssdm name="lshr_ln1503"/></StgValue>
</operation>

<operation id="50" st_id="2" stage="1" lat="1">
<core>NULL</core>
<MemPortIdVec></MemPortIdVec>
<condition id="-1">
<or_exp><and_exp><literal name="icmp_ln69" val="0"/>
</and_exp></or_exp>
</condition>

<Node id="68" bw="8" op_0_bw="128">
<![CDATA[
_ZrsILi128ELb0EEN11ap_int_baseIXT_EXT0_EE5RTypeIXT_EXT0_EE4arg1ERKS1_i.exit.i:4  %trunc_ln1503 = trunc i128 %lshr_ln1503 to i8

]]></Node>
<StgValue><ssdm name="trunc_ln1503"/></StgValue>
</operation>

<operation id="51" st_id="2" stage="1" lat="1">
<core>AddSub</core>
<MemPortIdVec></MemPortIdVec>
<condition id="-1">
<or_exp><and_exp><literal name="icmp_ln69" val="0"/>
</and_exp></or_exp>
</condition>

<Node id="69" bw="5" op_0_bw="5" op_1_bw="5">
<![CDATA[
_ZrsILi128ELb0EEN11ap_int_baseIXT_EXT0_EE5RTypeIXT_EXT0_EE4arg1ERKS1_i.exit.i:5  %sub_ln70 = sub i5 15, %i_0_i

]]></Node>
<StgValue><ssdm name="sub_ln70"/></StgValue>
</operation>

<operation id="52" st_id="2" stage="1" lat="1">
<core>NULL</core>
<MemPortIdVec></MemPortIdVec>
<condition id="-1">
<or_exp><and_exp><literal name="icmp_ln69" val="0"/>
</and_exp></or_exp>
</condition>

<Node id="70" bw="64" op_0_bw="5">
<![CDATA[
_ZrsILi128ELb0EEN11ap_int_baseIXT_EXT0_EE5RTypeIXT_EXT0_EE4arg1ERKS1_i.exit.i:6  %zext_ln70 = zext i5 %sub_ln70 to i64

]]></Node>
<StgValue><ssdm name="zext_ln70"/></StgValue>
</operation>

<operation id="53" st_id="2" stage="1" lat="1">
<core>NULL</core>
<MemPortIdVec></MemPortIdVec>
<condition id="-1">
<or_exp><and_exp><literal name="icmp_ln69" val="0"/>
</and_exp></or_exp>
</condition>

<Node id="71" bw="4" op_0_bw="8" op_1_bw="64" op_2_bw="64">
<![CDATA[
_ZrsILi128ELb0EEN11ap_int_baseIXT_EXT0_EE5RTypeIXT_EXT0_EE4arg1ERKS1_i.exit.i:7  %blockarr_addr = getelementptr [16 x i8]* %blockarr, i64 0, i64 %zext_ln70

]]></Node>
<StgValue><ssdm name="blockarr_addr"/></StgValue>
</operation>

<operation id="54" st_id="2" stage="1" lat="1">
<core>RAM</core>
<MemPortIdVec>0 </MemPortIdVec>
<condition id="-1">
<or_exp><and_exp><literal name="icmp_ln69" val="0"/>
</and_exp></or_exp>
</condition>

<Node id="72" bw="0" op_0_bw="8" op_1_bw="4">
<![CDATA[
_ZrsILi128ELb0EEN11ap_int_baseIXT_EXT0_EE5RTypeIXT_EXT0_EE4arg1ERKS1_i.exit.i:8  store i8 %trunc_ln1503, i8* %blockarr_addr, align 1

]]></Node>
<StgValue><ssdm name="store_ln70"/></StgValue>
</operation>

<operation id="55" st_id="2" stage="1" lat="1">
<core>NULL</core>
<MemPortIdVec></MemPortIdVec>
<condition id="-1">
<or_exp><and_exp><literal name="icmp_ln69" val="0"/>
</and_exp></or_exp>
</condition>

<Node id="73" bw="0" op_0_bw="0">
<![CDATA[
_ZrsILi128ELb0EEN11ap_int_baseIXT_EXT0_EE5RTypeIXT_EXT0_EE4arg1ERKS1_i.exit.i:9  br label %1

]]></Node>
<StgValue><ssdm name="br_ln69"/></StgValue>
</operation>

<operation id="56" st_id="2" stage="1" lat="1">
<core>NULL</core>
<MemPortIdVec></MemPortIdVec>
<condition id="-1">
<or_exp><and_exp><literal name="icmp_ln69" val="1"/>
</and_exp></or_exp>
</condition>

<Node id="75" bw="0" op_0_bw="0">
<![CDATA[
bigIntToArr.exit.preheader:0  br label %bigIntToArr.exit

]]></Node>
<StgValue><ssdm name="br_ln69"/></StgValue>
</operation>
</state>

<state id="3" st_id="3">

<operation id="57" st_id="3" stage="1" lat="1">
<core>NULL</core>
<MemPortIdVec></MemPortIdVec>
<condition id="-1">
<or_exp><and_exp></and_exp></or_exp>
</condition>

<Node id="77" bw="5" op_0_bw="5" op_1_bw="0" op_2_bw="5" op_3_bw="0">
<![CDATA[
bigIntToArr.exit:0  %i_0_i2 = phi i5 [ %i_2, %_ZrsILi128ELb0EEN11ap_int_baseIXT_EXT0_EE5RTypeIXT_EXT0_EE4arg1ERKS1_i.exit.i12 ], [ 0, %bigIntToArr.exit.preheader ]

]]></Node>
<StgValue><ssdm name="i_0_i2"/></StgValue>
</operation>

<operation id="58" st_id="3" stage="1" lat="1">
<core>Cmp</core>
<MemPortIdVec></MemPortIdVec>
<condition id="-1">
<or_exp><and_exp></and_exp></or_exp>
</condition>

<Node id="78" bw="1" op_0_bw="5" op_1_bw="5">
<![CDATA[
bigIntToArr.exit:1  %icmp_ln69_1 = icmp eq i5 %i_0_i2, -16

]]></Node>
<StgValue><ssdm name="icmp_ln69_1"/></StgValue>
</operation>

<operation id="59" st_id="3" stage="1" lat="1">
<core>NULL</core>
<MemPortIdVec></MemPortIdVec>
<condition id="-1">
<or_exp><and_exp></and_exp></or_exp>
</condition>

<Node id="79" bw="32" op_0_bw="32" op_1_bw="64" op_2_bw="64" op_3_bw="64">
<![CDATA[
bigIntToArr.exit:2  %empty_9 = call i32 (...)* @_ssdm_op_SpecLoopTripCount(i64 16, i64 16, i64 16)

]]></Node>
<StgValue><ssdm name="empty_9"/></StgValue>
</operation>

<operation id="60" st_id="3" stage="1" lat="1">
<core>AddSub</core>
<MemPortIdVec></MemPortIdVec>
<condition id="-1">
<or_exp><and_exp></and_exp></or_exp>
</condition>

<Node id="80" bw="5" op_0_bw="5" op_1_bw="5">
<![CDATA[
bigIntToArr.exit:3  %i_2 = add i5 %i_0_i2, 1

]]></Node>
<StgValue><ssdm name="i_2"/></StgValue>
</operation>

<operation id="61" st_id="3" stage="1" lat="1">
<core>NULL</core>
<MemPortIdVec></MemPortIdVec>
<condition id="-1">
<or_exp><and_exp></and_exp></or_exp>
</condition>

<Node id="81" bw="0" op_0_bw="1" op_1_bw="0" op_2_bw="0">
<![CDATA[
bigIntToArr.exit:4  br i1 %icmp_ln69_1, label %bigIntToArr.exit13, label %_ZrsILi128ELb0EEN11ap_int_baseIXT_EXT0_EE5RTypeIXT_EXT0_EE4arg1ERKS1_i.exit.i12

]]></Node>
<StgValue><ssdm name="br_ln69"/></StgValue>
</operation>

<operation id="62" st_id="3" stage="1" lat="1">
<core>NULL</core>
<MemPortIdVec></MemPortIdVec>
<condition id="-1">
<or_exp><and_exp><literal name="icmp_ln69_1" val="0"/>
</and_exp></or_exp>
</condition>

<Node id="83" bw="4" op_0_bw="5">
<![CDATA[
_ZrsILi128ELb0EEN11ap_int_baseIXT_EXT0_EE5RTypeIXT_EXT0_EE4arg1ERKS1_i.exit.i12:0  %trunc_ln70_1 = trunc i5 %i_0_i2 to i4

]]></Node>
<StgValue><ssdm name="trunc_ln70_1"/></StgValue>
</operation>

<operation id="63" st_id="3" stage="1" lat="1">
<core>NULL</core>
<MemPortIdVec></MemPortIdVec>
<condition id="-1">
<or_exp><and_exp><literal name="icmp_ln69_1" val="0"/>
</and_exp></or_exp>
</condition>

<Node id="84" bw="7" op_0_bw="7" op_1_bw="4" op_2_bw="3">
<![CDATA[
_ZrsILi128ELb0EEN11ap_int_baseIXT_EXT0_EE5RTypeIXT_EXT0_EE4arg1ERKS1_i.exit.i12:1  %op2_assign_1 = call i7 @_ssdm_op_BitConcatenate.i7.i4.i3(i4 %trunc_ln70_1, i3 0)

]]></Node>
<StgValue><ssdm name="op2_assign_1"/></StgValue>
</operation>

<operation id="64" st_id="3" stage="1" lat="1">
<core>NULL</core>
<MemPortIdVec></MemPortIdVec>
<condition id="-1">
<or_exp><and_exp><literal name="icmp_ln69_1" val="0"/>
</and_exp></or_exp>
</condition>

<Node id="85" bw="128" op_0_bw="7">
<![CDATA[
_ZrsILi128ELb0EEN11ap_int_baseIXT_EXT0_EE5RTypeIXT_EXT0_EE4arg1ERKS1_i.exit.i12:2  %zext_ln1503_1 = zext i7 %op2_assign_1 to i128

]]></Node>
<StgValue><ssdm name="zext_ln1503_1"/></StgValue>
</operation>

<operation id="65" st_id="3" stage="1" lat="1">
<core>Shift</core>
<MemPortIdVec></MemPortIdVec>
<condition id="-1">
<or_exp><and_exp><literal name="icmp_ln69_1" val="0"/>
</and_exp></or_exp>
</condition>

<Node id="86" bw="128" op_0_bw="128" op_1_bw="128">
<![CDATA[
_ZrsILi128ELb0EEN11ap_int_baseIXT_EXT0_EE5RTypeIXT_EXT0_EE4arg1ERKS1_i.exit.i12:3  %lshr_ln1503_1 = lshr i128 %key_const_V_read, %zext_ln1503_1

]]></Node>
<StgValue><ssdm name="lshr_ln1503_1"/></StgValue>
</operation>

<operation id="66" st_id="3" stage="1" lat="1">
<core>NULL</core>
<MemPortIdVec></MemPortIdVec>
<condition id="-1">
<or_exp><and_exp><literal name="icmp_ln69_1" val="0"/>
</and_exp></or_exp>
</condition>

<Node id="87" bw="8" op_0_bw="128">
<![CDATA[
_ZrsILi128ELb0EEN11ap_int_baseIXT_EXT0_EE5RTypeIXT_EXT0_EE4arg1ERKS1_i.exit.i12:4  %trunc_ln1503_1 = trunc i128 %lshr_ln1503_1 to i8

]]></Node>
<StgValue><ssdm name="trunc_ln1503_1"/></StgValue>
</operation>

<operation id="67" st_id="3" stage="1" lat="1">
<core>AddSub</core>
<MemPortIdVec></MemPortIdVec>
<condition id="-1">
<or_exp><and_exp><literal name="icmp_ln69_1" val="0"/>
</and_exp></or_exp>
</condition>

<Node id="88" bw="5" op_0_bw="5" op_1_bw="5">
<![CDATA[
_ZrsILi128ELb0EEN11ap_int_baseIXT_EXT0_EE5RTypeIXT_EXT0_EE4arg1ERKS1_i.exit.i12:5  %sub_ln70_1 = sub i5 15, %i_0_i2

]]></Node>
<StgValue><ssdm name="sub_ln70_1"/></StgValue>
</operation>

<operation id="68" st_id="3" stage="1" lat="1">
<core>NULL</core>
<MemPortIdVec></MemPortIdVec>
<condition id="-1">
<or_exp><and_exp><literal name="icmp_ln69_1" val="0"/>
</and_exp></or_exp>
</condition>

<Node id="89" bw="64" op_0_bw="5">
<![CDATA[
_ZrsILi128ELb0EEN11ap_int_baseIXT_EXT0_EE5RTypeIXT_EXT0_EE4arg1ERKS1_i.exit.i12:6  %zext_ln70_4 = zext i5 %sub_ln70_1 to i64

]]></Node>
<StgValue><ssdm name="zext_ln70_4"/></StgValue>
</operation>

<operation id="69" st_id="3" stage="1" lat="1">
<core>NULL</core>
<MemPortIdVec></MemPortIdVec>
<condition id="-1">
<or_exp><and_exp><literal name="icmp_ln69_1" val="0"/>
</and_exp></or_exp>
</condition>

<Node id="90" bw="4" op_0_bw="8" op_1_bw="64" op_2_bw="64">
<![CDATA[
_ZrsILi128ELb0EEN11ap_int_baseIXT_EXT0_EE5RTypeIXT_EXT0_EE4arg1ERKS1_i.exit.i12:7  %keyarr_addr = getelementptr [16 x i8]* %keyarr, i64 0, i64 %zext_ln70_4

]]></Node>
<StgValue><ssdm name="keyarr_addr"/></StgValue>
</operation>

<operation id="70" st_id="3" stage="1" lat="1">
<core>RAM</core>
<MemPortIdVec>0 </MemPortIdVec>
<condition id="-1">
<or_exp><and_exp><literal name="icmp_ln69_1" val="0"/>
</and_exp></or_exp>
</condition>

<Node id="91" bw="0" op_0_bw="8" op_1_bw="4">
<![CDATA[
_ZrsILi128ELb0EEN11ap_int_baseIXT_EXT0_EE5RTypeIXT_EXT0_EE4arg1ERKS1_i.exit.i12:8  store i8 %trunc_ln1503_1, i8* %keyarr_addr, align 1

]]></Node>
<StgValue><ssdm name="store_ln70"/></StgValue>
</operation>

<operation id="71" st_id="3" stage="1" lat="1">
<core>NULL</core>
<MemPortIdVec></MemPortIdVec>
<condition id="-1">
<or_exp><and_exp><literal name="icmp_ln69_1" val="0"/>
</and_exp></or_exp>
</condition>

<Node id="92" bw="0" op_0_bw="0">
<![CDATA[
_ZrsILi128ELb0EEN11ap_int_baseIXT_EXT0_EE5RTypeIXT_EXT0_EE4arg1ERKS1_i.exit.i12:9  br label %bigIntToArr.exit

]]></Node>
<StgValue><ssdm name="br_ln69"/></StgValue>
</operation>

<operation id="72" st_id="3" stage="2" lat="2">
<core></core>
<MemPortIdVec></MemPortIdVec>
<condition id="-1">
<or_exp><and_exp><literal name="icmp_ln69_1" val="1"/>
</and_exp></or_exp>
</condition>

<Node id="94" bw="0" op_0_bw="0" op_1_bw="8" op_2_bw="8" op_3_bw="8" op_4_bw="8" op_5_bw="32" op_6_bw="8" op_7_bw="8">
<![CDATA[
bigIntToArr.exit13:0  call fastcc void @aes_encrypt([16 x i8]* %blockarr, [16 x i8]* %keyarr, [16 x i8]* %ansarr)

]]></Node>
<StgValue><ssdm name="call_ln94"/></StgValue>
</operation>
</state>

<state id="4" st_id="4">

<operation id="73" st_id="4" stage="1" lat="2">
<core></core>
<MemPortIdVec></MemPortIdVec>
<condition id="-1">
<or_exp><and_exp></and_exp></or_exp>
</condition>

<Node id="94" bw="0" op_0_bw="0" op_1_bw="8" op_2_bw="8" op_3_bw="8" op_4_bw="8" op_5_bw="32" op_6_bw="8" op_7_bw="8">
<![CDATA[
bigIntToArr.exit13:0  call fastcc void @aes_encrypt([16 x i8]* %blockarr, [16 x i8]* %keyarr, [16 x i8]* %ansarr)

]]></Node>
<StgValue><ssdm name="call_ln94"/></StgValue>
</operation>

<operation id="74" st_id="4" stage="1" lat="1">
<core>NULL</core>
<MemPortIdVec></MemPortIdVec>
<condition id="-1">
<or_exp><and_exp></and_exp></or_exp>
</condition>

<Node id="95" bw="0" op_0_bw="0">
<![CDATA[
bigIntToArr.exit13:1  br label %2

]]></Node>
<StgValue><ssdm name="br_ln76"/></StgValue>
</operation>
</state>

<state id="5" st_id="5">

<operation id="75" st_id="5" stage="1" lat="1">
<core>NULL</core>
<MemPortIdVec></MemPortIdVec>
<condition id="-1">
<or_exp><and_exp></and_exp></or_exp>
</condition>

<Node id="97" bw="128" op_0_bw="128" op_1_bw="0" op_2_bw="128" op_3_bw="0">
<![CDATA[
:0  %ansEncrypt_V = phi i128 [ 0, %bigIntToArr.exit13 ], [ %ans_V, %_ZlsILi128ELb0EEN11ap_int_baseIXT_EXT0_EE5RTypeIXT_EXT0_EE4arg1ERKS1_i.exit.i ]

]]></Node>
<StgValue><ssdm name="ansEncrypt_V"/></StgValue>
</operation>

<operation id="76" st_id="5" stage="1" lat="1">
<core>NULL</core>
<MemPortIdVec></MemPortIdVec>
<condition id="-1">
<or_exp><and_exp></and_exp></or_exp>
</condition>

<Node id="98" bw="5" op_0_bw="5" op_1_bw="0" op_2_bw="5" op_3_bw="0">
<![CDATA[
:1  %i_0_i14 = phi i5 [ 0, %bigIntToArr.exit13 ], [ %i_3, %_ZlsILi128ELb0EEN11ap_int_baseIXT_EXT0_EE5RTypeIXT_EXT0_EE4arg1ERKS1_i.exit.i ]

]]></Node>
<StgValue><ssdm name="i_0_i14"/></StgValue>
</operation>

<operation id="77" st_id="5" stage="1" lat="1">
<core>Cmp</core>
<MemPortIdVec></MemPortIdVec>
<condition id="-1">
<or_exp><and_exp></and_exp></or_exp>
</condition>

<Node id="99" bw="1" op_0_bw="5" op_1_bw="5">
<![CDATA[
:2  %icmp_ln76 = icmp eq i5 %i_0_i14, -16

]]></Node>
<StgValue><ssdm name="icmp_ln76"/></StgValue>
</operation>

<operation id="78" st_id="5" stage="1" lat="1">
<core>NULL</core>
<MemPortIdVec></MemPortIdVec>
<condition id="-1">
<or_exp><and_exp></and_exp></or_exp>
</condition>

<Node id="100" bw="32" op_0_bw="32" op_1_bw="64" op_2_bw="64" op_3_bw="64">
<![CDATA[
:3  %empty_10 = call i32 (...)* @_ssdm_op_SpecLoopTripCount(i64 16, i64 16, i64 16)

]]></Node>
<StgValue><ssdm name="empty_10"/></StgValue>
</operation>

<operation id="79" st_id="5" stage="1" lat="1">
<core>AddSub</core>
<MemPortIdVec></MemPortIdVec>
<condition id="-1">
<or_exp><and_exp></and_exp></or_exp>
</condition>

<Node id="101" bw="5" op_0_bw="5" op_1_bw="5">
<![CDATA[
:4  %i_3 = add i5 %i_0_i14, 1

]]></Node>
<StgValue><ssdm name="i_3"/></StgValue>
</operation>

<operation id="80" st_id="5" stage="1" lat="1">
<core>NULL</core>
<MemPortIdVec></MemPortIdVec>
<condition id="-1">
<or_exp><and_exp></and_exp></or_exp>
</condition>

<Node id="102" bw="0" op_0_bw="1" op_1_bw="0" op_2_bw="0">
<![CDATA[
:5  br i1 %icmp_ln76, label %arrToBigInt.exit, label %_ZlsILi128ELb0EEN11ap_int_baseIXT_EXT0_EE5RTypeIXT_EXT0_EE4arg1ERKS1_i.exit.i

]]></Node>
<StgValue><ssdm name="br_ln76"/></StgValue>
</operation>

<operation id="81" st_id="5" stage="1" lat="1">
<core>NULL</core>
<MemPortIdVec></MemPortIdVec>
<condition id="-1">
<or_exp><and_exp><literal name="icmp_ln76" val="0"/>
</and_exp></or_exp>
</condition>

<Node id="104" bw="64" op_0_bw="5">
<![CDATA[
_ZlsILi128ELb0EEN11ap_int_baseIXT_EXT0_EE5RTypeIXT_EXT0_EE4arg1ERKS1_i.exit.i:0  %zext_ln77 = zext i5 %i_0_i14 to i64

]]></Node>
<StgValue><ssdm name="zext_ln77"/></StgValue>
</operation>

<operation id="82" st_id="5" stage="1" lat="1">
<core>NULL</core>
<MemPortIdVec></MemPortIdVec>
<condition id="-1">
<or_exp><and_exp><literal name="icmp_ln76" val="0"/>
</and_exp></or_exp>
</condition>

<Node id="105" bw="4" op_0_bw="8" op_1_bw="64" op_2_bw="64">
<![CDATA[
_ZlsILi128ELb0EEN11ap_int_baseIXT_EXT0_EE5RTypeIXT_EXT0_EE4arg1ERKS1_i.exit.i:1  %ansarr_addr = getelementptr [16 x i8]* %ansarr, i64 0, i64 %zext_ln77

]]></Node>
<StgValue><ssdm name="ansarr_addr"/></StgValue>
</operation>

<operation id="83" st_id="5" stage="2" lat="2">
<core>RAM</core>
<MemPortIdVec>0 </MemPortIdVec>
<condition id="-1">
<or_exp><and_exp><literal name="icmp_ln76" val="0"/>
</and_exp></or_exp>
</condition>

<Node id="106" bw="8" op_0_bw="4">
<![CDATA[
_ZlsILi128ELb0EEN11ap_int_baseIXT_EXT0_EE5RTypeIXT_EXT0_EE4arg1ERKS1_i.exit.i:2  %ansarr_load = load i8* %ansarr_addr, align 1

]]></Node>
<StgValue><ssdm name="ansarr_load"/></StgValue>
</operation>

<operation id="84" st_id="5" stage="1" lat="1">
<core>NULL</core>
<MemPortIdVec></MemPortIdVec>
<condition id="-1">
<or_exp><and_exp><literal name="icmp_ln76" val="0"/>
</and_exp></or_exp>
</condition>

<Node id="108" bw="4" op_0_bw="5">
<![CDATA[
_ZlsILi128ELb0EEN11ap_int_baseIXT_EXT0_EE5RTypeIXT_EXT0_EE4arg1ERKS1_i.exit.i:4  %trunc_ln77 = trunc i5 %i_0_i14 to i4

]]></Node>
<StgValue><ssdm name="trunc_ln77"/></StgValue>
</operation>

<operation id="85" st_id="5" stage="2" lat="2">
<core>AXI4Stream</core>
<MemPortIdVec></MemPortIdVec>
<condition id="-1">
<or_exp><and_exp><literal name="icmp_ln76" val="1"/>
</and_exp></or_exp>
</condition>

<Node id="116" bw="0" op_0_bw="0" op_1_bw="128" op_2_bw="16" op_3_bw="16" op_4_bw="1" op_5_bw="1" op_6_bw="1" op_7_bw="1" op_8_bw="128" op_9_bw="16" op_10_bw="16" op_11_bw="1" op_12_bw="1" op_13_bw="1" op_14_bw="1">
<![CDATA[
arrToBigInt.exit:0  call void @_ssdm_op_Write.axis.volatile.i128P.i16P.i16P.i1P.i1P.i1P.i1P(i128* %encrypted_data_V, i16* %encrypted_keep_V, i16* %encrypted_strb_V, i1* %encrypted_user_V, i1* %encrypted_last_V, i1* %encrypted_id_V, i1* %encrypted_dest_V, i128 %ansEncrypt_V, i16 %block_keep_V_tmp, i16 %block_strb_V_tmp, i1 %block_user_V_tmp, i1 %block_last_V_tmp, i1 %block_id_V_tmp, i1 %block_dest_V_tmp)

]]></Node>
<StgValue><ssdm name="write_ln82"/></StgValue>
</operation>
</state>

<state id="6" st_id="6">

<operation id="86" st_id="6" stage="1" lat="2">
<core>RAM</core>
<MemPortIdVec>0 </MemPortIdVec>
<condition id="-1">
<or_exp><and_exp></and_exp></or_exp>
</condition>

<Node id="106" bw="8" op_0_bw="4">
<![CDATA[
_ZlsILi128ELb0EEN11ap_int_baseIXT_EXT0_EE5RTypeIXT_EXT0_EE4arg1ERKS1_i.exit.i:2  %ansarr_load = load i8* %ansarr_addr, align 1

]]></Node>
<StgValue><ssdm name="ansarr_load"/></StgValue>
</operation>

<operation id="87" st_id="6" stage="1" lat="1">
<core>NULL</core>
<MemPortIdVec></MemPortIdVec>
<condition id="-1">
<or_exp><and_exp></and_exp></or_exp>
</condition>

<Node id="107" bw="128" op_0_bw="8">
<![CDATA[
_ZlsILi128ELb0EEN11ap_int_baseIXT_EXT0_EE5RTypeIXT_EXT0_EE4arg1ERKS1_i.exit.i:3  %zext_ln298 = zext i8 %ansarr_load to i128

]]></Node>
<StgValue><ssdm name="zext_ln298"/></StgValue>
</operation>

<operation id="88" st_id="6" stage="1" lat="1">
<core>NULL</core>
<MemPortIdVec></MemPortIdVec>
<condition id="-1">
<or_exp><and_exp></and_exp></or_exp>
</condition>

<Node id="109" bw="7" op_0_bw="7" op_1_bw="4" op_2_bw="3">
<![CDATA[
_ZlsILi128ELb0EEN11ap_int_baseIXT_EXT0_EE5RTypeIXT_EXT0_EE4arg1ERKS1_i.exit.i:5  %shl_ln = call i7 @_ssdm_op_BitConcatenate.i7.i4.i3(i4 %trunc_ln77, i3 0)

]]></Node>
<StgValue><ssdm name="shl_ln"/></StgValue>
</operation>

<operation id="89" st_id="6" stage="1" lat="1">
<core>AddSub</core>
<MemPortIdVec></MemPortIdVec>
<condition id="-1">
<or_exp><and_exp></and_exp></or_exp>
</condition>

<Node id="110" bw="7" op_0_bw="7" op_1_bw="7">
<![CDATA[
_ZlsILi128ELb0EEN11ap_int_baseIXT_EXT0_EE5RTypeIXT_EXT0_EE4arg1ERKS1_i.exit.i:6  %sub_ln77 = sub i7 -8, %shl_ln

]]></Node>
<StgValue><ssdm name="sub_ln77"/></StgValue>
</operation>

<operation id="90" st_id="6" stage="1" lat="1">
<core>NULL</core>
<MemPortIdVec></MemPortIdVec>
<condition id="-1">
<or_exp><and_exp></and_exp></or_exp>
</condition>

<Node id="111" bw="128" op_0_bw="7">
<![CDATA[
_ZlsILi128ELb0EEN11ap_int_baseIXT_EXT0_EE5RTypeIXT_EXT0_EE4arg1ERKS1_i.exit.i:7  %zext_ln1503_2 = zext i7 %sub_ln77 to i128

]]></Node>
<StgValue><ssdm name="zext_ln1503_2"/></StgValue>
</operation>

<operation id="91" st_id="6" stage="1" lat="1">
<core>Shift</core>
<MemPortIdVec></MemPortIdVec>
<condition id="-1">
<or_exp><and_exp></and_exp></or_exp>
</condition>

<Node id="112" bw="128" op_0_bw="128" op_1_bw="128">
<![CDATA[
_ZlsILi128ELb0EEN11ap_int_baseIXT_EXT0_EE5RTypeIXT_EXT0_EE4arg1ERKS1_i.exit.i:8  %r_V = shl i128 %zext_ln298, %zext_ln1503_2

]]></Node>
<StgValue><ssdm name="r_V"/></StgValue>
</operation>

<operation id="92" st_id="6" stage="1" lat="1">
<core>LogicGate</core>
<MemPortIdVec></MemPortIdVec>
<condition id="-1">
<or_exp><and_exp></and_exp></or_exp>
</condition>

<Node id="113" bw="128" op_0_bw="128" op_1_bw="128">
<![CDATA[
_ZlsILi128ELb0EEN11ap_int_baseIXT_EXT0_EE5RTypeIXT_EXT0_EE4arg1ERKS1_i.exit.i:9  %ans_V = xor i128 %r_V, %ansEncrypt_V

]]></Node>
<StgValue><ssdm name="ans_V"/></StgValue>
</operation>

<operation id="93" st_id="6" stage="1" lat="1">
<core>NULL</core>
<MemPortIdVec></MemPortIdVec>
<condition id="-1">
<or_exp><and_exp></and_exp></or_exp>
</condition>

<Node id="114" bw="0" op_0_bw="0">
<![CDATA[
_ZlsILi128ELb0EEN11ap_int_baseIXT_EXT0_EE5RTypeIXT_EXT0_EE4arg1ERKS1_i.exit.i:10  br label %2

]]></Node>
<StgValue><ssdm name="br_ln76"/></StgValue>
</operation>
</state>

<state id="7" st_id="7">

<operation id="94" st_id="7" stage="1" lat="2">
<core>AXI4Stream</core>
<MemPortIdVec></MemPortIdVec>
<condition id="-1">
<or_exp><and_exp></and_exp></or_exp>
</condition>

<Node id="116" bw="0" op_0_bw="0" op_1_bw="128" op_2_bw="16" op_3_bw="16" op_4_bw="1" op_5_bw="1" op_6_bw="1" op_7_bw="1" op_8_bw="128" op_9_bw="16" op_10_bw="16" op_11_bw="1" op_12_bw="1" op_13_bw="1" op_14_bw="1">
<![CDATA[
arrToBigInt.exit:0  call void @_ssdm_op_Write.axis.volatile.i128P.i16P.i16P.i1P.i1P.i1P.i1P(i128* %encrypted_data_V, i16* %encrypted_keep_V, i16* %encrypted_strb_V, i1* %encrypted_user_V, i1* %encrypted_last_V, i1* %encrypted_id_V, i1* %encrypted_dest_V, i128 %ansEncrypt_V, i16 %block_keep_V_tmp, i16 %block_strb_V_tmp, i1 %block_user_V_tmp, i1 %block_last_V_tmp, i1 %block_id_V_tmp, i1 %block_dest_V_tmp)

]]></Node>
<StgValue><ssdm name="write_ln82"/></StgValue>
</operation>

<operation id="95" st_id="7" stage="1" lat="1">
<core>NULL</core>
<MemPortIdVec></MemPortIdVec>
<condition id="-1">
<or_exp><and_exp></and_exp></or_exp>
</condition>

<Node id="117" bw="0">
<![CDATA[
arrToBigInt.exit:1  ret void

]]></Node>
<StgValue><ssdm name="ret_ln108"/></StgValue>
</operation>
</state>
</state_list>


<ports>
<port id="108" name="block_data_V" dir="0" iftype="0">
<core>NULL</core><StgValue><ssdm name="block_data_V"/></StgValue>
</port>
<port id="109" name="block_keep_V" dir="0" iftype="0">
<core>NULL</core><StgValue><ssdm name="block_keep_V"/></StgValue>
</port>
<port id="110" name="block_strb_V" dir="0" iftype="0">
<core>NULL</core><StgValue><ssdm name="block_strb_V"/></StgValue>
</port>
<port id="111" name="block_user_V" dir="0" iftype="0">
<core>NULL</core><StgValue><ssdm name="block_user_V"/></StgValue>
</port>
<port id="112" name="block_last_V" dir="0" iftype="0">
<core>NULL</core><StgValue><ssdm name="block_last_V"/></StgValue>
</port>
<port id="113" name="block_id_V" dir="0" iftype="0">
<core>NULL</core><StgValue><ssdm name="block_id_V"/></StgValue>
</port>
<port id="114" name="block_dest_V" dir="0" iftype="0">
<core>NULL</core><StgValue><ssdm name="block_dest_V"/></StgValue>
</port>
<port id="115" name="encrypted_data_V" dir="1" iftype="0">
<core>NULL</core><StgValue><ssdm name="encrypted_data_V"/></StgValue>
</port>
<port id="116" name="encrypted_keep_V" dir="1" iftype="0">
<core>NULL</core><StgValue><ssdm name="encrypted_keep_V"/></StgValue>
</port>
<port id="117" name="encrypted_strb_V" dir="1" iftype="0">
<core>NULL</core><StgValue><ssdm name="encrypted_strb_V"/></StgValue>
</port>
<port id="118" name="encrypted_user_V" dir="1" iftype="0">
<core>NULL</core><StgValue><ssdm name="encrypted_user_V"/></StgValue>
</port>
<port id="119" name="encrypted_last_V" dir="1" iftype="0">
<core>NULL</core><StgValue><ssdm name="encrypted_last_V"/></StgValue>
</port>
<port id="120" name="encrypted_id_V" dir="1" iftype="0">
<core>NULL</core><StgValue><ssdm name="encrypted_id_V"/></StgValue>
</port>
<port id="121" name="encrypted_dest_V" dir="1" iftype="0">
<core>NULL</core><StgValue><ssdm name="encrypted_dest_V"/></StgValue>
</port>
<port id="122" name="key_const_V" dir="0" iftype="0">
<core>NULL</core><StgValue><ssdm name="key_const_V"/></StgValue>
</port>
<port id="123" name="sbox" dir="0" iftype="1">
<core>ROM_nP</core><StgValue><ssdm name="sbox"/><MemPortTyVec>1 1 1 1 </MemPortTyVec>
</StgValue>
</port>
<port id="124" name="ROUND_CONSTANT" dir="0" iftype="1">
<core>ROM_nP</core><StgValue><ssdm name="ROUND_CONSTANT"/><MemPortTyVec>1 </MemPortTyVec>
</StgValue>
</port>
<port id="125" name="mx2" dir="0" iftype="1">
<core>ROM_nP</core><StgValue><ssdm name="mx2"/><MemPortTyVec>1 1 1 1 </MemPortTyVec>
</StgValue>
</port>
<port id="126" name="mx3" dir="0" iftype="1">
<core>ROM_nP</core><StgValue><ssdm name="mx3"/><MemPortTyVec>1 1 1 1 </MemPortTyVec>
</StgValue>
</port>
</ports>


<dataflows>
<dataflow id="128" from="_ssdm_op_Read.s_axilite.i128" to="key_const_V_read" fromId="127" toId="8">
</dataflow>
<dataflow id="129" from="key_const_V" to="key_const_V_read" fromId="122" toId="8">
</dataflow>
<dataflow id="131" from="_ssdm_op_SpecBitsMap" to="specbitsmap_ln0" fromId="130" toId="9">
</dataflow>
<dataflow id="132" from="block_data_V" to="specbitsmap_ln0" fromId="108" toId="9">
</dataflow>
<dataflow id="133" from="_ssdm_op_SpecBitsMap" to="specbitsmap_ln0" fromId="130" toId="10">
</dataflow>
<dataflow id="134" from="block_keep_V" to="specbitsmap_ln0" fromId="109" toId="10">
</dataflow>
<dataflow id="135" from="_ssdm_op_SpecBitsMap" to="specbitsmap_ln0" fromId="130" toId="11">
</dataflow>
<dataflow id="136" from="block_strb_V" to="specbitsmap_ln0" fromId="110" toId="11">
</dataflow>
<dataflow id="137" from="_ssdm_op_SpecBitsMap" to="specbitsmap_ln0" fromId="130" toId="12">
</dataflow>
<dataflow id="138" from="block_user_V" to="specbitsmap_ln0" fromId="111" toId="12">
</dataflow>
<dataflow id="139" from="_ssdm_op_SpecBitsMap" to="specbitsmap_ln0" fromId="130" toId="13">
</dataflow>
<dataflow id="140" from="block_last_V" to="specbitsmap_ln0" fromId="112" toId="13">
</dataflow>
<dataflow id="141" from="_ssdm_op_SpecBitsMap" to="specbitsmap_ln0" fromId="130" toId="14">
</dataflow>
<dataflow id="142" from="block_id_V" to="specbitsmap_ln0" fromId="113" toId="14">
</dataflow>
<dataflow id="143" from="_ssdm_op_SpecBitsMap" to="specbitsmap_ln0" fromId="130" toId="15">
</dataflow>
<dataflow id="144" from="block_dest_V" to="specbitsmap_ln0" fromId="114" toId="15">
</dataflow>
<dataflow id="145" from="_ssdm_op_SpecBitsMap" to="specbitsmap_ln0" fromId="130" toId="16">
</dataflow>
<dataflow id="146" from="encrypted_data_V" to="specbitsmap_ln0" fromId="115" toId="16">
</dataflow>
<dataflow id="147" from="_ssdm_op_SpecBitsMap" to="specbitsmap_ln0" fromId="130" toId="17">
</dataflow>
<dataflow id="148" from="encrypted_keep_V" to="specbitsmap_ln0" fromId="116" toId="17">
</dataflow>
<dataflow id="149" from="_ssdm_op_SpecBitsMap" to="specbitsmap_ln0" fromId="130" toId="18">
</dataflow>
<dataflow id="150" from="encrypted_strb_V" to="specbitsmap_ln0" fromId="117" toId="18">
</dataflow>
<dataflow id="151" from="_ssdm_op_SpecBitsMap" to="specbitsmap_ln0" fromId="130" toId="19">
</dataflow>
<dataflow id="152" from="encrypted_user_V" to="specbitsmap_ln0" fromId="118" toId="19">
</dataflow>
<dataflow id="153" from="_ssdm_op_SpecBitsMap" to="specbitsmap_ln0" fromId="130" toId="20">
</dataflow>
<dataflow id="154" from="encrypted_last_V" to="specbitsmap_ln0" fromId="119" toId="20">
</dataflow>
<dataflow id="155" from="_ssdm_op_SpecBitsMap" to="specbitsmap_ln0" fromId="130" toId="21">
</dataflow>
<dataflow id="156" from="encrypted_id_V" to="specbitsmap_ln0" fromId="120" toId="21">
</dataflow>
<dataflow id="157" from="_ssdm_op_SpecBitsMap" to="specbitsmap_ln0" fromId="130" toId="22">
</dataflow>
<dataflow id="158" from="encrypted_dest_V" to="specbitsmap_ln0" fromId="121" toId="22">
</dataflow>
<dataflow id="159" from="_ssdm_op_SpecBitsMap" to="specbitsmap_ln0" fromId="130" toId="23">
</dataflow>
<dataflow id="160" from="key_const_V" to="specbitsmap_ln0" fromId="122" toId="23">
</dataflow>
<dataflow id="162" from="_ssdm_op_SpecTopModule" to="spectopmodule_ln0" fromId="161" toId="24">
</dataflow>
<dataflow id="164" from="aes_encrypt_impl_str" to="spectopmodule_ln0" fromId="163" toId="24">
</dataflow>
<dataflow id="166" from="StgValue_165" to="keyarr" fromId="165" toId="25">
</dataflow>
<dataflow id="167" from="StgValue_165" to="blockarr" fromId="165" toId="26">
</dataflow>
<dataflow id="168" from="StgValue_165" to="ansarr" fromId="165" toId="27">
</dataflow>
<dataflow id="170" from="_ssdm_op_SpecInterface" to="specinterface_ln83" fromId="169" toId="28">
</dataflow>
<dataflow id="171" from="encrypted_data_V" to="specinterface_ln83" fromId="115" toId="28">
</dataflow>
<dataflow id="172" from="encrypted_keep_V" to="specinterface_ln83" fromId="116" toId="28">
</dataflow>
<dataflow id="173" from="encrypted_strb_V" to="specinterface_ln83" fromId="117" toId="28">
</dataflow>
<dataflow id="174" from="encrypted_user_V" to="specinterface_ln83" fromId="118" toId="28">
</dataflow>
<dataflow id="175" from="encrypted_last_V" to="specinterface_ln83" fromId="119" toId="28">
</dataflow>
<dataflow id="176" from="encrypted_id_V" to="specinterface_ln83" fromId="120" toId="28">
</dataflow>
<dataflow id="177" from="encrypted_dest_V" to="specinterface_ln83" fromId="121" toId="28">
</dataflow>
<dataflow id="179" from="p_str" to="specinterface_ln83" fromId="178" toId="28">
</dataflow>
<dataflow id="181" from="StgValue_180" to="specinterface_ln83" fromId="180" toId="28">
</dataflow>
<dataflow id="182" from="StgValue_180" to="specinterface_ln83" fromId="180" toId="28">
</dataflow>
<dataflow id="184" from="p_str1" to="specinterface_ln83" fromId="183" toId="28">
</dataflow>
<dataflow id="186" from="StgValue_185" to="specinterface_ln83" fromId="185" toId="28">
</dataflow>
<dataflow id="187" from="StgValue_185" to="specinterface_ln83" fromId="185" toId="28">
</dataflow>
<dataflow id="189" from="p_str2" to="specinterface_ln83" fromId="188" toId="28">
</dataflow>
<dataflow id="190" from="p_str2" to="specinterface_ln83" fromId="188" toId="28">
</dataflow>
<dataflow id="191" from="p_str2" to="specinterface_ln83" fromId="188" toId="28">
</dataflow>
<dataflow id="192" from="StgValue_185" to="specinterface_ln83" fromId="185" toId="28">
</dataflow>
<dataflow id="193" from="StgValue_185" to="specinterface_ln83" fromId="185" toId="28">
</dataflow>
<dataflow id="194" from="StgValue_185" to="specinterface_ln83" fromId="185" toId="28">
</dataflow>
<dataflow id="195" from="StgValue_185" to="specinterface_ln83" fromId="185" toId="28">
</dataflow>
<dataflow id="196" from="p_str2" to="specinterface_ln83" fromId="188" toId="28">
</dataflow>
<dataflow id="197" from="p_str2" to="specinterface_ln83" fromId="188" toId="28">
</dataflow>
<dataflow id="198" from="_ssdm_op_SpecInterface" to="specinterface_ln84" fromId="169" toId="29">
</dataflow>
<dataflow id="199" from="block_data_V" to="specinterface_ln84" fromId="108" toId="29">
</dataflow>
<dataflow id="200" from="block_keep_V" to="specinterface_ln84" fromId="109" toId="29">
</dataflow>
<dataflow id="201" from="block_strb_V" to="specinterface_ln84" fromId="110" toId="29">
</dataflow>
<dataflow id="202" from="block_user_V" to="specinterface_ln84" fromId="111" toId="29">
</dataflow>
<dataflow id="203" from="block_last_V" to="specinterface_ln84" fromId="112" toId="29">
</dataflow>
<dataflow id="204" from="block_id_V" to="specinterface_ln84" fromId="113" toId="29">
</dataflow>
<dataflow id="205" from="block_dest_V" to="specinterface_ln84" fromId="114" toId="29">
</dataflow>
<dataflow id="206" from="p_str" to="specinterface_ln84" fromId="178" toId="29">
</dataflow>
<dataflow id="207" from="StgValue_180" to="specinterface_ln84" fromId="180" toId="29">
</dataflow>
<dataflow id="208" from="StgValue_180" to="specinterface_ln84" fromId="180" toId="29">
</dataflow>
<dataflow id="209" from="p_str1" to="specinterface_ln84" fromId="183" toId="29">
</dataflow>
<dataflow id="210" from="StgValue_185" to="specinterface_ln84" fromId="185" toId="29">
</dataflow>
<dataflow id="211" from="StgValue_185" to="specinterface_ln84" fromId="185" toId="29">
</dataflow>
<dataflow id="212" from="p_str2" to="specinterface_ln84" fromId="188" toId="29">
</dataflow>
<dataflow id="213" from="p_str2" to="specinterface_ln84" fromId="188" toId="29">
</dataflow>
<dataflow id="214" from="p_str2" to="specinterface_ln84" fromId="188" toId="29">
</dataflow>
<dataflow id="215" from="StgValue_185" to="specinterface_ln84" fromId="185" toId="29">
</dataflow>
<dataflow id="216" from="StgValue_185" to="specinterface_ln84" fromId="185" toId="29">
</dataflow>
<dataflow id="217" from="StgValue_185" to="specinterface_ln84" fromId="185" toId="29">
</dataflow>
<dataflow id="218" from="StgValue_185" to="specinterface_ln84" fromId="185" toId="29">
</dataflow>
<dataflow id="219" from="p_str2" to="specinterface_ln84" fromId="188" toId="29">
</dataflow>
<dataflow id="220" from="p_str2" to="specinterface_ln84" fromId="188" toId="29">
</dataflow>
<dataflow id="221" from="_ssdm_op_SpecInterface" to="specinterface_ln85" fromId="169" toId="30">
</dataflow>
<dataflow id="222" from="key_const_V" to="specinterface_ln85" fromId="122" toId="30">
</dataflow>
<dataflow id="224" from="p_str3" to="specinterface_ln85" fromId="223" toId="30">
</dataflow>
<dataflow id="225" from="StgValue_185" to="specinterface_ln85" fromId="185" toId="30">
</dataflow>
<dataflow id="226" from="StgValue_185" to="specinterface_ln85" fromId="185" toId="30">
</dataflow>
<dataflow id="227" from="p_str2" to="specinterface_ln85" fromId="188" toId="30">
</dataflow>
<dataflow id="228" from="StgValue_185" to="specinterface_ln85" fromId="185" toId="30">
</dataflow>
<dataflow id="229" from="StgValue_185" to="specinterface_ln85" fromId="185" toId="30">
</dataflow>
<dataflow id="230" from="p_str2" to="specinterface_ln85" fromId="188" toId="30">
</dataflow>
<dataflow id="231" from="p_str2" to="specinterface_ln85" fromId="188" toId="30">
</dataflow>
<dataflow id="232" from="p_str2" to="specinterface_ln85" fromId="188" toId="30">
</dataflow>
<dataflow id="233" from="StgValue_185" to="specinterface_ln85" fromId="185" toId="30">
</dataflow>
<dataflow id="234" from="StgValue_185" to="specinterface_ln85" fromId="185" toId="30">
</dataflow>
<dataflow id="235" from="StgValue_185" to="specinterface_ln85" fromId="185" toId="30">
</dataflow>
<dataflow id="236" from="StgValue_185" to="specinterface_ln85" fromId="185" toId="30">
</dataflow>
<dataflow id="237" from="p_str2" to="specinterface_ln85" fromId="188" toId="30">
</dataflow>
<dataflow id="238" from="p_str2" to="specinterface_ln85" fromId="188" toId="30">
</dataflow>
<dataflow id="239" from="_ssdm_op_SpecInterface" to="specinterface_ln86" fromId="169" toId="31">
</dataflow>
<dataflow id="240" from="StgValue_185" to="specinterface_ln86" fromId="185" toId="31">
</dataflow>
<dataflow id="242" from="p_str4" to="specinterface_ln86" fromId="241" toId="31">
</dataflow>
<dataflow id="243" from="StgValue_185" to="specinterface_ln86" fromId="185" toId="31">
</dataflow>
<dataflow id="244" from="StgValue_185" to="specinterface_ln86" fromId="185" toId="31">
</dataflow>
<dataflow id="245" from="p_str2" to="specinterface_ln86" fromId="188" toId="31">
</dataflow>
<dataflow id="246" from="StgValue_185" to="specinterface_ln86" fromId="185" toId="31">
</dataflow>
<dataflow id="247" from="StgValue_185" to="specinterface_ln86" fromId="185" toId="31">
</dataflow>
<dataflow id="248" from="p_str2" to="specinterface_ln86" fromId="188" toId="31">
</dataflow>
<dataflow id="249" from="p_str2" to="specinterface_ln86" fromId="188" toId="31">
</dataflow>
<dataflow id="250" from="p_str2" to="specinterface_ln86" fromId="188" toId="31">
</dataflow>
<dataflow id="251" from="StgValue_185" to="specinterface_ln86" fromId="185" toId="31">
</dataflow>
<dataflow id="252" from="StgValue_185" to="specinterface_ln86" fromId="185" toId="31">
</dataflow>
<dataflow id="253" from="StgValue_185" to="specinterface_ln86" fromId="185" toId="31">
</dataflow>
<dataflow id="254" from="StgValue_185" to="specinterface_ln86" fromId="185" toId="31">
</dataflow>
<dataflow id="255" from="p_str2" to="specinterface_ln86" fromId="188" toId="31">
</dataflow>
<dataflow id="256" from="p_str2" to="specinterface_ln86" fromId="188" toId="31">
</dataflow>
<dataflow id="258" from="_ssdm_op_Read.axis.volatile.i128P.i16P.i16P.i1P.i1P.i1P.i1P" to="empty" fromId="257" toId="32">
</dataflow>
<dataflow id="259" from="block_data_V" to="empty" fromId="108" toId="32">
</dataflow>
<dataflow id="260" from="block_keep_V" to="empty" fromId="109" toId="32">
</dataflow>
<dataflow id="261" from="block_strb_V" to="empty" fromId="110" toId="32">
</dataflow>
<dataflow id="262" from="block_user_V" to="empty" fromId="111" toId="32">
</dataflow>
<dataflow id="263" from="block_last_V" to="empty" fromId="112" toId="32">
</dataflow>
<dataflow id="264" from="block_id_V" to="empty" fromId="113" toId="32">
</dataflow>
<dataflow id="265" from="block_dest_V" to="empty" fromId="114" toId="32">
</dataflow>
<dataflow id="266" from="empty" to="block_data_V_tmp" fromId="32" toId="33">
</dataflow>
<dataflow id="267" from="empty" to="block_keep_V_tmp" fromId="32" toId="34">
</dataflow>
<dataflow id="268" from="empty" to="block_strb_V_tmp" fromId="32" toId="35">
</dataflow>
<dataflow id="269" from="empty" to="block_user_V_tmp" fromId="32" toId="36">
</dataflow>
<dataflow id="270" from="empty" to="block_last_V_tmp" fromId="32" toId="37">
</dataflow>
<dataflow id="271" from="empty" to="block_id_V_tmp" fromId="32" toId="38">
</dataflow>
<dataflow id="272" from="empty" to="block_dest_V_tmp" fromId="32" toId="39">
</dataflow>
<dataflow id="274" from="StgValue_273" to="i_0_i" fromId="273" toId="41">
<condition id="-1">
<or_exp><and_exp></and_exp></or_exp>
</condition>
</dataflow>
<dataflow id="275" from="br_ln69" to="i_0_i" fromId="40" toId="41">
</dataflow>
<dataflow id="276" from="i" to="i_0_i" fromId="44" toId="41">
<BackEdge/>
<condition id="-1">
<or_exp><and_exp><literal name="icmp_ln69" val="0"/>
</and_exp></or_exp>
</condition>
</dataflow>
<dataflow id="277" from="br_ln69" to="i_0_i" fromId="55" toId="41">
<BackEdge/>
</dataflow>
<dataflow id="278" from="i_0_i" to="icmp_ln69" fromId="41" toId="42">
</dataflow>
<dataflow id="280" from="StgValue_279" to="icmp_ln69" fromId="279" toId="42">
</dataflow>
<dataflow id="282" from="_ssdm_op_SpecLoopTripCount" to="empty_8" fromId="281" toId="43">
</dataflow>
<dataflow id="284" from="StgValue_283" to="empty_8" fromId="283" toId="43">
</dataflow>
<dataflow id="285" from="StgValue_283" to="empty_8" fromId="283" toId="43">
</dataflow>
<dataflow id="286" from="StgValue_283" to="empty_8" fromId="283" toId="43">
</dataflow>
<dataflow id="287" from="i_0_i" to="i" fromId="41" toId="44">
</dataflow>
<dataflow id="289" from="StgValue_288" to="i" fromId="288" toId="44">
</dataflow>
<dataflow id="290" from="icmp_ln69" to="br_ln69" fromId="42" toId="45">
</dataflow>
<dataflow id="291" from="i_0_i" to="trunc_ln70" fromId="41" toId="46">
</dataflow>
<dataflow id="293" from="_ssdm_op_BitConcatenate.i7.i4.i3" to="op2_assign" fromId="292" toId="47">
</dataflow>
<dataflow id="294" from="trunc_ln70" to="op2_assign" fromId="46" toId="47">
</dataflow>
<dataflow id="296" from="StgValue_295" to="op2_assign" fromId="295" toId="47">
</dataflow>
<dataflow id="297" from="op2_assign" to="zext_ln1503" fromId="47" toId="48">
</dataflow>
<dataflow id="298" from="block_data_V_tmp" to="lshr_ln1503" fromId="33" toId="49">
</dataflow>
<dataflow id="299" from="zext_ln1503" to="lshr_ln1503" fromId="48" toId="49">
</dataflow>
<dataflow id="300" from="lshr_ln1503" to="trunc_ln1503" fromId="49" toId="50">
</dataflow>
<dataflow id="302" from="StgValue_301" to="sub_ln70" fromId="301" toId="51">
</dataflow>
<dataflow id="303" from="i_0_i" to="sub_ln70" fromId="41" toId="51">
</dataflow>
<dataflow id="304" from="sub_ln70" to="zext_ln70" fromId="51" toId="52">
</dataflow>
<dataflow id="305" from="blockarr" to="blockarr_addr" fromId="26" toId="53">
</dataflow>
<dataflow id="307" from="StgValue_306" to="blockarr_addr" fromId="306" toId="53">
</dataflow>
<dataflow id="308" from="zext_ln70" to="blockarr_addr" fromId="52" toId="53">
</dataflow>
<dataflow id="309" from="trunc_ln1503" to="store_ln70" fromId="50" toId="54">
</dataflow>
<dataflow id="310" from="blockarr_addr" to="store_ln70" fromId="53" toId="54">
</dataflow>
<dataflow id="311" from="i_2" to="i_0_i2" fromId="60" toId="57">
<BackEdge/>
<condition id="-1">
<or_exp><and_exp><literal name="icmp_ln69_1" val="0"/>
</and_exp></or_exp>
</condition>
</dataflow>
<dataflow id="312" from="br_ln69" to="i_0_i2" fromId="71" toId="57">
<BackEdge/>
</dataflow>
<dataflow id="313" from="StgValue_273" to="i_0_i2" fromId="273" toId="57">
<condition id="-1">
<or_exp><and_exp><literal name="icmp_ln69" val="1"/>
</and_exp></or_exp>
</condition>
</dataflow>
<dataflow id="314" from="br_ln69" to="i_0_i2" fromId="56" toId="57">
</dataflow>
<dataflow id="315" from="i_0_i2" to="icmp_ln69_1" fromId="57" toId="58">
</dataflow>
<dataflow id="316" from="StgValue_279" to="icmp_ln69_1" fromId="279" toId="58">
</dataflow>
<dataflow id="317" from="_ssdm_op_SpecLoopTripCount" to="empty_9" fromId="281" toId="59">
</dataflow>
<dataflow id="318" from="StgValue_283" to="empty_9" fromId="283" toId="59">
</dataflow>
<dataflow id="319" from="StgValue_283" to="empty_9" fromId="283" toId="59">
</dataflow>
<dataflow id="320" from="StgValue_283" to="empty_9" fromId="283" toId="59">
</dataflow>
<dataflow id="321" from="i_0_i2" to="i_2" fromId="57" toId="60">
</dataflow>
<dataflow id="322" from="StgValue_288" to="i_2" fromId="288" toId="60">
</dataflow>
<dataflow id="323" from="icmp_ln69_1" to="br_ln69" fromId="58" toId="61">
</dataflow>
<dataflow id="324" from="i_0_i2" to="trunc_ln70_1" fromId="57" toId="62">
</dataflow>
<dataflow id="325" from="_ssdm_op_BitConcatenate.i7.i4.i3" to="op2_assign_1" fromId="292" toId="63">
</dataflow>
<dataflow id="326" from="trunc_ln70_1" to="op2_assign_1" fromId="62" toId="63">
</dataflow>
<dataflow id="327" from="StgValue_295" to="op2_assign_1" fromId="295" toId="63">
</dataflow>
<dataflow id="328" from="op2_assign_1" to="zext_ln1503_1" fromId="63" toId="64">
</dataflow>
<dataflow id="329" from="key_const_V_read" to="lshr_ln1503_1" fromId="8" toId="65">
</dataflow>
<dataflow id="330" from="zext_ln1503_1" to="lshr_ln1503_1" fromId="64" toId="65">
</dataflow>
<dataflow id="331" from="lshr_ln1503_1" to="trunc_ln1503_1" fromId="65" toId="66">
</dataflow>
<dataflow id="332" from="StgValue_301" to="sub_ln70_1" fromId="301" toId="67">
</dataflow>
<dataflow id="333" from="i_0_i2" to="sub_ln70_1" fromId="57" toId="67">
</dataflow>
<dataflow id="334" from="sub_ln70_1" to="zext_ln70_4" fromId="67" toId="68">
</dataflow>
<dataflow id="335" from="keyarr" to="keyarr_addr" fromId="25" toId="69">
</dataflow>
<dataflow id="336" from="StgValue_306" to="keyarr_addr" fromId="306" toId="69">
</dataflow>
<dataflow id="337" from="zext_ln70_4" to="keyarr_addr" fromId="68" toId="69">
</dataflow>
<dataflow id="338" from="trunc_ln1503_1" to="store_ln70" fromId="66" toId="70">
</dataflow>
<dataflow id="339" from="keyarr_addr" to="store_ln70" fromId="69" toId="70">
</dataflow>
<dataflow id="341" from="aes_encrypt" to="call_ln94" fromId="340" toId="72">
</dataflow>
<dataflow id="342" from="blockarr" to="call_ln94" fromId="26" toId="72">
</dataflow>
<dataflow id="343" from="keyarr" to="call_ln94" fromId="25" toId="72">
</dataflow>
<dataflow id="344" from="ansarr" to="call_ln94" fromId="27" toId="72">
</dataflow>
<dataflow id="345" from="sbox" to="call_ln94" fromId="123" toId="72">
</dataflow>
<dataflow id="346" from="ROUND_CONSTANT" to="call_ln94" fromId="124" toId="72">
</dataflow>
<dataflow id="347" from="mx2" to="call_ln94" fromId="125" toId="72">
</dataflow>
<dataflow id="348" from="mx3" to="call_ln94" fromId="126" toId="72">
</dataflow>
<dataflow id="349" from="aes_encrypt" to="call_ln94" fromId="340" toId="73">
</dataflow>
<dataflow id="350" from="blockarr" to="call_ln94" fromId="26" toId="73">
</dataflow>
<dataflow id="351" from="keyarr" to="call_ln94" fromId="25" toId="73">
</dataflow>
<dataflow id="352" from="ansarr" to="call_ln94" fromId="27" toId="73">
</dataflow>
<dataflow id="353" from="sbox" to="call_ln94" fromId="123" toId="73">
</dataflow>
<dataflow id="354" from="ROUND_CONSTANT" to="call_ln94" fromId="124" toId="73">
</dataflow>
<dataflow id="355" from="mx2" to="call_ln94" fromId="125" toId="73">
</dataflow>
<dataflow id="356" from="mx3" to="call_ln94" fromId="126" toId="73">
</dataflow>
<dataflow id="358" from="StgValue_357" to="ansEncrypt_V" fromId="357" toId="75">
<condition id="-1">
<or_exp><and_exp></and_exp></or_exp>
</condition>
</dataflow>
<dataflow id="359" from="br_ln76" to="ansEncrypt_V" fromId="74" toId="75">
</dataflow>
<dataflow id="360" from="ans_V" to="ansEncrypt_V" fromId="92" toId="75">
<BackEdge/>
<condition id="-1">
<or_exp><and_exp></and_exp></or_exp>
</condition>
</dataflow>
<dataflow id="361" from="br_ln76" to="ansEncrypt_V" fromId="93" toId="75">
<BackEdge/>
</dataflow>
<dataflow id="362" from="StgValue_273" to="i_0_i14" fromId="273" toId="76">
<condition id="-1">
<or_exp><and_exp></and_exp></or_exp>
</condition>
</dataflow>
<dataflow id="363" from="br_ln76" to="i_0_i14" fromId="74" toId="76">
</dataflow>
<dataflow id="364" from="i_3" to="i_0_i14" fromId="79" toId="76">
<BackEdge/>
<condition id="-1">
<or_exp><and_exp></and_exp></or_exp>
</condition>
</dataflow>
<dataflow id="365" from="br_ln76" to="i_0_i14" fromId="93" toId="76">
<BackEdge/>
</dataflow>
<dataflow id="366" from="i_0_i14" to="icmp_ln76" fromId="76" toId="77">
</dataflow>
<dataflow id="367" from="StgValue_279" to="icmp_ln76" fromId="279" toId="77">
</dataflow>
<dataflow id="368" from="_ssdm_op_SpecLoopTripCount" to="empty_10" fromId="281" toId="78">
</dataflow>
<dataflow id="369" from="StgValue_283" to="empty_10" fromId="283" toId="78">
</dataflow>
<dataflow id="370" from="StgValue_283" to="empty_10" fromId="283" toId="78">
</dataflow>
<dataflow id="371" from="StgValue_283" to="empty_10" fromId="283" toId="78">
</dataflow>
<dataflow id="372" from="i_0_i14" to="i_3" fromId="76" toId="79">
</dataflow>
<dataflow id="373" from="StgValue_288" to="i_3" fromId="288" toId="79">
</dataflow>
<dataflow id="374" from="icmp_ln76" to="br_ln76" fromId="77" toId="80">
</dataflow>
<dataflow id="375" from="i_0_i14" to="zext_ln77" fromId="76" toId="81">
</dataflow>
<dataflow id="376" from="ansarr" to="ansarr_addr" fromId="27" toId="82">
</dataflow>
<dataflow id="377" from="StgValue_306" to="ansarr_addr" fromId="306" toId="82">
</dataflow>
<dataflow id="378" from="zext_ln77" to="ansarr_addr" fromId="81" toId="82">
</dataflow>
<dataflow id="379" from="ansarr_addr" to="ansarr_load" fromId="82" toId="83">
</dataflow>
<dataflow id="380" from="i_0_i14" to="trunc_ln77" fromId="76" toId="84">
</dataflow>
<dataflow id="382" from="_ssdm_op_Write.axis.volatile.i128P.i16P.i16P.i1P.i1P.i1P.i1P" to="write_ln82" fromId="381" toId="85">
</dataflow>
<dataflow id="383" from="encrypted_data_V" to="write_ln82" fromId="115" toId="85">
</dataflow>
<dataflow id="384" from="encrypted_keep_V" to="write_ln82" fromId="116" toId="85">
</dataflow>
<dataflow id="385" from="encrypted_strb_V" to="write_ln82" fromId="117" toId="85">
</dataflow>
<dataflow id="386" from="encrypted_user_V" to="write_ln82" fromId="118" toId="85">
</dataflow>
<dataflow id="387" from="encrypted_last_V" to="write_ln82" fromId="119" toId="85">
</dataflow>
<dataflow id="388" from="encrypted_id_V" to="write_ln82" fromId="120" toId="85">
</dataflow>
<dataflow id="389" from="encrypted_dest_V" to="write_ln82" fromId="121" toId="85">
</dataflow>
<dataflow id="390" from="ansEncrypt_V" to="write_ln82" fromId="75" toId="85">
</dataflow>
<dataflow id="391" from="block_keep_V_tmp" to="write_ln82" fromId="34" toId="85">
</dataflow>
<dataflow id="392" from="block_strb_V_tmp" to="write_ln82" fromId="35" toId="85">
</dataflow>
<dataflow id="393" from="block_user_V_tmp" to="write_ln82" fromId="36" toId="85">
</dataflow>
<dataflow id="394" from="block_last_V_tmp" to="write_ln82" fromId="37" toId="85">
</dataflow>
<dataflow id="395" from="block_id_V_tmp" to="write_ln82" fromId="38" toId="85">
</dataflow>
<dataflow id="396" from="block_dest_V_tmp" to="write_ln82" fromId="39" toId="85">
</dataflow>
<dataflow id="397" from="ansarr_addr" to="ansarr_load" fromId="82" toId="86">
</dataflow>
<dataflow id="398" from="ansarr_load" to="zext_ln298" fromId="86" toId="87">
</dataflow>
<dataflow id="399" from="_ssdm_op_BitConcatenate.i7.i4.i3" to="shl_ln" fromId="292" toId="88">
</dataflow>
<dataflow id="400" from="trunc_ln77" to="shl_ln" fromId="84" toId="88">
</dataflow>
<dataflow id="401" from="StgValue_295" to="shl_ln" fromId="295" toId="88">
</dataflow>
<dataflow id="403" from="StgValue_402" to="sub_ln77" fromId="402" toId="89">
</dataflow>
<dataflow id="404" from="shl_ln" to="sub_ln77" fromId="88" toId="89">
</dataflow>
<dataflow id="405" from="sub_ln77" to="zext_ln1503_2" fromId="89" toId="90">
</dataflow>
<dataflow id="406" from="zext_ln298" to="r_V" fromId="87" toId="91">
</dataflow>
<dataflow id="407" from="zext_ln1503_2" to="r_V" fromId="90" toId="91">
</dataflow>
<dataflow id="408" from="r_V" to="ans_V" fromId="91" toId="92">
</dataflow>
<dataflow id="409" from="ansEncrypt_V" to="ans_V" fromId="75" toId="92">
</dataflow>
<dataflow id="410" from="_ssdm_op_Write.axis.volatile.i128P.i16P.i16P.i1P.i1P.i1P.i1P" to="write_ln82" fromId="381" toId="94">
</dataflow>
<dataflow id="411" from="encrypted_data_V" to="write_ln82" fromId="115" toId="94">
</dataflow>
<dataflow id="412" from="encrypted_keep_V" to="write_ln82" fromId="116" toId="94">
</dataflow>
<dataflow id="413" from="encrypted_strb_V" to="write_ln82" fromId="117" toId="94">
</dataflow>
<dataflow id="414" from="encrypted_user_V" to="write_ln82" fromId="118" toId="94">
</dataflow>
<dataflow id="415" from="encrypted_last_V" to="write_ln82" fromId="119" toId="94">
</dataflow>
<dataflow id="416" from="encrypted_id_V" to="write_ln82" fromId="120" toId="94">
</dataflow>
<dataflow id="417" from="encrypted_dest_V" to="write_ln82" fromId="121" toId="94">
</dataflow>
<dataflow id="418" from="ansEncrypt_V" to="write_ln82" fromId="75" toId="94">
</dataflow>
<dataflow id="419" from="block_keep_V_tmp" to="write_ln82" fromId="34" toId="94">
</dataflow>
<dataflow id="420" from="block_strb_V_tmp" to="write_ln82" fromId="35" toId="94">
</dataflow>
<dataflow id="421" from="block_user_V_tmp" to="write_ln82" fromId="36" toId="94">
</dataflow>
<dataflow id="422" from="block_last_V_tmp" to="write_ln82" fromId="37" toId="94">
</dataflow>
<dataflow id="423" from="block_id_V_tmp" to="write_ln82" fromId="38" toId="94">
</dataflow>
<dataflow id="424" from="block_dest_V_tmp" to="write_ln82" fromId="39" toId="94">
</dataflow>
<dataflow id="425" from="icmp_ln69" to="StgValue_2" fromId="42" toId="2">
</dataflow>
<dataflow id="426" from="icmp_ln69_1" to="StgValue_3" fromId="58" toId="3">
</dataflow>
<dataflow id="427" from="icmp_ln76" to="StgValue_5" fromId="77" toId="5">
</dataflow>
</dataflows>


</stg>
