<annotationInfo>
<annotationInfo>
<item  id="8" filename="../aes_key_expand.cpp" linenumber="61" name="k" contextFuncName="keyExpand" moduleName="keyExpand" rtlName="k_U" latency="0" BRAM="-1" DSP="-1" FF="-1" LUT="-1" fileDirectory="Z:\EECE4632\project\aes_hw_impl\aes_hw_impl_hls"&gt;&lt;\/item&gt;
<item  id="17" filename="../aes_key_expand.cpp" linenumber="63" name="or_ln63_2" contextFuncName="keyExpand" moduleName="keyExpand" rtlName="or_ln63_2_fu_494_p5" latency="0" BRAM="-1" DSP="-1" FF="-1" LUT="-1" fileDirectory="Z:\EECE4632\project\aes_hw_impl\aes_hw_impl_hls"&gt;&lt;\/item&gt;
<item  id="28" filename="../aes_key_expand.cpp" linenumber="64" name="or_ln64_2" contextFuncName="keyExpand" moduleName="keyExpand" rtlName="or_ln64_2_fu_507_p5" latency="0" BRAM="-1" DSP="-1" FF="-1" LUT="-1" fileDirectory="Z:\EECE4632\project\aes_hw_impl\aes_hw_impl_hls"&gt;&lt;\/item&gt;
<item  id="39" filename="../aes_key_expand.cpp" linenumber="65" name="or_ln65_2" contextFuncName="keyExpand" moduleName="keyExpand" rtlName="or_ln65_2_fu_520_p5" latency="0" BRAM="-1" DSP="-1" FF="-1" LUT="-1" fileDirectory="Z:\EECE4632\project\aes_hw_impl\aes_hw_impl_hls"&gt;&lt;\/item&gt;
<item  id="49" filename="../aes_key_expand.cpp" linenumber="66" name="or_ln66_2" contextFuncName="keyExpand" moduleName="keyExpand" rtlName="or_ln66_2_fu_533_p5" latency="0" BRAM="-1" DSP="-1" FF="-1" LUT="-1" fileDirectory="Z:\EECE4632\project\aes_hw_impl\aes_hw_impl_hls"&gt;&lt;\/item&gt;
<item  id="55" filename="../aes_key_expand.cpp" linenumber="68" name="icmp_ln68" contextFuncName="keyExpand" moduleName="keyExpand" rtlName="icmp_ln68_fu_546_p2" latency="0" BRAM="-1" DSP="-1" FF="0" LUT="11" fileDirectory="Z:\EECE4632\project\aes_hw_impl\aes_hw_impl_hls"&gt;&lt;\/item&gt;
<item  id="59" filename="../aes_key_expand.cpp" linenumber="68" name="trunc_ln68" contextFuncName="keyExpand" moduleName="keyExpand" rtlName="trunc_ln68_fu_574_p1" latency="0" BRAM="-1" DSP="-1" FF="-1" LUT="-1" fileDirectory="Z:\EECE4632\project\aes_hw_impl\aes_hw_impl_hls"&gt;&lt;\/item&gt;
<item  id="60" filename="../aes_key_expand.cpp" linenumber="69" name="icmp_ln69" contextFuncName="keyExpand" moduleName="keyExpand" rtlName="icmp_ln69_fu_578_p2" latency="0" BRAM="-1" DSP="-1" FF="0" LUT="8" fileDirectory="Z:\EECE4632\project\aes_hw_impl\aes_hw_impl_hls"&gt;&lt;\/item&gt;
<item  id="61" filename="../aes_key_expand.cpp" linenumber="70" name="add_ln70" contextFuncName="keyExpand" moduleName="keyExpand" rtlName="add_ln70_fu_552_p2" latency="0" BRAM="-1" DSP="-1" FF="0" LUT="15" fileDirectory="Z:\EECE4632\project\aes_hw_impl\aes_hw_impl_hls"&gt;&lt;\/item&gt;
<item  id="62" filename="../aes_key_expand.cpp" linenumber="70" name="zext_ln70" contextFuncName="keyExpand" moduleName="keyExpand" rtlName="zext_ln70_fu_558_p1" latency="0" BRAM="-1" DSP="-1" FF="-1" LUT="-1" fileDirectory="Z:\EECE4632\project\aes_hw_impl\aes_hw_impl_hls"&gt;&lt;\/item&gt;
<item  id="65" filename="../aes_key_expand.cpp" linenumber="70" name="add_ln70_1" contextFuncName="keyExpand" moduleName="keyExpand" rtlName="add_ln70_1_fu_563_p2" latency="0" BRAM="-1" DSP="-1" FF="0" LUT="15" fileDirectory="Z:\EECE4632\project\aes_hw_impl\aes_hw_impl_hls"&gt;&lt;\/item&gt;
<item  id="66" filename="../aes_key_expand.cpp" linenumber="70" name="zext_ln70_1" contextFuncName="keyExpand" moduleName="keyExpand" rtlName="zext_ln70_1_fu_569_p1" latency="0" BRAM="-1" DSP="-1" FF="-1" LUT="-1" fileDirectory="Z:\EECE4632\project\aes_hw_impl\aes_hw_impl_hls"&gt;&lt;\/item&gt;
<item  id="71" filename="../aes_key_expand.cpp" linenumber="72" name="xor_ln72" contextFuncName="keyExpand" moduleName="keyExpand" rtlName="xor_ln72_fu_584_p2" latency="0" BRAM="-1" DSP="-1" FF="0" LUT="32" fileDirectory="Z:\EECE4632\project\aes_hw_impl\aes_hw_impl_hls"&gt;&lt;\/item&gt;
<item  id="72" filename="../aes_key_expand.cpp" linenumber="72" name="zext_ln72" contextFuncName="keyExpand" moduleName="keyExpand" rtlName="zext_ln72_fu_591_p1" latency="0" BRAM="-1" DSP="-1" FF="-1" LUT="-1" fileDirectory="Z:\EECE4632\project\aes_hw_impl\aes_hw_impl_hls"&gt;&lt;\/item&gt;
<item  id="77" filename="../aes_key_expand.cpp" linenumber="16" name="a_write_assign_2" contextFuncName="deconWord" moduleName="keyExpand" rtlName="keys_d0" latency="0" BRAM="-1" DSP="-1" FF="-1" LUT="-1" fileDirectory="Z:\EECE4632\project\aes_hw_impl\aes_hw_impl_hls"&gt;&lt;\/item&gt;
<item  id="78" filename="../aes_key_expand.cpp" linenumber="17" name="b_write_assign_2" contextFuncName="deconWord" moduleName="keyExpand" rtlName="keys_d1" latency="0" BRAM="-1" DSP="-1" FF="-1" LUT="-1" fileDirectory="Z:\EECE4632\project\aes_hw_impl\aes_hw_impl_hls"&gt;&lt;\/item&gt;
<item  id="79" filename="../aes_key_expand.cpp" linenumber="23" name="tmp" contextFuncName="conWord" moduleName="keyExpand" rtlName="grp_fu_476_p4" latency="0" BRAM="-1" DSP="-1" FF="-1" LUT="-1" fileDirectory="Z:\EECE4632\project\aes_hw_impl\aes_hw_impl_hls"&gt;&lt;\/item&gt;
<item  id="80" filename="../aes_key_expand.cpp" linenumber="23" name="trunc_ln23" contextFuncName="conWord" moduleName="keyExpand" rtlName="trunc_ln23_fu_596_p1" latency="0" BRAM="-1" DSP="-1" FF="-1" LUT="-1" fileDirectory="Z:\EECE4632\project\aes_hw_impl\aes_hw_impl_hls"&gt;&lt;\/item&gt;
<item  id="81" filename="../sbox.cpp" linenumber="49" name="zext_ln49" contextFuncName="lookupForwardSbox" moduleName="keyExpand" rtlName="zext_ln49_fu_600_p1" latency="0" BRAM="-1" DSP="-1" FF="-1" LUT="-1" fileDirectory="Z:\EECE4632\project\aes_hw_impl\aes_hw_impl_hls"&gt;&lt;\/item&gt;
<item  id="84" filename="../sbox.cpp" linenumber="49" name="zext_ln49_1" contextFuncName="lookupForwardSbox" moduleName="keyExpand" rtlName="zext_ln49_1_fu_605_p1" latency="0" BRAM="-1" DSP="-1" FF="-1" LUT="-1" fileDirectory="Z:\EECE4632\project\aes_hw_impl\aes_hw_impl_hls"&gt;&lt;\/item&gt;
<item  id="87" filename="../sbox.cpp" linenumber="49" name="zext_ln49_2" contextFuncName="lookupForwardSbox" moduleName="keyExpand" rtlName="zext_ln49_2_fu_610_p1" latency="0" BRAM="-1" DSP="-1" FF="-1" LUT="-1" fileDirectory="Z:\EECE4632\project\aes_hw_impl\aes_hw_impl_hls"&gt;&lt;\/item&gt;
<item  id="90" filename="../sbox.cpp" linenumber="49" name="zext_ln49_3" contextFuncName="lookupForwardSbox" moduleName="keyExpand" rtlName="zext_ln49_3_fu_615_p1" latency="0" BRAM="-1" DSP="-1" FF="-1" LUT="-1" fileDirectory="Z:\EECE4632\project\aes_hw_impl\aes_hw_impl_hls"&gt;&lt;\/item&gt;
<item  id="93" filename="../aes_key_expand.cpp" linenumber="50" name="or_ln50_1_i" contextFuncName="subWord" moduleName="keyExpand" rtlName="or_ln50_1_i_fu_641_p5" latency="0" BRAM="-1" DSP="-1" FF="-1" LUT="-1" fileDirectory="Z:\EECE4632\project\aes_hw_impl\aes_hw_impl_hls"&gt;&lt;\/item&gt;
<item  id="94" filename="../aes_key_expand.cpp" linenumber="70" name="trunc_ln1" contextFuncName="keyExpand" moduleName="keyExpand" rtlName="trunc_ln1_fu_620_p4" latency="0" BRAM="-1" DSP="-1" FF="-1" LUT="-1" fileDirectory="Z:\EECE4632\project\aes_hw_impl\aes_hw_impl_hls"&gt;&lt;\/item&gt;
<item  id="95" filename="../aes_key_expand.cpp" linenumber="70" name="add_ln70_2" contextFuncName="keyExpand" moduleName="keyExpand" rtlName="add_ln70_2_fu_630_p2" latency="0" BRAM="-1" DSP="-1" FF="0" LUT="13" fileDirectory="Z:\EECE4632\project\aes_hw_impl\aes_hw_impl_hls"&gt;&lt;\/item&gt;
<item  id="96" filename="../aes_key_expand.cpp" linenumber="70" name="zext_ln70_2" contextFuncName="keyExpand" moduleName="keyExpand" rtlName="zext_ln70_2_fu_636_p1" latency="0" BRAM="-1" DSP="-1" FF="-1" LUT="-1" fileDirectory="Z:\EECE4632\project\aes_hw_impl\aes_hw_impl_hls"&gt;&lt;\/item&gt;
<item  id="99" filename="../aes_key_expand.cpp" linenumber="70" name="xor_ln70" contextFuncName="keyExpand" moduleName="keyExpand" rtlName="xor_ln70_fu_653_p2" latency="0" BRAM="-1" DSP="-1" FF="0" LUT="32" fileDirectory="Z:\EECE4632\project\aes_hw_impl\aes_hw_impl_hls"&gt;&lt;\/item&gt;
<item  id="100" filename="../aes_key_expand.cpp" linenumber="70" name="xor_ln70_1" contextFuncName="keyExpand" moduleName="keyExpand" rtlName="xor_ln70_1_fu_659_p2" latency="0" BRAM="-1" DSP="-1" FF="0" LUT="32" fileDirectory="Z:\EECE4632\project\aes_hw_impl\aes_hw_impl_hls"&gt;&lt;\/item&gt;
<item  id="101" filename="../aes_key_expand.cpp" linenumber="70" name="zext_ln70_3" contextFuncName="keyExpand" moduleName="keyExpand" rtlName="zext_ln70_3_fu_665_p1" latency="0" BRAM="-1" DSP="-1" FF="-1" LUT="-1" fileDirectory="Z:\EECE4632\project\aes_hw_impl\aes_hw_impl_hls"&gt;&lt;\/item&gt;
<item  id="106" filename="../aes_key_expand.cpp" linenumber="68" name="i_1" contextFuncName="keyExpand" moduleName="keyExpand" rtlName="i_1_fu_670_p2" latency="0" BRAM="-1" DSP="-1" FF="0" LUT="15" fileDirectory="Z:\EECE4632\project\aes_hw_impl\aes_hw_impl_hls"&gt;&lt;\/item&gt;
<item  id="112" filename="../aes_key_expand.cpp" linenumber="79" name="icmp_ln79" contextFuncName="keyExpand" moduleName="keyExpand" rtlName="icmp_ln79_fu_676_p2" latency="0" BRAM="-1" DSP="-1" FF="0" LUT="11" fileDirectory="Z:\EECE4632\project\aes_hw_impl\aes_hw_impl_hls"&gt;&lt;\/item&gt;
<item  id="114" filename="../aes_key_expand.cpp" linenumber="79" name="i" contextFuncName="keyExpand" moduleName="keyExpand" rtlName="i_fu_682_p2" latency="0" BRAM="-1" DSP="-1" FF="0" LUT="15" fileDirectory="Z:\EECE4632\project\aes_hw_impl\aes_hw_impl_hls"&gt;&lt;\/item&gt;
<item  id="117" filename="../aes_key_expand.cpp" linenumber="80" name="zext_ln80" contextFuncName="keyExpand" moduleName="keyExpand" rtlName="zext_ln80_fu_688_p1" latency="0" BRAM="-1" DSP="-1" FF="-1" LUT="-1" fileDirectory="Z:\EECE4632\project\aes_hw_impl\aes_hw_impl_hls"&gt;&lt;\/item&gt;
<item  id="120" filename="../aes_key_expand.cpp" linenumber="80" name="shl_ln" contextFuncName="keyExpand" moduleName="keyExpand" rtlName="shl_ln_fu_693_p3" latency="0" BRAM="-1" DSP="-1" FF="-1" LUT="-1" fileDirectory="Z:\EECE4632\project\aes_hw_impl\aes_hw_impl_hls"&gt;&lt;\/item&gt;
<item  id="121" filename="../aes_key_expand.cpp" linenumber="80" name="zext_ln80_1" contextFuncName="keyExpand" moduleName="keyExpand" rtlName="zext_ln80_1_fu_701_p1" latency="0" BRAM="-1" DSP="-1" FF="-1" LUT="-1" fileDirectory="Z:\EECE4632\project\aes_hw_impl\aes_hw_impl_hls"&gt;&lt;\/item&gt;
<item  id="123" filename="../aes_key_expand.cpp" linenumber="80" name="or_ln80" contextFuncName="keyExpand" moduleName="keyExpand" rtlName="or_ln80_fu_706_p2" latency="0" BRAM="-1" DSP="-1" FF="0" LUT="8" fileDirectory="Z:\EECE4632\project\aes_hw_impl\aes_hw_impl_hls"&gt;&lt;\/item&gt;
<item  id="124" filename="../aes_key_expand.cpp" linenumber="80" name="zext_ln80_2" contextFuncName="keyExpand" moduleName="keyExpand" rtlName="zext_ln80_2_fu_712_p1" latency="0" BRAM="-1" DSP="-1" FF="-1" LUT="-1" fileDirectory="Z:\EECE4632\project\aes_hw_impl\aes_hw_impl_hls"&gt;&lt;\/item&gt;
<item  id="126" filename="../aes_key_expand.cpp" linenumber="80" name="or_ln80_1" contextFuncName="keyExpand" moduleName="keyExpand" rtlName="or_ln80_1_fu_721_p2" latency="0" BRAM="-1" DSP="-1" FF="0" LUT="8" fileDirectory="Z:\EECE4632\project\aes_hw_impl\aes_hw_impl_hls"&gt;&lt;\/item&gt;
<item  id="127" filename="../aes_key_expand.cpp" linenumber="80" name="zext_ln80_3" contextFuncName="keyExpand" moduleName="keyExpand" rtlName="zext_ln80_3_fu_726_p1" latency="0" BRAM="-1" DSP="-1" FF="-1" LUT="-1" fileDirectory="Z:\EECE4632\project\aes_hw_impl\aes_hw_impl_hls"&gt;&lt;\/item&gt;
<item  id="129" filename="../aes_key_expand.cpp" linenumber="80" name="or_ln80_2" contextFuncName="keyExpand" moduleName="keyExpand" rtlName="or_ln80_2_fu_731_p2" latency="0" BRAM="-1" DSP="-1" FF="0" LUT="8" fileDirectory="Z:\EECE4632\project\aes_hw_impl\aes_hw_impl_hls"&gt;&lt;\/item&gt;
<item  id="130" filename="../aes_key_expand.cpp" linenumber="80" name="zext_ln80_4" contextFuncName="keyExpand" moduleName="keyExpand" rtlName="zext_ln80_4_fu_736_p1" latency="0" BRAM="-1" DSP="-1" FF="-1" LUT="-1" fileDirectory="Z:\EECE4632\project\aes_hw_impl\aes_hw_impl_hls"&gt;&lt;\/item&gt;
<item  id="132" filename="../aes_key_expand.cpp" linenumber="16" name="a_write_assign" contextFuncName="deconWord" moduleName="keyExpand" rtlName="keys_d0" latency="0" BRAM="-1" DSP="-1" FF="-1" LUT="-1" fileDirectory="Z:\EECE4632\project\aes_hw_impl\aes_hw_impl_hls"&gt;&lt;\/item&gt;
<item  id="133" filename="../aes_key_expand.cpp" linenumber="17" name="b_write_assign" contextFuncName="deconWord" moduleName="keyExpand" rtlName="keys_d1" latency="0" BRAM="-1" DSP="-1" FF="-1" LUT="-1" fileDirectory="Z:\EECE4632\project\aes_hw_impl\aes_hw_impl_hls"&gt;&lt;\/item&gt;
<item  id="134" filename="../aes_key_expand.cpp" linenumber="18" name="c_write_assign" contextFuncName="deconWord" moduleName="keyExpand" rtlName="grp_fu_476_p4" latency="0" BRAM="-1" DSP="-1" FF="-1" LUT="-1" fileDirectory="Z:\EECE4632\project\aes_hw_impl\aes_hw_impl_hls"&gt;&lt;\/item&gt;
<item  id="135" filename="../aes_key_expand.cpp" linenumber="19" name="trunc_ln19" contextFuncName="deconWord" moduleName="keyExpand" rtlName="trunc_ln19_fu_717_p1" latency="0" BRAM="-1" DSP="-1" FF="-1" LUT="-1" fileDirectory="Z:\EECE4632\project\aes_hw_impl\aes_hw_impl_hls"&gt;&lt;\/item&gt;
&lt;\/annotationInfo&gt;
<annotationInfo>
<item  id="5" filename="../addRoundKey.cpp" linenumber="11" name="trunc_ln11" contextFuncName="addRoundKey" moduleName="addRoundKey" rtlName="trunc_ln11_fu_63_p1" latency="0" BRAM="-1" DSP="-1" FF="-1" LUT="-1" fileDirectory="Z:\EECE4632\project\aes_hw_impl\aes_hw_impl_hls"&gt;&lt;\/item&gt;
<item  id="9" filename="../addRoundKey.cpp" linenumber="10" name="icmp_ln10" contextFuncName="addRoundKey" moduleName="addRoundKey" rtlName="icmp_ln10_fu_67_p2" latency="0" BRAM="-1" DSP="-1" FF="0" LUT="11" fileDirectory="Z:\EECE4632\project\aes_hw_impl\aes_hw_impl_hls"&gt;&lt;\/item&gt;
<item  id="11" filename="../addRoundKey.cpp" linenumber="10" name="i" contextFuncName="addRoundKey" moduleName="addRoundKey" rtlName="i_fu_73_p2" latency="0" BRAM="-1" DSP="-1" FF="0" LUT="15" fileDirectory="Z:\EECE4632\project\aes_hw_impl\aes_hw_impl_hls"&gt;&lt;\/item&gt;
<item  id="14" filename="../addRoundKey.cpp" linenumber="11" name="zext_ln11" contextFuncName="addRoundKey" moduleName="addRoundKey" rtlName="zext_ln11_fu_79_p1" latency="0" BRAM="-1" DSP="-1" FF="-1" LUT="-1" fileDirectory="Z:\EECE4632\project\aes_hw_impl\aes_hw_impl_hls"&gt;&lt;\/item&gt;
<item  id="15" filename="../addRoundKey.cpp" linenumber="11" name="zext_ln11_1" contextFuncName="addRoundKey" moduleName="addRoundKey" rtlName="zext_ln11_1_fu_84_p1" latency="0" BRAM="-1" DSP="-1" FF="-1" LUT="-1" fileDirectory="Z:\EECE4632\project\aes_hw_impl\aes_hw_impl_hls"&gt;&lt;\/item&gt;
<item  id="18" filename="../addRoundKey.cpp" linenumber="11" name="add_ln11" contextFuncName="addRoundKey" moduleName="addRoundKey" rtlName="add_ln11_fu_88_p2" latency="0" BRAM="-1" DSP="-1" FF="0" LUT="15" fileDirectory="Z:\EECE4632\project\aes_hw_impl\aes_hw_impl_hls"&gt;&lt;\/item&gt;
<item  id="19" filename="../addRoundKey.cpp" linenumber="11" name="zext_ln11_2" contextFuncName="addRoundKey" moduleName="addRoundKey" rtlName="zext_ln11_2_fu_93_p1" latency="0" BRAM="-1" DSP="-1" FF="-1" LUT="-1" fileDirectory="Z:\EECE4632\project\aes_hw_impl\aes_hw_impl_hls"&gt;&lt;\/item&gt;
<item  id="22" filename="../addRoundKey.cpp" linenumber="11" name="xor_ln11" contextFuncName="addRoundKey" moduleName="addRoundKey" rtlName="state_d0" latency="0" BRAM="-1" DSP="-1" FF="0" LUT="8" fileDirectory="Z:\EECE4632\project\aes_hw_impl\aes_hw_impl_hls"&gt;&lt;\/item&gt;
&lt;\/annotationInfo&gt;
<annotationInfo>
<item  id="17" filename="../mixcolumn.cpp" linenumber="135" name="icmp_ln135" contextFuncName="mixColViaLUT" moduleName="mixColViaLUT" rtlName="icmp_ln135_fu_220_p2" latency="0" BRAM="-1" DSP="-1" FF="0" LUT="9" fileDirectory="Z:\EECE4632\project\aes_hw_impl\aes_hw_impl_hls"&gt;&lt;\/item&gt;
<item  id="19" filename="../mixcolumn.cpp" linenumber="135" name="i" contextFuncName="mixColViaLUT" moduleName="mixColViaLUT" rtlName="i_fu_226_p2" latency="0" BRAM="-1" DSP="-1" FF="0" LUT="12" fileDirectory="Z:\EECE4632\project\aes_hw_impl\aes_hw_impl_hls"&gt;&lt;\/item&gt;
<item  id="22" filename="../mixcolumn.cpp" linenumber="136" name="zext_ln136" contextFuncName="mixColViaLUT" moduleName="mixColViaLUT" rtlName="zext_ln136_fu_232_p1" latency="0" BRAM="-1" DSP="-1" FF="-1" LUT="-1" fileDirectory="Z:\EECE4632\project\aes_hw_impl\aes_hw_impl_hls"&gt;&lt;\/item&gt;
<item  id="23" filename="../mixcolumn.cpp" linenumber="136" name="add_ln136" contextFuncName="mixColViaLUT" moduleName="mixColViaLUT" rtlName="add_ln136_fu_236_p2" latency="0" BRAM="-1" DSP="-1" FF="0" LUT="15" fileDirectory="Z:\EECE4632\project\aes_hw_impl\aes_hw_impl_hls"&gt;&lt;\/item&gt;
<item  id="24" filename="../mixcolumn.cpp" linenumber="136" name="zext_ln136_1" contextFuncName="mixColViaLUT" moduleName="mixColViaLUT" rtlName="zext_ln136_1_fu_241_p1" latency="0" BRAM="-1" DSP="-1" FF="-1" LUT="-1" fileDirectory="Z:\EECE4632\project\aes_hw_impl\aes_hw_impl_hls"&gt;&lt;\/item&gt;
<item  id="27" filename="../mixcolumn.cpp" linenumber="136" name="trunc_ln136" contextFuncName="mixColViaLUT" moduleName="mixColViaLUT" rtlName="trunc_ln136_fu_246_p1" latency="0" BRAM="-1" DSP="-1" FF="-1" LUT="-1" fileDirectory="Z:\EECE4632\project\aes_hw_impl\aes_hw_impl_hls"&gt;&lt;\/item&gt;
<item  id="48" filename="../mixcolumn.cpp" linenumber="138" name="zext_ln138" contextFuncName="mixColViaLUT" moduleName="mixColViaLUT" rtlName="zext_ln138_fu_262_p1" latency="0" BRAM="-1" DSP="-1" FF="-1" LUT="-1" fileDirectory="Z:\EECE4632\project\aes_hw_impl\aes_hw_impl_hls"&gt;&lt;\/item&gt;
<item  id="51" filename="../mixcolumn.cpp" linenumber="138" name="zext_ln138_1" contextFuncName="mixColViaLUT" moduleName="mixColViaLUT" rtlName="zext_ln138_1_fu_268_p1" latency="0" BRAM="-1" DSP="-1" FF="-1" LUT="-1" fileDirectory="Z:\EECE4632\project\aes_hw_impl\aes_hw_impl_hls"&gt;&lt;\/item&gt;
<item  id="54" filename="../mixcolumn.cpp" linenumber="138" name="xor_ln138" contextFuncName="mixColViaLUT" moduleName="mixColViaLUT" rtlName="xor_ln138_fu_306_p2" latency="0" BRAM="-1" DSP="-1" FF="0" LUT="8" fileDirectory="Z:\EECE4632\project\aes_hw_impl\aes_hw_impl_hls"&gt;&lt;\/item&gt;
<item  id="55" filename="../mixcolumn.cpp" linenumber="138" name="xor_ln138_1" contextFuncName="mixColViaLUT" moduleName="mixColViaLUT" rtlName="xor_ln138_1_fu_312_p2" latency="0" BRAM="-1" DSP="-1" FF="0" LUT="8" fileDirectory="Z:\EECE4632\project\aes_hw_impl\aes_hw_impl_hls"&gt;&lt;\/item&gt;
<item  id="56" filename="../mixcolumn.cpp" linenumber="138" name="xor_ln138_2" contextFuncName="mixColViaLUT" moduleName="mixColViaLUT" rtlName="xor_ln138_2_fu_316_p2" latency="0" BRAM="-1" DSP="-1" FF="0" LUT="8" fileDirectory="Z:\EECE4632\project\aes_hw_impl\aes_hw_impl_hls"&gt;&lt;\/item&gt;
<item  id="60" filename="../mixcolumn.cpp" linenumber="139" name="zext_ln139" contextFuncName="mixColViaLUT" moduleName="mixColViaLUT" rtlName="zext_ln139_fu_274_p1" latency="0" BRAM="-1" DSP="-1" FF="-1" LUT="-1" fileDirectory="Z:\EECE4632\project\aes_hw_impl\aes_hw_impl_hls"&gt;&lt;\/item&gt;
<item  id="63" filename="../mixcolumn.cpp" linenumber="139" name="xor_ln139" contextFuncName="mixColViaLUT" moduleName="mixColViaLUT" rtlName="xor_ln139_fu_323_p2" latency="0" BRAM="-1" DSP="-1" FF="0" LUT="8" fileDirectory="Z:\EECE4632\project\aes_hw_impl\aes_hw_impl_hls"&gt;&lt;\/item&gt;
<item  id="64" filename="../mixcolumn.cpp" linenumber="139" name="xor_ln139_1" contextFuncName="mixColViaLUT" moduleName="mixColViaLUT" rtlName="xor_ln139_1_fu_329_p2" latency="0" BRAM="-1" DSP="-1" FF="0" LUT="8" fileDirectory="Z:\EECE4632\project\aes_hw_impl\aes_hw_impl_hls"&gt;&lt;\/item&gt;
<item  id="65" filename="../mixcolumn.cpp" linenumber="139" name="xor_ln139_2" contextFuncName="mixColViaLUT" moduleName="mixColViaLUT" rtlName="xor_ln139_2_fu_333_p2" latency="0" BRAM="-1" DSP="-1" FF="0" LUT="8" fileDirectory="Z:\EECE4632\project\aes_hw_impl\aes_hw_impl_hls"&gt;&lt;\/item&gt;
<item  id="66" filename="../mixcolumn.cpp" linenumber="139" name="add_ln139" contextFuncName="mixColViaLUT" moduleName="mixColViaLUT" rtlName="add_ln139_fu_340_p2" latency="0" BRAM="-1" DSP="-1" FF="0" LUT="15" fileDirectory="Z:\EECE4632\project\aes_hw_impl\aes_hw_impl_hls"&gt;&lt;\/item&gt;
<item  id="67" filename="../mixcolumn.cpp" linenumber="139" name="zext_ln139_1" contextFuncName="mixColViaLUT" moduleName="mixColViaLUT" rtlName="zext_ln139_1_fu_345_p1" latency="0" BRAM="-1" DSP="-1" FF="-1" LUT="-1" fileDirectory="Z:\EECE4632\project\aes_hw_impl\aes_hw_impl_hls"&gt;&lt;\/item&gt;
<item  id="72" filename="../mixcolumn.cpp" linenumber="140" name="zext_ln140" contextFuncName="mixColViaLUT" moduleName="mixColViaLUT" rtlName="zext_ln140_fu_280_p1" latency="0" BRAM="-1" DSP="-1" FF="-1" LUT="-1" fileDirectory="Z:\EECE4632\project\aes_hw_impl\aes_hw_impl_hls"&gt;&lt;\/item&gt;
<item  id="75" filename="../mixcolumn.cpp" linenumber="140" name="xor_ln140" contextFuncName="mixColViaLUT" moduleName="mixColViaLUT" rtlName="xor_ln140_fu_350_p2" latency="0" BRAM="-1" DSP="-1" FF="0" LUT="8" fileDirectory="Z:\EECE4632\project\aes_hw_impl\aes_hw_impl_hls"&gt;&lt;\/item&gt;
<item  id="76" filename="../mixcolumn.cpp" linenumber="140" name="xor_ln140_1" contextFuncName="mixColViaLUT" moduleName="mixColViaLUT" rtlName="xor_ln140_1_fu_356_p2" latency="0" BRAM="-1" DSP="-1" FF="0" LUT="8" fileDirectory="Z:\EECE4632\project\aes_hw_impl\aes_hw_impl_hls"&gt;&lt;\/item&gt;
<item  id="77" filename="../mixcolumn.cpp" linenumber="140" name="xor_ln140_2" contextFuncName="mixColViaLUT" moduleName="mixColViaLUT" rtlName="xor_ln140_2_fu_360_p2" latency="0" BRAM="-1" DSP="-1" FF="0" LUT="8" fileDirectory="Z:\EECE4632\project\aes_hw_impl\aes_hw_impl_hls"&gt;&lt;\/item&gt;
<item  id="78" filename="../mixcolumn.cpp" linenumber="140" name="add_ln140" contextFuncName="mixColViaLUT" moduleName="mixColViaLUT" rtlName="add_ln140_fu_382_p2" latency="0" BRAM="-1" DSP="-1" FF="0" LUT="15" fileDirectory="Z:\EECE4632\project\aes_hw_impl\aes_hw_impl_hls"&gt;&lt;\/item&gt;
<item  id="79" filename="../mixcolumn.cpp" linenumber="140" name="zext_ln140_1" contextFuncName="mixColViaLUT" moduleName="mixColViaLUT" rtlName="zext_ln140_1_fu_387_p1" latency="0" BRAM="-1" DSP="-1" FF="-1" LUT="-1" fileDirectory="Z:\EECE4632\project\aes_hw_impl\aes_hw_impl_hls"&gt;&lt;\/item&gt;
<item  id="86" filename="../mixcolumn.cpp" linenumber="141" name="xor_ln141" contextFuncName="mixColViaLUT" moduleName="mixColViaLUT" rtlName="xor_ln141_fu_366_p2" latency="0" BRAM="-1" DSP="-1" FF="0" LUT="8" fileDirectory="Z:\EECE4632\project\aes_hw_impl\aes_hw_impl_hls"&gt;&lt;\/item&gt;
<item  id="87" filename="../mixcolumn.cpp" linenumber="141" name="xor_ln141_1" contextFuncName="mixColViaLUT" moduleName="mixColViaLUT" rtlName="xor_ln141_1_fu_372_p2" latency="0" BRAM="-1" DSP="-1" FF="0" LUT="8" fileDirectory="Z:\EECE4632\project\aes_hw_impl\aes_hw_impl_hls"&gt;&lt;\/item&gt;
<item  id="88" filename="../mixcolumn.cpp" linenumber="141" name="xor_ln141_2" contextFuncName="mixColViaLUT" moduleName="mixColViaLUT" rtlName="xor_ln141_2_fu_376_p2" latency="0" BRAM="-1" DSP="-1" FF="0" LUT="8" fileDirectory="Z:\EECE4632\project\aes_hw_impl\aes_hw_impl_hls"&gt;&lt;\/item&gt;
<item  id="89" filename="../mixcolumn.cpp" linenumber="141" name="add_ln141" contextFuncName="mixColViaLUT" moduleName="mixColViaLUT" rtlName="add_ln141_fu_392_p2" latency="0" BRAM="-1" DSP="-1" FF="0" LUT="15" fileDirectory="Z:\EECE4632\project\aes_hw_impl\aes_hw_impl_hls"&gt;&lt;\/item&gt;
<item  id="90" filename="../mixcolumn.cpp" linenumber="141" name="zext_ln141" contextFuncName="mixColViaLUT" moduleName="mixColViaLUT" rtlName="zext_ln141_fu_397_p1" latency="0" BRAM="-1" DSP="-1" FF="-1" LUT="-1" fileDirectory="Z:\EECE4632\project\aes_hw_impl\aes_hw_impl_hls"&gt;&lt;\/item&gt;
&lt;\/annotationInfo&gt;
<annotationInfo>
<item  id="12" filename="../aes_main.cpp" linenumber="19" name="iencrypted" contextFuncName="aes_encrypt" moduleName="aes_encrypt" rtlName="iencrypted_U" latency="0" BRAM="-1" DSP="-1" FF="-1" LUT="-1" fileDirectory="Z:\EECE4632\project\aes_hw_impl\aes_hw_impl_hls"&gt;&lt;\/item&gt;
<item  id="13" filename="../aes_main.cpp" linenumber="36" name="roundKeys" contextFuncName="aes_encrypt" moduleName="aes_encrypt" rtlName="roundKeys_U" latency="0" BRAM="-1" DSP="-1" FF="-1" LUT="-1" fileDirectory="Z:\EECE4632\project\aes_hw_impl\aes_hw_impl_hls"&gt;&lt;\/item&gt;
<item  id="17" filename="../aes_main.cpp" linenumber="20" name="icmp_ln20" contextFuncName="aes_encrypt" moduleName="aes_encrypt" rtlName="icmp_ln20_fu_413_p2" latency="0" BRAM="-1" DSP="-1" FF="0" LUT="11" fileDirectory="Z:\EECE4632\project\aes_hw_impl\aes_hw_impl_hls"&gt;&lt;\/item&gt;
<item  id="19" filename="../aes_main.cpp" linenumber="20" name="i" contextFuncName="aes_encrypt" moduleName="aes_encrypt" rtlName="i_fu_419_p2" latency="0" BRAM="-1" DSP="-1" FF="0" LUT="15" fileDirectory="Z:\EECE4632\project\aes_hw_impl\aes_hw_impl_hls"&gt;&lt;\/item&gt;
<item  id="22" filename="../aes_main.cpp" linenumber="21" name="zext_ln21" contextFuncName="aes_encrypt" moduleName="aes_encrypt" rtlName="zext_ln21_fu_425_p1" latency="0" BRAM="-1" DSP="-1" FF="-1" LUT="-1" fileDirectory="Z:\EECE4632\project\aes_hw_impl\aes_hw_impl_hls"&gt;&lt;\/item&gt;
<item  id="29" filename="../aes_main.cpp" linenumber="42" name="_ln42" contextFuncName="aes_encrypt" moduleName="aes_encrypt" rtlName="grp_keyExpand_fu_340" latency="1" BRAM="-1" DSP="-1" FF="-1" LUT="-1" fileDirectory="Z:\EECE4632\project\aes_hw_impl\aes_hw_impl_hls"&gt;&lt;\/item&gt;
<item  id="30" filename="../aes_main.cpp" linenumber="45" name="_ln45" contextFuncName="aes_encrypt" moduleName="aes_encrypt" rtlName="grp_addRoundKey_fu_362" latency="1" BRAM="-1" DSP="-1" FF="-1" LUT="-1" fileDirectory="Z:\EECE4632\project\aes_hw_impl\aes_hw_impl_hls"&gt;&lt;\/item&gt;
<item  id="46" filename="../aes_main.cpp" linenumber="48" name="icmp_ln48" contextFuncName="aes_encrypt" moduleName="aes_encrypt" rtlName="icmp_ln48_fu_430_p2" latency="0" BRAM="-1" DSP="-1" FF="0" LUT="9" fileDirectory="Z:\EECE4632\project\aes_hw_impl\aes_hw_impl_hls"&gt;&lt;\/item&gt;
<item  id="48" filename="../aes_main.cpp" linenumber="48" name="i_7" contextFuncName="aes_encrypt" moduleName="aes_encrypt" rtlName="i_7_fu_436_p2" latency="0" BRAM="-1" DSP="-1" FF="0" LUT="13" fileDirectory="Z:\EECE4632\project\aes_hw_impl\aes_hw_impl_hls"&gt;&lt;\/item&gt;
<item  id="54" filename="../sbox.cpp" linenumber="66" name="icmp_ln66_1" contextFuncName="forwardSubst1" moduleName="aes_encrypt" rtlName="icmp_ln66_1_fu_442_p2" latency="0" BRAM="-1" DSP="-1" FF="0" LUT="11" fileDirectory="Z:\EECE4632\project\aes_hw_impl\aes_hw_impl_hls"&gt;&lt;\/item&gt;
<item  id="56" filename="../sbox.cpp" linenumber="66" name="i_5" contextFuncName="forwardSubst1" moduleName="aes_encrypt" rtlName="i_5_fu_448_p2" latency="0" BRAM="-1" DSP="-1" FF="0" LUT="15" fileDirectory="Z:\EECE4632\project\aes_hw_impl\aes_hw_impl_hls"&gt;&lt;\/item&gt;
<item  id="59" filename="../sbox.cpp" linenumber="67" name="zext_ln67_2" contextFuncName="forwardSubst1" moduleName="aes_encrypt" rtlName="zext_ln67_2_fu_454_p1" latency="0" BRAM="-1" DSP="-1" FF="-1" LUT="-1" fileDirectory="Z:\EECE4632\project\aes_hw_impl\aes_hw_impl_hls"&gt;&lt;\/item&gt;
<item  id="62" filename="../sbox.cpp" linenumber="67" name="zext_ln67_3" contextFuncName="forwardSubst1" moduleName="aes_encrypt" rtlName="zext_ln67_3_fu_459_p1" latency="0" BRAM="-1" DSP="-1" FF="-1" LUT="-1" fileDirectory="Z:\EECE4632\project\aes_hw_impl\aes_hw_impl_hls"&gt;&lt;\/item&gt;
<item  id="96" filename="../mixcolumn.cpp" linenumber="161" name="icmp_ln161" contextFuncName="mixColumnsInBlock" moduleName="aes_encrypt" rtlName="icmp_ln161_fu_464_p2" latency="0" BRAM="-1" DSP="-1" FF="0" LUT="9" fileDirectory="Z:\EECE4632\project\aes_hw_impl\aes_hw_impl_hls"&gt;&lt;\/item&gt;
<item  id="98" filename="../mixcolumn.cpp" linenumber="161" name="i_8" contextFuncName="mixColumnsInBlock" moduleName="aes_encrypt" rtlName="i_8_fu_470_p2" latency="0" BRAM="-1" DSP="-1" FF="0" LUT="12" fileDirectory="Z:\EECE4632\project\aes_hw_impl\aes_hw_impl_hls"&gt;&lt;\/item&gt;
<item  id="101" filename="../mixcolumn.cpp" linenumber="162" name="_ln162" contextFuncName="mixColumnsInBlock" moduleName="aes_encrypt" rtlName="grp_mixColViaLUT_fu_351" latency="1" BRAM="-1" DSP="-1" FF="-1" LUT="-1" fileDirectory="Z:\EECE4632\project\aes_hw_impl\aes_hw_impl_hls"&gt;&lt;\/item&gt;
<item  id="102" filename="../mixcolumn.cpp" linenumber="164" name="add_ln164" contextFuncName="mixColumnsInBlock" moduleName="aes_encrypt" rtlName="add_ln164_fu_476_p2" latency="0" BRAM="-1" DSP="-1" FF="0" LUT="15" fileDirectory="Z:\EECE4632\project\aes_hw_impl\aes_hw_impl_hls"&gt;&lt;\/item&gt;
<item  id="105" filename="../aes_main.cpp" linenumber="52" name="shl_ln" contextFuncName="aes_encrypt" moduleName="aes_encrypt" rtlName="shl_ln_fu_482_p3" latency="0" BRAM="-1" DSP="-1" FF="-1" LUT="-1" fileDirectory="Z:\EECE4632\project\aes_hw_impl\aes_hw_impl_hls"&gt;&lt;\/item&gt;
<item  id="106" filename="../aes_main.cpp" linenumber="52" name="add_ln52" contextFuncName="aes_encrypt" moduleName="aes_encrypt" rtlName="add_ln52_fu_490_p2" latency="0" BRAM="-1" DSP="-1" FF="0" LUT="15" fileDirectory="Z:\EECE4632\project\aes_hw_impl\aes_hw_impl_hls"&gt;&lt;\/item&gt;
<item  id="107" filename="../aes_main.cpp" linenumber="52" name="zext_ln52" contextFuncName="aes_encrypt" moduleName="aes_encrypt" rtlName="zext_ln52_fu_496_p1" latency="0" BRAM="-1" DSP="-1" FF="-1" LUT="-1" fileDirectory="Z:\EECE4632\project\aes_hw_impl\aes_hw_impl_hls"&gt;&lt;\/item&gt;
<item  id="108" filename="../aes_main.cpp" linenumber="52" name="_ln52" contextFuncName="aes_encrypt" moduleName="aes_encrypt" rtlName="grp_addRoundKey_fu_362" latency="1" BRAM="-1" DSP="-1" FF="-1" LUT="-1" fileDirectory="Z:\EECE4632\project\aes_hw_impl\aes_hw_impl_hls"&gt;&lt;\/item&gt;
<item  id="114" filename="../sbox.cpp" linenumber="66" name="icmp_ln66" contextFuncName="forwardSubst1" moduleName="aes_encrypt" rtlName="icmp_ln66_fu_501_p2" latency="0" BRAM="-1" DSP="-1" FF="0" LUT="11" fileDirectory="Z:\EECE4632\project\aes_hw_impl\aes_hw_impl_hls"&gt;&lt;\/item&gt;
<item  id="116" filename="../sbox.cpp" linenumber="66" name="i_4" contextFuncName="forwardSubst1" moduleName="aes_encrypt" rtlName="i_4_fu_507_p2" latency="0" BRAM="-1" DSP="-1" FF="0" LUT="15" fileDirectory="Z:\EECE4632\project\aes_hw_impl\aes_hw_impl_hls"&gt;&lt;\/item&gt;
<item  id="119" filename="../sbox.cpp" linenumber="67" name="zext_ln67" contextFuncName="forwardSubst1" moduleName="aes_encrypt" rtlName="zext_ln67_fu_513_p1" latency="0" BRAM="-1" DSP="-1" FF="-1" LUT="-1" fileDirectory="Z:\EECE4632\project\aes_hw_impl\aes_hw_impl_hls"&gt;&lt;\/item&gt;
<item  id="122" filename="../sbox.cpp" linenumber="67" name="zext_ln67_1" contextFuncName="forwardSubst1" moduleName="aes_encrypt" rtlName="zext_ln67_1_fu_518_p1" latency="0" BRAM="-1" DSP="-1" FF="-1" LUT="-1" fileDirectory="Z:\EECE4632\project\aes_hw_impl\aes_hw_impl_hls"&gt;&lt;\/item&gt;
<item  id="152" filename="../aes_main.cpp" linenumber="58" name="_ln58" contextFuncName="aes_encrypt" moduleName="aes_encrypt" rtlName="grp_addRoundKey_fu_362" latency="1" BRAM="-1" DSP="-1" FF="-1" LUT="-1" fileDirectory="Z:\EECE4632\project\aes_hw_impl\aes_hw_impl_hls"&gt;&lt;\/item&gt;
<item  id="156" filename="../aes_main.cpp" linenumber="62" name="icmp_ln62" contextFuncName="aes_encrypt" moduleName="aes_encrypt" rtlName="icmp_ln62_fu_523_p2" latency="0" BRAM="-1" DSP="-1" FF="0" LUT="11" fileDirectory="Z:\EECE4632\project\aes_hw_impl\aes_hw_impl_hls"&gt;&lt;\/item&gt;
<item  id="158" filename="../aes_main.cpp" linenumber="62" name="i_6" contextFuncName="aes_encrypt" moduleName="aes_encrypt" rtlName="i_6_fu_529_p2" latency="0" BRAM="-1" DSP="-1" FF="0" LUT="15" fileDirectory="Z:\EECE4632\project\aes_hw_impl\aes_hw_impl_hls"&gt;&lt;\/item&gt;
<item  id="161" filename="../aes_main.cpp" linenumber="63" name="zext_ln63" contextFuncName="aes_encrypt" moduleName="aes_encrypt" rtlName="zext_ln63_fu_535_p1" latency="0" BRAM="-1" DSP="-1" FF="-1" LUT="-1" fileDirectory="Z:\EECE4632\project\aes_hw_impl\aes_hw_impl_hls"&gt;&lt;\/item&gt;
&lt;\/annotationInfo&gt;
<annotationInfo>
<item  id="41" filename="../aes_main.cpp" linenumber="88" name="keyarr" contextFuncName="aes_encrypt_impl" moduleName="aes_encrypt_impl" rtlName="keyarr_U" latency="0" BRAM="-1" DSP="-1" FF="-1" LUT="-1" fileDirectory="Z:\EECE4632\project\aes_hw_impl\aes_hw_impl_hls"><\/item>
<item  id="42" filename="../aes_main.cpp" linenumber="89" name="blockarr" contextFuncName="aes_encrypt_impl" moduleName="aes_encrypt_impl" rtlName="blockarr_U" latency="0" BRAM="-1" DSP="-1" FF="-1" LUT="-1" fileDirectory="Z:\EECE4632\project\aes_hw_impl\aes_hw_impl_hls"><\/item>
<item  id="59" filename="../aes_main.cpp" linenumber="69" name="icmp_ln69" contextFuncName="bigIntToArr" moduleName="aes_encrypt_impl" rtlName="icmp_ln69_fu_279_p2" latency="0" BRAM="-1" DSP="-1" FF="0" LUT="11" fileDirectory="Z:\EECE4632\project\aes_hw_impl\aes_hw_impl_hls"><\/item>
<item  id="61" filename="../aes_main.cpp" linenumber="69" name="i" contextFuncName="bigIntToArr" moduleName="aes_encrypt_impl" rtlName="i_fu_285_p2" latency="0" BRAM="-1" DSP="-1" FF="0" LUT="15" fileDirectory="Z:\EECE4632\project\aes_hw_impl\aes_hw_impl_hls"><\/item>
<item  id="64" filename="../aes_main.cpp" linenumber="70" name="trunc_ln70" contextFuncName="bigIntToArr" moduleName="aes_encrypt_impl" rtlName="trunc_ln70_fu_291_p1" latency="0" BRAM="-1" DSP="-1" FF="-1" LUT="-1" fileDirectory="Z:\EECE4632\project\aes_hw_impl\aes_hw_impl_hls"><\/item>
<item  id="65" filename="../aes_main.cpp" linenumber="70" name="op2_assign" contextFuncName="bigIntToArr" moduleName="aes_encrypt_impl" rtlName="op2_assign_fu_295_p3" latency="0" BRAM="-1" DSP="-1" FF="-1" LUT="-1" fileDirectory="Z:\EECE4632\project\aes_hw_impl\aes_hw_impl_hls"><\/item>
<item  id="66" filename="../aes_main.cpp" linenumber="70" name="zext_ln1503" contextFuncName="bigIntToArr" moduleName="aes_encrypt_impl" rtlName="zext_ln1503_fu_303_p1" latency="0" BRAM="-1" DSP="-1" FF="-1" LUT="-1" fileDirectory="Z:\EECE4632\project\aes_hw_impl\aes_hw_impl_hls"><\/item>
<item  id="67" filename="../aes_main.cpp" linenumber="70" name="lshr_ln1503" contextFuncName="bigIntToArr" moduleName="aes_encrypt_impl" rtlName="lshr_ln1503_fu_307_p2" latency="0" BRAM="-1" DSP="-1" FF="0" LUT="423" fileDirectory="Z:\EECE4632\project\aes_hw_impl\aes_hw_impl_hls"><\/item>
<item  id="68" filename="../aes_main.cpp" linenumber="70" name="trunc_ln1503" contextFuncName="bigIntToArr" moduleName="aes_encrypt_impl" rtlName="blockarr_d0" latency="0" BRAM="-1" DSP="-1" FF="-1" LUT="-1" fileDirectory="Z:\EECE4632\project\aes_hw_impl\aes_hw_impl_hls"><\/item>
<item  id="69" filename="../aes_main.cpp" linenumber="70" name="sub_ln70" contextFuncName="bigIntToArr" moduleName="aes_encrypt_impl" rtlName="sub_ln70_fu_317_p2" latency="0" BRAM="-1" DSP="-1" FF="0" LUT="15" fileDirectory="Z:\EECE4632\project\aes_hw_impl\aes_hw_impl_hls"><\/item>
<item  id="70" filename="../aes_main.cpp" linenumber="70" name="zext_ln70" contextFuncName="bigIntToArr" moduleName="aes_encrypt_impl" rtlName="zext_ln70_fu_323_p1" latency="0" BRAM="-1" DSP="-1" FF="-1" LUT="-1" fileDirectory="Z:\EECE4632\project\aes_hw_impl\aes_hw_impl_hls"><\/item>
<item  id="78" filename="../aes_main.cpp" linenumber="69" name="icmp_ln69_1" contextFuncName="bigIntToArr" moduleName="aes_encrypt_impl" rtlName="icmp_ln69_1_fu_328_p2" latency="0" BRAM="-1" DSP="-1" FF="0" LUT="11" fileDirectory="Z:\EECE4632\project\aes_hw_impl\aes_hw_impl_hls"><\/item>
<item  id="80" filename="../aes_main.cpp" linenumber="69" name="i_2" contextFuncName="bigIntToArr" moduleName="aes_encrypt_impl" rtlName="i_2_fu_334_p2" latency="0" BRAM="-1" DSP="-1" FF="0" LUT="15" fileDirectory="Z:\EECE4632\project\aes_hw_impl\aes_hw_impl_hls"><\/item>
<item  id="83" filename="../aes_main.cpp" linenumber="70" name="trunc_ln70_1" contextFuncName="bigIntToArr" moduleName="aes_encrypt_impl" rtlName="trunc_ln70_1_fu_340_p1" latency="0" BRAM="-1" DSP="-1" FF="-1" LUT="-1" fileDirectory="Z:\EECE4632\project\aes_hw_impl\aes_hw_impl_hls"><\/item>
<item  id="84" filename="../aes_main.cpp" linenumber="70" name="op2_assign_1" contextFuncName="bigIntToArr" moduleName="aes_encrypt_impl" rtlName="op2_assign_1_fu_344_p3" latency="0" BRAM="-1" DSP="-1" FF="-1" LUT="-1" fileDirectory="Z:\EECE4632\project\aes_hw_impl\aes_hw_impl_hls"><\/item>
<item  id="85" filename="../aes_main.cpp" linenumber="70" name="zext_ln1503_1" contextFuncName="bigIntToArr" moduleName="aes_encrypt_impl" rtlName="zext_ln1503_1_fu_352_p1" latency="0" BRAM="-1" DSP="-1" FF="-1" LUT="-1" fileDirectory="Z:\EECE4632\project\aes_hw_impl\aes_hw_impl_hls"><\/item>
<item  id="86" filename="../aes_main.cpp" linenumber="70" name="lshr_ln1503_1" contextFuncName="bigIntToArr" moduleName="aes_encrypt_impl" rtlName="lshr_ln1503_1_fu_356_p2" latency="0" BRAM="-1" DSP="-1" FF="0" LUT="423" fileDirectory="Z:\EECE4632\project\aes_hw_impl\aes_hw_impl_hls"><\/item>
<item  id="87" filename="../aes_main.cpp" linenumber="70" name="trunc_ln1503_1" contextFuncName="bigIntToArr" moduleName="aes_encrypt_impl" rtlName="keyarr_d0" latency="0" BRAM="-1" DSP="-1" FF="-1" LUT="-1" fileDirectory="Z:\EECE4632\project\aes_hw_impl\aes_hw_impl_hls"><\/item>
<item  id="88" filename="../aes_main.cpp" linenumber="70" name="sub_ln70_1" contextFuncName="bigIntToArr" moduleName="aes_encrypt_impl" rtlName="sub_ln70_1_fu_366_p2" latency="0" BRAM="-1" DSP="-1" FF="0" LUT="15" fileDirectory="Z:\EECE4632\project\aes_hw_impl\aes_hw_impl_hls"><\/item>
<item  id="89" filename="../aes_main.cpp" linenumber="70" name="zext_ln70_4" contextFuncName="bigIntToArr" moduleName="aes_encrypt_impl" rtlName="zext_ln70_4_fu_372_p1" latency="0" BRAM="-1" DSP="-1" FF="-1" LUT="-1" fileDirectory="Z:\EECE4632\project\aes_hw_impl\aes_hw_impl_hls"><\/item>
<item  id="94" filename="../aes_main.cpp" linenumber="94" name="_ln94" contextFuncName="aes_encrypt_impl" moduleName="aes_encrypt_impl" rtlName="grp_aes_encrypt_fu_236" latency="1" BRAM="-1" DSP="-1" FF="-1" LUT="-1" fileDirectory="Z:\EECE4632\project\aes_hw_impl\aes_hw_impl_hls"><\/item>
<item  id="99" filename="../aes_main.cpp" linenumber="76" name="icmp_ln76" contextFuncName="arrToBigInt" moduleName="aes_encrypt_impl" rtlName="icmp_ln76_fu_377_p2" latency="0" BRAM="-1" DSP="-1" FF="0" LUT="11" fileDirectory="Z:\EECE4632\project\aes_hw_impl\aes_hw_impl_hls"><\/item>
<item  id="101" filename="../aes_main.cpp" linenumber="76" name="i_3" contextFuncName="arrToBigInt" moduleName="aes_encrypt_impl" rtlName="i_3_fu_383_p2" latency="0" BRAM="-1" DSP="-1" FF="0" LUT="15" fileDirectory="Z:\EECE4632\project\aes_hw_impl\aes_hw_impl_hls"><\/item>
<item  id="104" filename="../aes_main.cpp" linenumber="77" name="zext_ln77" contextFuncName="arrToBigInt" moduleName="aes_encrypt_impl" rtlName="zext_ln77_fu_389_p1" latency="0" BRAM="-1" DSP="-1" FF="-1" LUT="-1" fileDirectory="Z:\EECE4632\project\aes_hw_impl\aes_hw_impl_hls"><\/item>
<item  id="107" filename="../aes_main.cpp" linenumber="77" name="zext_ln298" contextFuncName="arrToBigInt" moduleName="aes_encrypt_impl" rtlName="zext_ln298_fu_398_p1" latency="0" BRAM="-1" DSP="-1" FF="-1" LUT="-1" fileDirectory="Z:\EECE4632\project\aes_hw_impl\aes_hw_impl_hls"><\/item>
<item  id="108" filename="../aes_main.cpp" linenumber="77" name="trunc_ln77" contextFuncName="arrToBigInt" moduleName="aes_encrypt_impl" rtlName="trunc_ln77_fu_394_p1" latency="0" BRAM="-1" DSP="-1" FF="-1" LUT="-1" fileDirectory="Z:\EECE4632\project\aes_hw_impl\aes_hw_impl_hls"><\/item>
<item  id="109" filename="../aes_main.cpp" linenumber="77" name="shl_ln" contextFuncName="arrToBigInt" moduleName="aes_encrypt_impl" rtlName="shl_ln_fu_402_p3" latency="0" BRAM="-1" DSP="-1" FF="-1" LUT="-1" fileDirectory="Z:\EECE4632\project\aes_hw_impl\aes_hw_impl_hls"><\/item>
<item  id="110" filename="../aes_main.cpp" linenumber="77" name="sub_ln77" contextFuncName="arrToBigInt" moduleName="aes_encrypt_impl" rtlName="sub_ln77_fu_409_p2" latency="0" BRAM="-1" DSP="-1" FF="0" LUT="15" fileDirectory="Z:\EECE4632\project\aes_hw_impl\aes_hw_impl_hls"><\/item>
<item  id="111" filename="../aes_main.cpp" linenumber="77" name="zext_ln1503_2" contextFuncName="arrToBigInt" moduleName="aes_encrypt_impl" rtlName="zext_ln1503_2_fu_415_p1" latency="0" BRAM="-1" DSP="-1" FF="-1" LUT="-1" fileDirectory="Z:\EECE4632\project\aes_hw_impl\aes_hw_impl_hls"><\/item>
<item  id="112" filename="../aes_main.cpp" linenumber="77" name="r_V" contextFuncName="arrToBigInt" moduleName="aes_encrypt_impl" rtlName="r_V_fu_419_p2" latency="0" BRAM="-1" DSP="-1" FF="0" LUT="423" fileDirectory="Z:\EECE4632\project\aes_hw_impl\aes_hw_impl_hls"><\/item>
<item  id="113" filename="../aes_main.cpp" linenumber="77" name="ans_V" contextFuncName="arrToBigInt" moduleName="aes_encrypt_impl" rtlName="ans_V_fu_425_p2" latency="0" BRAM="-1" DSP="-1" FF="0" LUT="128" fileDirectory="Z:\EECE4632\project\aes_hw_impl\aes_hw_impl_hls"><\/item>
<\/annotationInfo>
</annotationInfo>
