<profile>

<section name = "Vivado HLS Report for 'aes_encrypt'" level="0">
<item name = "Date">Sat Apr  2 16:29:00 2022
</item>
<item name = "Version">2020.1 (Build 2897737 on Wed May 27 20:21:37 MDT 2020)</item>
<item name = "Project">aes_hw_impl_hls</item>
<item name = "Solution">solution2</item>
<item name = "Product family">zynq</item>
<item name = "Target device">xc7z020-clg400-1</item>
</section>

<section name = "Performance Estimates" level="0">
<item name = "Timing">
<section name = "" level="1">
<item name = "Summary"><table name="" hasTotal="0">
<keys size="4">Clock, Target, Estimated, Uncertainty</keys>
<column name="ap_clk">10.00 ns, 7.501 ns, 1.25 ns</column>
</table>
</item>
</section>
</item>
<item name = "Latency">
<section name = "" level="1">
<item name = "Summary"><table name="" hasTotal="0">
<keys size="8">, min, max, min, max, min, max, Type</keys>
<column name="">1785, 1785, 17.850 us, 17.850 us, 1785, 1785, none</column>
</table>
</item>
<item name = "Detail">
<section name = "" level="1">
<item name = "Instance"><table name="" hasTotal="0">
<keys size="9">Instance, Module, min, max, min, max, min, max, Type</keys>
<column name="grp_keyExpand_fu_340">keyExpand, 265, 265, 2.650 us, 2.650 us, 265, 265, none</column>
<column name="grp_mixColViaLUT_fu_351">mixColViaLUT, 11, 11, 0.110 us, 0.110 us, 11, 11, none</column>
<column name="grp_addRoundKey_fu_362">addRoundKey, 33, 33, 0.330 us, 0.330 us, 33, 33, none</column>
</table>
</item>
<item name = "Loop"><table name="" hasTotal="0">
<keys size="8">Loop Name, min, max, Latency, achieved, target, Count, Pipelined</keys>
<column name="- Loop 1">32, 32, 2, -, -, 16, no</column>
<column name="- Loop 2">1323, 1323, 147, -, -, 9, no</column>
<column name=" + Loop 2.1">48, 48, 3, -, -, 16, no</column>
<column name=" + Loop 2.2">52, 52, 13, -, -, 4, no</column>
<column name="- Loop 3">48, 48, 3, -, -, 16, no</column>
<column name="- Loop 4">32, 32, 2, -, -, 16, no</column>
</table>
</item>
</section>
</item>
</section>
</item>
</section>

<section name = "Utilization Estimates" level="0">
<item name = "Summary"><table name="" hasTotal="1">
<keys size="6">Name, BRAM_18K, DSP48E, FF, LUT, URAM</keys>
<column name="DSP">-, -, -, -, -</column>
<column name="Expression">-, -, 0, 177, -</column>
<column name="FIFO">-, -, -, -, -</column>
<column name="Instance">8, -, 226, 940, 0</column>
<column name="Memory">4, -, 0, 0, 0</column>
<column name="Multiplexer">-, -, -, 648, -</column>
<column name="Register">-, -, 193, -, -</column>
<specialColumn name="Available">280, 220, 106400, 53200, 0</specialColumn>
<specialColumn name="Utilization (%)">4, 0, ~0, 3, 0</specialColumn>
</table>
</item>
<item name = "Detail">
<section name = "" level="1">
<item name = "Instance"><table name="" hasTotal="1">
<keys size="7">Instance, Module, BRAM_18K, DSP48E, FF, LUT, URAM</keys>
<column name="grp_addRoundKey_fu_362">addRoundKey, 0, 0, 25, 94, 0</column>
<column name="grp_keyExpand_fu_340">keyExpand, 4, 0, 136, 561, 0</column>
<column name="grp_mixColViaLUT_fu_351">mixColViaLUT, 4, 0, 65, 285, 0</column>
</table>
</item>
<item name = "DSP48E"><table name="" hasTotal="0">
<keys size="3">Instance, Module, Expression</keys>
</table>
</item>
<item name = "Memory"><table name="" hasTotal="1">
<keys size="10">Memory, Module, BRAM_18K, FF, LUT, URAM, Words, Bits, Banks, W*Bits*Banks</keys>
<column name="iencrypted_U">aes_encrypt_iencrcud, 1, 0, 0, 0, 16, 8, 1, 128</column>
<column name="roundKeys_U">aes_encrypt_rounddEe, 1, 0, 0, 0, 176, 8, 1, 1408</column>
<column name="sbox_U">keyExpand_sbox, 2, 0, 0, 0, 256, 8, 1, 2048</column>
</table>
</item>
<item name = "FIFO"><table name="" hasTotal="1">
<keys size="8">Name, BRAM_18K, FF, LUT, URAM, Depth, Bits, Size:D*B</keys>
</table>
</item>
<item name = "Expression"><table name="" hasTotal="1">
<keys size="7">Variable Name, Operation, DSP48E, FF, LUT, Bitwidth P0, Bitwidth P1</keys>
<column name="add_ln164_fu_476_p2">+, 0, 0, 15, 5, 3</column>
<column name="add_ln52_fu_490_p2">+, 0, 0, 15, 8, 5</column>
<column name="i_4_fu_507_p2">+, 0, 0, 15, 5, 1</column>
<column name="i_5_fu_448_p2">+, 0, 0, 15, 5, 1</column>
<column name="i_6_fu_529_p2">+, 0, 0, 15, 5, 1</column>
<column name="i_7_fu_436_p2">+, 0, 0, 13, 4, 1</column>
<column name="i_8_fu_470_p2">+, 0, 0, 12, 3, 1</column>
<column name="i_fu_419_p2">+, 0, 0, 15, 5, 1</column>
<column name="icmp_ln161_fu_464_p2">icmp, 0, 0, 9, 3, 4</column>
<column name="icmp_ln20_fu_413_p2">icmp, 0, 0, 11, 5, 6</column>
<column name="icmp_ln48_fu_430_p2">icmp, 0, 0, 9, 4, 4</column>
<column name="icmp_ln62_fu_523_p2">icmp, 0, 0, 11, 5, 6</column>
<column name="icmp_ln66_1_fu_442_p2">icmp, 0, 0, 11, 5, 6</column>
<column name="icmp_ln66_fu_501_p2">icmp, 0, 0, 11, 5, 6</column>
</table>
</item>
<item name = "Multiplexer"><table name="" hasTotal="1">
<keys size="5">Name, LUT, Input Size, Bits, Total Bits</keys>
<column name="ap_NS_fsm">181, 41, 1, 41</column>
<column name="grp_addRoundKey_fu_362_roundKey_offset">21, 4, 10, 40</column>
<column name="i1_0_reg_272">9, 2, 4, 8</column>
<column name="i2_0_reg_329">9, 2, 5, 10</column>
<column name="i_0_i6_reg_307">9, 2, 3, 6</column>
<column name="i_0_i8_reg_318">9, 2, 5, 10</column>
<column name="i_0_i_reg_284">9, 2, 5, 10</column>
<column name="i_0_reg_261">9, 2, 5, 10</column>
<column name="iencrypted_address0">65, 16, 4, 64</column>
<column name="iencrypted_address1">65, 16, 4, 64</column>
<column name="iencrypted_ce0">21, 4, 1, 4</column>
<column name="iencrypted_ce1">15, 3, 1, 3</column>
<column name="iencrypted_d0">47, 10, 8, 80</column>
<column name="iencrypted_d1">38, 7, 8, 56</column>
<column name="iencrypted_we0">21, 4, 1, 4</column>
<column name="iencrypted_we1">15, 3, 1, 3</column>
<column name="ptr_0_rec_i_reg_295">9, 2, 5, 10</column>
<column name="reg_371">9, 2, 8, 16</column>
<column name="reg_377">9, 2, 8, 16</column>
<column name="roundKeys_address0">15, 3, 8, 24</column>
<column name="roundKeys_ce0">15, 3, 1, 3</column>
<column name="roundKeys_ce1">9, 2, 1, 2</column>
<column name="roundKeys_we0">9, 2, 1, 2</column>
<column name="roundKeys_we1">9, 2, 1, 2</column>
<column name="sbox_address0">21, 4, 8, 32</column>
</table>
</item>
<item name = "Register"><table name="" hasTotal="1">
<keys size="5">Name, FF, LUT, Bits, Const Bits</keys>
<column name="add_ln164_reg_662">5, 0, 5, 0</column>
<column name="ap_CS_fsm">40, 0, 40, 0</column>
<column name="grp_addRoundKey_fu_362_ap_start_reg">1, 0, 1, 0</column>
<column name="grp_keyExpand_fu_340_ap_start_reg">1, 0, 1, 0</column>
<column name="grp_mixColViaLUT_fu_351_ap_start_reg">1, 0, 1, 0</column>
<column name="i1_0_reg_272">4, 0, 4, 0</column>
<column name="i2_0_reg_329">5, 0, 5, 0</column>
<column name="i_0_i6_reg_307">3, 0, 3, 0</column>
<column name="i_0_i8_reg_318">5, 0, 5, 0</column>
<column name="i_0_i_reg_284">5, 0, 5, 0</column>
<column name="i_0_reg_261">5, 0, 5, 0</column>
<column name="i_4_reg_675">5, 0, 5, 0</column>
<column name="i_5_reg_638">5, 0, 5, 0</column>
<column name="i_6_reg_693">5, 0, 5, 0</column>
<column name="i_7_reg_630">4, 0, 4, 0</column>
<column name="i_8_reg_657">3, 0, 3, 0</column>
<column name="i_reg_543">5, 0, 5, 0</column>
<column name="iencrypted_addr_13_reg_680">4, 0, 4, 0</column>
<column name="ptr_0_rec_i_reg_295">5, 0, 5, 0</column>
<column name="ptr_addr_reg_643">4, 0, 4, 0</column>
<column name="reg_371">8, 0, 8, 0</column>
<column name="reg_377">8, 0, 8, 0</column>
<column name="reg_383">8, 0, 8, 0</column>
<column name="reg_388">8, 0, 8, 0</column>
<column name="reg_393">8, 0, 8, 0</column>
<column name="reg_398">8, 0, 8, 0</column>
<column name="reg_403">8, 0, 8, 0</column>
<column name="reg_408">8, 0, 8, 0</column>
<column name="zext_ln21_reg_548">5, 0, 64, 59</column>
<column name="zext_ln52_reg_667">4, 0, 10, 6</column>
<column name="zext_ln63_reg_698">5, 0, 64, 59</column>
</table>
</item>
</section>
</item>
</section>

<section name = "Interface" level="0">
<item name = "Summary"><table name="" hasTotal="0">
<keys size="6">RTL Ports, Dir, Bits, Protocol, Source Object, C Type</keys>
<column name="ap_clk">in, 1, ap_ctrl_hs, aes_encrypt, return value</column>
<column name="ap_rst">in, 1, ap_ctrl_hs, aes_encrypt, return value</column>
<column name="ap_start">in, 1, ap_ctrl_hs, aes_encrypt, return value</column>
<column name="ap_done">out, 1, ap_ctrl_hs, aes_encrypt, return value</column>
<column name="ap_idle">out, 1, ap_ctrl_hs, aes_encrypt, return value</column>
<column name="ap_ready">out, 1, ap_ctrl_hs, aes_encrypt, return value</column>
<column name="block_r_address0">out, 4, ap_memory, block_r, array</column>
<column name="block_r_ce0">out, 1, ap_memory, block_r, array</column>
<column name="block_r_q0">in, 8, ap_memory, block_r, array</column>
<column name="key_address0">out, 4, ap_memory, key, array</column>
<column name="key_ce0">out, 1, ap_memory, key, array</column>
<column name="key_q0">in, 8, ap_memory, key, array</column>
<column name="key_address1">out, 4, ap_memory, key, array</column>
<column name="key_ce1">out, 1, ap_memory, key, array</column>
<column name="key_q1">in, 8, ap_memory, key, array</column>
<column name="encrypted_address0">out, 4, ap_memory, encrypted, array</column>
<column name="encrypted_ce0">out, 1, ap_memory, encrypted, array</column>
<column name="encrypted_we0">out, 1, ap_memory, encrypted, array</column>
<column name="encrypted_d0">out, 8, ap_memory, encrypted, array</column>
</table>
</item>
</section>
</profile>
