<stg><name>keyExpand</name>


<trans_list>

<trans id="167" from="1" to="2">
<condition id="-1">
<or_exp><and_exp></and_exp></or_exp>
</condition>
</trans>

<trans id="168" from="2" to="3">
<condition id="-1">
<or_exp><and_exp></and_exp></or_exp>
</condition>
</trans>

<trans id="169" from="3" to="4">
<condition id="-1">
<or_exp><and_exp></and_exp></or_exp>
</condition>
</trans>

<trans id="170" from="4" to="5">
<condition id="-1">
<or_exp><and_exp></and_exp></or_exp>
</condition>
</trans>

<trans id="171" from="5" to="6">
<condition id="-1">
<or_exp><and_exp></and_exp></or_exp>
</condition>
</trans>

<trans id="172" from="6" to="7">
<condition id="-1">
<or_exp><and_exp></and_exp></or_exp>
</condition>
</trans>

<trans id="173" from="7" to="8">
<condition id="-1">
<or_exp><and_exp></and_exp></or_exp>
</condition>
</trans>

<trans id="174" from="8" to="9">
<condition id="-1">
<or_exp><and_exp></and_exp></or_exp>
</condition>
</trans>

<trans id="175" from="9" to="10">
<condition id="-1">
<or_exp><and_exp></and_exp></or_exp>
</condition>
</trans>

<trans id="176" from="10" to="11">
<condition id="-1">
<or_exp><and_exp><literal name="icmp_ln68" val="0"/>
</and_exp></or_exp>
</condition>
</trans>

<trans id="182" from="10" to="13">
<condition id="-1">
<or_exp><and_exp><literal name="icmp_ln68" val="1"/>
</and_exp></or_exp>
</condition>
</trans>

<trans id="178" from="11" to="12">
<condition id="-1">
<or_exp><and_exp></and_exp></or_exp>
</condition>
</trans>

<trans id="181" from="12" to="10">
<condition id="-1">
<or_exp><and_exp></and_exp></or_exp>
</condition>
</trans>

<trans id="183" from="13" to="14">
<condition id="-1">
<or_exp><and_exp><literal name="icmp_ln79" val="0"/>
</and_exp></or_exp>
</condition>
</trans>

<trans id="185" from="14" to="15">
<condition id="-1">
<or_exp><and_exp></and_exp></or_exp>
</condition>
</trans>

<trans id="186" from="15" to="13">
<condition id="-1">
<or_exp><and_exp></and_exp></or_exp>
</condition>
</trans>
</trans_list>



<state_list>

<state id="1" st_id="1">

<operation id="16" st_id="1" stage="1" lat="1">
<core>RAM</core>
<MemPortIdVec></MemPortIdVec>
<condition id="-1">
<or_exp><and_exp></and_exp></or_exp>
</condition>

<Node id="8" bw="32" op_0_bw="64">
<![CDATA[
:1  %k = alloca [44 x i32], align 16

]]></Node>
<StgValue><ssdm name="k"/><MemPortTyVec>2 2 </MemPortTyVec>
</StgValue>
</operation>

<operation id="17" st_id="1" stage="1" lat="1">
<core>NULL</core>
<MemPortIdVec></MemPortIdVec>
<condition id="-1">
<or_exp><and_exp></and_exp></or_exp>
</condition>

<Node id="9" bw="4" op_0_bw="8" op_1_bw="64" op_2_bw="64">
<![CDATA[
:2  %key_addr_1 = getelementptr [16 x i8]* %key, i64 0, i64 12

]]></Node>
<StgValue><ssdm name="key_addr_1"/></StgValue>
</operation>

<operation id="18" st_id="1" stage="2" lat="2">
<core>RAM</core>
<MemPortIdVec>0 </MemPortIdVec>
<condition id="-1">
<or_exp><and_exp></and_exp></or_exp>
</condition>

<Node id="10" bw="8" op_0_bw="4">
<![CDATA[
:3  %key_load = load i8* %key_addr_1, align 1

]]></Node>
<StgValue><ssdm name="key_load"/></StgValue>
</operation>

<operation id="19" st_id="1" stage="1" lat="1">
<core>NULL</core>
<MemPortIdVec></MemPortIdVec>
<condition id="-1">
<or_exp><and_exp></and_exp></or_exp>
</condition>

<Node id="11" bw="4" op_0_bw="8" op_1_bw="64" op_2_bw="64">
<![CDATA[
:4  %key_addr_2 = getelementptr [16 x i8]* %key, i64 0, i64 13

]]></Node>
<StgValue><ssdm name="key_addr_2"/></StgValue>
</operation>

<operation id="20" st_id="1" stage="2" lat="2">
<core>RAM</core>
<MemPortIdVec>1 </MemPortIdVec>
<condition id="-1">
<or_exp><and_exp></and_exp></or_exp>
</condition>

<Node id="12" bw="8" op_0_bw="4">
<![CDATA[
:5  %key_load_1 = load i8* %key_addr_2, align 1

]]></Node>
<StgValue><ssdm name="key_load_1"/></StgValue>
</operation>
</state>

<state id="2" st_id="2">

<operation id="21" st_id="2" stage="1" lat="2">
<core>RAM</core>
<MemPortIdVec>0 </MemPortIdVec>
<condition id="-1">
<or_exp><and_exp></and_exp></or_exp>
</condition>

<Node id="10" bw="8" op_0_bw="4">
<![CDATA[
:3  %key_load = load i8* %key_addr_1, align 1

]]></Node>
<StgValue><ssdm name="key_load"/></StgValue>
</operation>

<operation id="22" st_id="2" stage="1" lat="2">
<core>RAM</core>
<MemPortIdVec>1 </MemPortIdVec>
<condition id="-1">
<or_exp><and_exp></and_exp></or_exp>
</condition>

<Node id="12" bw="8" op_0_bw="4">
<![CDATA[
:5  %key_load_1 = load i8* %key_addr_2, align 1

]]></Node>
<StgValue><ssdm name="key_load_1"/></StgValue>
</operation>

<operation id="23" st_id="2" stage="1" lat="1">
<core>NULL</core>
<MemPortIdVec></MemPortIdVec>
<condition id="-1">
<or_exp><and_exp></and_exp></or_exp>
</condition>

<Node id="13" bw="4" op_0_bw="8" op_1_bw="64" op_2_bw="64">
<![CDATA[
:6  %key_addr_3 = getelementptr [16 x i8]* %key, i64 0, i64 14

]]></Node>
<StgValue><ssdm name="key_addr_3"/></StgValue>
</operation>

<operation id="24" st_id="2" stage="2" lat="2">
<core>RAM</core>
<MemPortIdVec>0 </MemPortIdVec>
<condition id="-1">
<or_exp><and_exp></and_exp></or_exp>
</condition>

<Node id="14" bw="8" op_0_bw="4">
<![CDATA[
:7  %key_load_2 = load i8* %key_addr_3, align 1

]]></Node>
<StgValue><ssdm name="key_load_2"/></StgValue>
</operation>

<operation id="25" st_id="2" stage="1" lat="1">
<core>NULL</core>
<MemPortIdVec></MemPortIdVec>
<condition id="-1">
<or_exp><and_exp></and_exp></or_exp>
</condition>

<Node id="15" bw="4" op_0_bw="8" op_1_bw="64" op_2_bw="64">
<![CDATA[
:8  %key_addr_4 = getelementptr [16 x i8]* %key, i64 0, i64 15

]]></Node>
<StgValue><ssdm name="key_addr_4"/></StgValue>
</operation>

<operation id="26" st_id="2" stage="2" lat="2">
<core>RAM</core>
<MemPortIdVec>1 </MemPortIdVec>
<condition id="-1">
<or_exp><and_exp></and_exp></or_exp>
</condition>

<Node id="16" bw="8" op_0_bw="4">
<![CDATA[
:9  %key_load_3 = load i8* %key_addr_4, align 1

]]></Node>
<StgValue><ssdm name="key_load_3"/></StgValue>
</operation>
</state>

<state id="3" st_id="3">

<operation id="27" st_id="3" stage="1" lat="2">
<core>RAM</core>
<MemPortIdVec>0 </MemPortIdVec>
<condition id="-1">
<or_exp><and_exp></and_exp></or_exp>
</condition>

<Node id="14" bw="8" op_0_bw="4">
<![CDATA[
:7  %key_load_2 = load i8* %key_addr_3, align 1

]]></Node>
<StgValue><ssdm name="key_load_2"/></StgValue>
</operation>

<operation id="28" st_id="3" stage="1" lat="2">
<core>RAM</core>
<MemPortIdVec>1 </MemPortIdVec>
<condition id="-1">
<or_exp><and_exp></and_exp></or_exp>
</condition>

<Node id="16" bw="8" op_0_bw="4">
<![CDATA[
:9  %key_load_3 = load i8* %key_addr_4, align 1

]]></Node>
<StgValue><ssdm name="key_load_3"/></StgValue>
</operation>

<operation id="29" st_id="3" stage="1" lat="1">
<core>NULL</core>
<MemPortIdVec></MemPortIdVec>
<condition id="-1">
<or_exp><and_exp></and_exp></or_exp>
</condition>

<Node id="17" bw="32" op_0_bw="32" op_1_bw="8" op_2_bw="8" op_3_bw="8" op_4_bw="8">
<![CDATA[
:10  %or_ln63_2 = call i32 @_ssdm_op_BitConcatenate.i32.i8.i8.i8.i8(i8 %key_load, i8 %key_load_1, i8 %key_load_2, i8 %key_load_3)

]]></Node>
<StgValue><ssdm name="or_ln63_2"/></StgValue>
</operation>

<operation id="30" st_id="3" stage="1" lat="1">
<core>NULL</core>
<MemPortIdVec></MemPortIdVec>
<condition id="-1">
<or_exp><and_exp></and_exp></or_exp>
</condition>

<Node id="18" bw="6" op_0_bw="32" op_1_bw="64" op_2_bw="64">
<![CDATA[
:11  %k_addr = getelementptr inbounds [44 x i32]* %k, i64 0, i64 3

]]></Node>
<StgValue><ssdm name="k_addr"/></StgValue>
</operation>

<operation id="31" st_id="3" stage="1" lat="1">
<core>RAM</core>
<MemPortIdVec>0 </MemPortIdVec>
<condition id="-1">
<or_exp><and_exp></and_exp></or_exp>
</condition>

<Node id="19" bw="0" op_0_bw="32" op_1_bw="6">
<![CDATA[
:12  store i32 %or_ln63_2, i32* %k_addr, align 4

]]></Node>
<StgValue><ssdm name="store_ln63"/></StgValue>
</operation>

<operation id="32" st_id="3" stage="1" lat="1">
<core>NULL</core>
<MemPortIdVec></MemPortIdVec>
<condition id="-1">
<or_exp><and_exp></and_exp></or_exp>
</condition>

<Node id="20" bw="4" op_0_bw="8" op_1_bw="64" op_2_bw="64">
<![CDATA[
:13  %key_addr_5 = getelementptr [16 x i8]* %key, i64 0, i64 8

]]></Node>
<StgValue><ssdm name="key_addr_5"/></StgValue>
</operation>

<operation id="33" st_id="3" stage="2" lat="2">
<core>RAM</core>
<MemPortIdVec>0 </MemPortIdVec>
<condition id="-1">
<or_exp><and_exp></and_exp></or_exp>
</condition>

<Node id="21" bw="8" op_0_bw="4">
<![CDATA[
:14  %key_load_4 = load i8* %key_addr_5, align 1

]]></Node>
<StgValue><ssdm name="key_load_4"/></StgValue>
</operation>

<operation id="34" st_id="3" stage="1" lat="1">
<core>NULL</core>
<MemPortIdVec></MemPortIdVec>
<condition id="-1">
<or_exp><and_exp></and_exp></or_exp>
</condition>

<Node id="22" bw="4" op_0_bw="8" op_1_bw="64" op_2_bw="64">
<![CDATA[
:15  %key_addr_6 = getelementptr [16 x i8]* %key, i64 0, i64 9

]]></Node>
<StgValue><ssdm name="key_addr_6"/></StgValue>
</operation>

<operation id="35" st_id="3" stage="2" lat="2">
<core>RAM</core>
<MemPortIdVec>1 </MemPortIdVec>
<condition id="-1">
<or_exp><and_exp></and_exp></or_exp>
</condition>

<Node id="23" bw="8" op_0_bw="4">
<![CDATA[
:16  %key_load_5 = load i8* %key_addr_6, align 1

]]></Node>
<StgValue><ssdm name="key_load_5"/></StgValue>
</operation>
</state>

<state id="4" st_id="4">

<operation id="36" st_id="4" stage="1" lat="2">
<core>RAM</core>
<MemPortIdVec>0 </MemPortIdVec>
<condition id="-1">
<or_exp><and_exp></and_exp></or_exp>
</condition>

<Node id="21" bw="8" op_0_bw="4">
<![CDATA[
:14  %key_load_4 = load i8* %key_addr_5, align 1

]]></Node>
<StgValue><ssdm name="key_load_4"/></StgValue>
</operation>

<operation id="37" st_id="4" stage="1" lat="2">
<core>RAM</core>
<MemPortIdVec>1 </MemPortIdVec>
<condition id="-1">
<or_exp><and_exp></and_exp></or_exp>
</condition>

<Node id="23" bw="8" op_0_bw="4">
<![CDATA[
:16  %key_load_5 = load i8* %key_addr_6, align 1

]]></Node>
<StgValue><ssdm name="key_load_5"/></StgValue>
</operation>

<operation id="38" st_id="4" stage="1" lat="1">
<core>NULL</core>
<MemPortIdVec></MemPortIdVec>
<condition id="-1">
<or_exp><and_exp></and_exp></or_exp>
</condition>

<Node id="24" bw="4" op_0_bw="8" op_1_bw="64" op_2_bw="64">
<![CDATA[
:17  %key_addr_7 = getelementptr [16 x i8]* %key, i64 0, i64 10

]]></Node>
<StgValue><ssdm name="key_addr_7"/></StgValue>
</operation>

<operation id="39" st_id="4" stage="2" lat="2">
<core>RAM</core>
<MemPortIdVec>0 </MemPortIdVec>
<condition id="-1">
<or_exp><and_exp></and_exp></or_exp>
</condition>

<Node id="25" bw="8" op_0_bw="4">
<![CDATA[
:18  %key_load_6 = load i8* %key_addr_7, align 1

]]></Node>
<StgValue><ssdm name="key_load_6"/></StgValue>
</operation>

<operation id="40" st_id="4" stage="1" lat="1">
<core>NULL</core>
<MemPortIdVec></MemPortIdVec>
<condition id="-1">
<or_exp><and_exp></and_exp></or_exp>
</condition>

<Node id="26" bw="4" op_0_bw="8" op_1_bw="64" op_2_bw="64">
<![CDATA[
:19  %key_addr_8 = getelementptr [16 x i8]* %key, i64 0, i64 11

]]></Node>
<StgValue><ssdm name="key_addr_8"/></StgValue>
</operation>

<operation id="41" st_id="4" stage="2" lat="2">
<core>RAM</core>
<MemPortIdVec>1 </MemPortIdVec>
<condition id="-1">
<or_exp><and_exp></and_exp></or_exp>
</condition>

<Node id="27" bw="8" op_0_bw="4">
<![CDATA[
:20  %key_load_7 = load i8* %key_addr_8, align 1

]]></Node>
<StgValue><ssdm name="key_load_7"/></StgValue>
</operation>
</state>

<state id="5" st_id="5">

<operation id="42" st_id="5" stage="1" lat="2">
<core>RAM</core>
<MemPortIdVec>0 </MemPortIdVec>
<condition id="-1">
<or_exp><and_exp></and_exp></or_exp>
</condition>

<Node id="25" bw="8" op_0_bw="4">
<![CDATA[
:18  %key_load_6 = load i8* %key_addr_7, align 1

]]></Node>
<StgValue><ssdm name="key_load_6"/></StgValue>
</operation>

<operation id="43" st_id="5" stage="1" lat="2">
<core>RAM</core>
<MemPortIdVec>1 </MemPortIdVec>
<condition id="-1">
<or_exp><and_exp></and_exp></or_exp>
</condition>

<Node id="27" bw="8" op_0_bw="4">
<![CDATA[
:20  %key_load_7 = load i8* %key_addr_8, align 1

]]></Node>
<StgValue><ssdm name="key_load_7"/></StgValue>
</operation>

<operation id="44" st_id="5" stage="1" lat="1">
<core>NULL</core>
<MemPortIdVec></MemPortIdVec>
<condition id="-1">
<or_exp><and_exp></and_exp></or_exp>
</condition>

<Node id="28" bw="32" op_0_bw="32" op_1_bw="8" op_2_bw="8" op_3_bw="8" op_4_bw="8">
<![CDATA[
:21  %or_ln64_2 = call i32 @_ssdm_op_BitConcatenate.i32.i8.i8.i8.i8(i8 %key_load_4, i8 %key_load_5, i8 %key_load_6, i8 %key_load_7)

]]></Node>
<StgValue><ssdm name="or_ln64_2"/></StgValue>
</operation>

<operation id="45" st_id="5" stage="1" lat="1">
<core>NULL</core>
<MemPortIdVec></MemPortIdVec>
<condition id="-1">
<or_exp><and_exp></and_exp></or_exp>
</condition>

<Node id="29" bw="6" op_0_bw="32" op_1_bw="64" op_2_bw="64">
<![CDATA[
:22  %k_addr_1 = getelementptr inbounds [44 x i32]* %k, i64 0, i64 2

]]></Node>
<StgValue><ssdm name="k_addr_1"/></StgValue>
</operation>

<operation id="46" st_id="5" stage="1" lat="1">
<core>RAM</core>
<MemPortIdVec>0 </MemPortIdVec>
<condition id="-1">
<or_exp><and_exp></and_exp></or_exp>
</condition>

<Node id="30" bw="0" op_0_bw="32" op_1_bw="6">
<![CDATA[
:23  store i32 %or_ln64_2, i32* %k_addr_1, align 8

]]></Node>
<StgValue><ssdm name="store_ln64"/></StgValue>
</operation>

<operation id="47" st_id="5" stage="1" lat="1">
<core>NULL</core>
<MemPortIdVec></MemPortIdVec>
<condition id="-1">
<or_exp><and_exp></and_exp></or_exp>
</condition>

<Node id="31" bw="4" op_0_bw="8" op_1_bw="64" op_2_bw="64">
<![CDATA[
:24  %key_addr_9 = getelementptr [16 x i8]* %key, i64 0, i64 4

]]></Node>
<StgValue><ssdm name="key_addr_9"/></StgValue>
</operation>

<operation id="48" st_id="5" stage="2" lat="2">
<core>RAM</core>
<MemPortIdVec>0 </MemPortIdVec>
<condition id="-1">
<or_exp><and_exp></and_exp></or_exp>
</condition>

<Node id="32" bw="8" op_0_bw="4">
<![CDATA[
:25  %key_load_8 = load i8* %key_addr_9, align 1

]]></Node>
<StgValue><ssdm name="key_load_8"/></StgValue>
</operation>

<operation id="49" st_id="5" stage="1" lat="1">
<core>NULL</core>
<MemPortIdVec></MemPortIdVec>
<condition id="-1">
<or_exp><and_exp></and_exp></or_exp>
</condition>

<Node id="33" bw="4" op_0_bw="8" op_1_bw="64" op_2_bw="64">
<![CDATA[
:26  %key_addr_10 = getelementptr [16 x i8]* %key, i64 0, i64 5

]]></Node>
<StgValue><ssdm name="key_addr_10"/></StgValue>
</operation>

<operation id="50" st_id="5" stage="2" lat="2">
<core>RAM</core>
<MemPortIdVec>1 </MemPortIdVec>
<condition id="-1">
<or_exp><and_exp></and_exp></or_exp>
</condition>

<Node id="34" bw="8" op_0_bw="4">
<![CDATA[
:27  %key_load_9 = load i8* %key_addr_10, align 1

]]></Node>
<StgValue><ssdm name="key_load_9"/></StgValue>
</operation>
</state>

<state id="6" st_id="6">

<operation id="51" st_id="6" stage="1" lat="2">
<core>RAM</core>
<MemPortIdVec>0 </MemPortIdVec>
<condition id="-1">
<or_exp><and_exp></and_exp></or_exp>
</condition>

<Node id="32" bw="8" op_0_bw="4">
<![CDATA[
:25  %key_load_8 = load i8* %key_addr_9, align 1

]]></Node>
<StgValue><ssdm name="key_load_8"/></StgValue>
</operation>

<operation id="52" st_id="6" stage="1" lat="2">
<core>RAM</core>
<MemPortIdVec>1 </MemPortIdVec>
<condition id="-1">
<or_exp><and_exp></and_exp></or_exp>
</condition>

<Node id="34" bw="8" op_0_bw="4">
<![CDATA[
:27  %key_load_9 = load i8* %key_addr_10, align 1

]]></Node>
<StgValue><ssdm name="key_load_9"/></StgValue>
</operation>

<operation id="53" st_id="6" stage="1" lat="1">
<core>NULL</core>
<MemPortIdVec></MemPortIdVec>
<condition id="-1">
<or_exp><and_exp></and_exp></or_exp>
</condition>

<Node id="35" bw="4" op_0_bw="8" op_1_bw="64" op_2_bw="64">
<![CDATA[
:28  %key_addr_11 = getelementptr [16 x i8]* %key, i64 0, i64 6

]]></Node>
<StgValue><ssdm name="key_addr_11"/></StgValue>
</operation>

<operation id="54" st_id="6" stage="2" lat="2">
<core>RAM</core>
<MemPortIdVec>0 </MemPortIdVec>
<condition id="-1">
<or_exp><and_exp></and_exp></or_exp>
</condition>

<Node id="36" bw="8" op_0_bw="4">
<![CDATA[
:29  %key_load_10 = load i8* %key_addr_11, align 1

]]></Node>
<StgValue><ssdm name="key_load_10"/></StgValue>
</operation>

<operation id="55" st_id="6" stage="1" lat="1">
<core>NULL</core>
<MemPortIdVec></MemPortIdVec>
<condition id="-1">
<or_exp><and_exp></and_exp></or_exp>
</condition>

<Node id="37" bw="4" op_0_bw="8" op_1_bw="64" op_2_bw="64">
<![CDATA[
:30  %key_addr_12 = getelementptr [16 x i8]* %key, i64 0, i64 7

]]></Node>
<StgValue><ssdm name="key_addr_12"/></StgValue>
</operation>

<operation id="56" st_id="6" stage="2" lat="2">
<core>RAM</core>
<MemPortIdVec>1 </MemPortIdVec>
<condition id="-1">
<or_exp><and_exp></and_exp></or_exp>
</condition>

<Node id="38" bw="8" op_0_bw="4">
<![CDATA[
:31  %key_load_11 = load i8* %key_addr_12, align 1

]]></Node>
<StgValue><ssdm name="key_load_11"/></StgValue>
</operation>
</state>

<state id="7" st_id="7">

<operation id="57" st_id="7" stage="1" lat="1">
<core>NULL</core>
<MemPortIdVec></MemPortIdVec>
<condition id="-1">
<or_exp><and_exp></and_exp></or_exp>
</condition>

<Node id="7" bw="4" op_0_bw="8" op_1_bw="64" op_2_bw="64">
<![CDATA[
:0  %key_addr = getelementptr [16 x i8]* %key, i64 0, i64 0

]]></Node>
<StgValue><ssdm name="key_addr"/></StgValue>
</operation>

<operation id="58" st_id="7" stage="1" lat="2">
<core>RAM</core>
<MemPortIdVec>0 </MemPortIdVec>
<condition id="-1">
<or_exp><and_exp></and_exp></or_exp>
</condition>

<Node id="36" bw="8" op_0_bw="4">
<![CDATA[
:29  %key_load_10 = load i8* %key_addr_11, align 1

]]></Node>
<StgValue><ssdm name="key_load_10"/></StgValue>
</operation>

<operation id="59" st_id="7" stage="1" lat="2">
<core>RAM</core>
<MemPortIdVec>1 </MemPortIdVec>
<condition id="-1">
<or_exp><and_exp></and_exp></or_exp>
</condition>

<Node id="38" bw="8" op_0_bw="4">
<![CDATA[
:31  %key_load_11 = load i8* %key_addr_12, align 1

]]></Node>
<StgValue><ssdm name="key_load_11"/></StgValue>
</operation>

<operation id="60" st_id="7" stage="1" lat="1">
<core>NULL</core>
<MemPortIdVec></MemPortIdVec>
<condition id="-1">
<or_exp><and_exp></and_exp></or_exp>
</condition>

<Node id="39" bw="32" op_0_bw="32" op_1_bw="8" op_2_bw="8" op_3_bw="8" op_4_bw="8">
<![CDATA[
:32  %or_ln65_2 = call i32 @_ssdm_op_BitConcatenate.i32.i8.i8.i8.i8(i8 %key_load_8, i8 %key_load_9, i8 %key_load_10, i8 %key_load_11)

]]></Node>
<StgValue><ssdm name="or_ln65_2"/></StgValue>
</operation>

<operation id="61" st_id="7" stage="1" lat="1">
<core>NULL</core>
<MemPortIdVec></MemPortIdVec>
<condition id="-1">
<or_exp><and_exp></and_exp></or_exp>
</condition>

<Node id="40" bw="6" op_0_bw="32" op_1_bw="64" op_2_bw="64">
<![CDATA[
:33  %k_addr_2 = getelementptr inbounds [44 x i32]* %k, i64 0, i64 1

]]></Node>
<StgValue><ssdm name="k_addr_2"/></StgValue>
</operation>

<operation id="62" st_id="7" stage="1" lat="1">
<core>RAM</core>
<MemPortIdVec>0 </MemPortIdVec>
<condition id="-1">
<or_exp><and_exp></and_exp></or_exp>
</condition>

<Node id="41" bw="0" op_0_bw="32" op_1_bw="6">
<![CDATA[
:34  store i32 %or_ln65_2, i32* %k_addr_2, align 4

]]></Node>
<StgValue><ssdm name="store_ln65"/></StgValue>
</operation>

<operation id="63" st_id="7" stage="2" lat="2">
<core>RAM</core>
<MemPortIdVec>0 </MemPortIdVec>
<condition id="-1">
<or_exp><and_exp></and_exp></or_exp>
</condition>

<Node id="42" bw="8" op_0_bw="4">
<![CDATA[
:35  %key_load_12 = load i8* %key_addr, align 1

]]></Node>
<StgValue><ssdm name="key_load_12"/></StgValue>
</operation>

<operation id="64" st_id="7" stage="1" lat="1">
<core>NULL</core>
<MemPortIdVec></MemPortIdVec>
<condition id="-1">
<or_exp><and_exp></and_exp></or_exp>
</condition>

<Node id="43" bw="4" op_0_bw="8" op_1_bw="64" op_2_bw="64">
<![CDATA[
:36  %key_addr_13 = getelementptr [16 x i8]* %key, i64 0, i64 1

]]></Node>
<StgValue><ssdm name="key_addr_13"/></StgValue>
</operation>

<operation id="65" st_id="7" stage="2" lat="2">
<core>RAM</core>
<MemPortIdVec>1 </MemPortIdVec>
<condition id="-1">
<or_exp><and_exp></and_exp></or_exp>
</condition>

<Node id="44" bw="8" op_0_bw="4">
<![CDATA[
:37  %key_load_13 = load i8* %key_addr_13, align 1

]]></Node>
<StgValue><ssdm name="key_load_13"/></StgValue>
</operation>
</state>

<state id="8" st_id="8">

<operation id="66" st_id="8" stage="1" lat="2">
<core>RAM</core>
<MemPortIdVec>0 </MemPortIdVec>
<condition id="-1">
<or_exp><and_exp></and_exp></or_exp>
</condition>

<Node id="42" bw="8" op_0_bw="4">
<![CDATA[
:35  %key_load_12 = load i8* %key_addr, align 1

]]></Node>
<StgValue><ssdm name="key_load_12"/></StgValue>
</operation>

<operation id="67" st_id="8" stage="1" lat="2">
<core>RAM</core>
<MemPortIdVec>1 </MemPortIdVec>
<condition id="-1">
<or_exp><and_exp></and_exp></or_exp>
</condition>

<Node id="44" bw="8" op_0_bw="4">
<![CDATA[
:37  %key_load_13 = load i8* %key_addr_13, align 1

]]></Node>
<StgValue><ssdm name="key_load_13"/></StgValue>
</operation>

<operation id="68" st_id="8" stage="1" lat="1">
<core>NULL</core>
<MemPortIdVec></MemPortIdVec>
<condition id="-1">
<or_exp><and_exp></and_exp></or_exp>
</condition>

<Node id="45" bw="4" op_0_bw="8" op_1_bw="64" op_2_bw="64">
<![CDATA[
:38  %key_addr_14 = getelementptr [16 x i8]* %key, i64 0, i64 2

]]></Node>
<StgValue><ssdm name="key_addr_14"/></StgValue>
</operation>

<operation id="69" st_id="8" stage="2" lat="2">
<core>RAM</core>
<MemPortIdVec>0 </MemPortIdVec>
<condition id="-1">
<or_exp><and_exp></and_exp></or_exp>
</condition>

<Node id="46" bw="8" op_0_bw="4">
<![CDATA[
:39  %key_load_14 = load i8* %key_addr_14, align 1

]]></Node>
<StgValue><ssdm name="key_load_14"/></StgValue>
</operation>

<operation id="70" st_id="8" stage="1" lat="1">
<core>NULL</core>
<MemPortIdVec></MemPortIdVec>
<condition id="-1">
<or_exp><and_exp></and_exp></or_exp>
</condition>

<Node id="47" bw="4" op_0_bw="8" op_1_bw="64" op_2_bw="64">
<![CDATA[
:40  %key_addr_15 = getelementptr [16 x i8]* %key, i64 0, i64 3

]]></Node>
<StgValue><ssdm name="key_addr_15"/></StgValue>
</operation>

<operation id="71" st_id="8" stage="2" lat="2">
<core>RAM</core>
<MemPortIdVec>1 </MemPortIdVec>
<condition id="-1">
<or_exp><and_exp></and_exp></or_exp>
</condition>

<Node id="48" bw="8" op_0_bw="4">
<![CDATA[
:41  %key_load_15 = load i8* %key_addr_15, align 1

]]></Node>
<StgValue><ssdm name="key_load_15"/></StgValue>
</operation>
</state>

<state id="9" st_id="9">

<operation id="72" st_id="9" stage="1" lat="2">
<core>RAM</core>
<MemPortIdVec>0 </MemPortIdVec>
<condition id="-1">
<or_exp><and_exp></and_exp></or_exp>
</condition>

<Node id="46" bw="8" op_0_bw="4">
<![CDATA[
:39  %key_load_14 = load i8* %key_addr_14, align 1

]]></Node>
<StgValue><ssdm name="key_load_14"/></StgValue>
</operation>

<operation id="73" st_id="9" stage="1" lat="2">
<core>RAM</core>
<MemPortIdVec>1 </MemPortIdVec>
<condition id="-1">
<or_exp><and_exp></and_exp></or_exp>
</condition>

<Node id="48" bw="8" op_0_bw="4">
<![CDATA[
:41  %key_load_15 = load i8* %key_addr_15, align 1

]]></Node>
<StgValue><ssdm name="key_load_15"/></StgValue>
</operation>

<operation id="74" st_id="9" stage="1" lat="1">
<core>NULL</core>
<MemPortIdVec></MemPortIdVec>
<condition id="-1">
<or_exp><and_exp></and_exp></or_exp>
</condition>

<Node id="49" bw="32" op_0_bw="32" op_1_bw="8" op_2_bw="8" op_3_bw="8" op_4_bw="8">
<![CDATA[
:42  %or_ln66_2 = call i32 @_ssdm_op_BitConcatenate.i32.i8.i8.i8.i8(i8 %key_load_12, i8 %key_load_13, i8 %key_load_14, i8 %key_load_15)

]]></Node>
<StgValue><ssdm name="or_ln66_2"/></StgValue>
</operation>

<operation id="75" st_id="9" stage="1" lat="1">
<core>NULL</core>
<MemPortIdVec></MemPortIdVec>
<condition id="-1">
<or_exp><and_exp></and_exp></or_exp>
</condition>

<Node id="50" bw="6" op_0_bw="32" op_1_bw="64" op_2_bw="64">
<![CDATA[
:43  %k_addr_3 = getelementptr inbounds [44 x i32]* %k, i64 0, i64 0

]]></Node>
<StgValue><ssdm name="k_addr_3"/></StgValue>
</operation>

<operation id="76" st_id="9" stage="1" lat="1">
<core>RAM</core>
<MemPortIdVec>0 </MemPortIdVec>
<condition id="-1">
<or_exp><and_exp></and_exp></or_exp>
</condition>

<Node id="51" bw="0" op_0_bw="32" op_1_bw="6">
<![CDATA[
:44  store i32 %or_ln66_2, i32* %k_addr_3, align 16

]]></Node>
<StgValue><ssdm name="store_ln66"/></StgValue>
</operation>

<operation id="77" st_id="9" stage="1" lat="1">
<core>NULL</core>
<MemPortIdVec></MemPortIdVec>
<condition id="-1">
<or_exp><and_exp></and_exp></or_exp>
</condition>

<Node id="52" bw="0" op_0_bw="0">
<![CDATA[
:45  br label %1

]]></Node>
<StgValue><ssdm name="br_ln68"/></StgValue>
</operation>
</state>

<state id="10" st_id="10">

<operation id="78" st_id="10" stage="1" lat="1">
<core>NULL</core>
<MemPortIdVec></MemPortIdVec>
<condition id="-1">
<or_exp><and_exp></and_exp></or_exp>
</condition>

<Node id="54" bw="6" op_0_bw="6" op_1_bw="0" op_2_bw="6" op_3_bw="0">
<![CDATA[
:0  %i_0 = phi i6 [ 4, %0 ], [ %i_1, %5 ]

]]></Node>
<StgValue><ssdm name="i_0"/></StgValue>
</operation>

<operation id="79" st_id="10" stage="1" lat="1">
<core>Cmp</core>
<MemPortIdVec></MemPortIdVec>
<condition id="-1">
<or_exp><and_exp></and_exp></or_exp>
</condition>

<Node id="55" bw="1" op_0_bw="6" op_1_bw="6">
<![CDATA[
:1  %icmp_ln68 = icmp eq i6 %i_0, -19

]]></Node>
<StgValue><ssdm name="icmp_ln68"/></StgValue>
</operation>

<operation id="80" st_id="10" stage="1" lat="1">
<core>NULL</core>
<MemPortIdVec></MemPortIdVec>
<condition id="-1">
<or_exp><and_exp></and_exp></or_exp>
</condition>

<Node id="56" bw="32" op_0_bw="32" op_1_bw="64" op_2_bw="64" op_3_bw="64">
<![CDATA[
:2  %empty = call i32 (...)* @_ssdm_op_SpecLoopTripCount(i64 41, i64 41, i64 41)

]]></Node>
<StgValue><ssdm name="empty"/></StgValue>
</operation>

<operation id="81" st_id="10" stage="1" lat="1">
<core>NULL</core>
<MemPortIdVec></MemPortIdVec>
<condition id="-1">
<or_exp><and_exp></and_exp></or_exp>
</condition>

<Node id="57" bw="0" op_0_bw="1" op_1_bw="0" op_2_bw="0">
<![CDATA[
:3  br i1 %icmp_ln68, label %.preheader.preheader, label %2

]]></Node>
<StgValue><ssdm name="br_ln68"/></StgValue>
</operation>

<operation id="82" st_id="10" stage="1" lat="1">
<core>AddSub</core>
<MemPortIdVec></MemPortIdVec>
<condition id="-1">
<or_exp><and_exp><literal name="icmp_ln68" val="0"/>
</and_exp></or_exp>
</condition>

<Node id="61" bw="6" op_0_bw="6" op_1_bw="6">
<![CDATA[
:2  %add_ln70 = add i6 -4, %i_0

]]></Node>
<StgValue><ssdm name="add_ln70"/></StgValue>
</operation>

<operation id="83" st_id="10" stage="1" lat="1">
<core>NULL</core>
<MemPortIdVec></MemPortIdVec>
<condition id="-1">
<or_exp><and_exp><literal name="icmp_ln68" val="0"/>
</and_exp></or_exp>
</condition>

<Node id="62" bw="64" op_0_bw="6">
<![CDATA[
:3  %zext_ln70 = zext i6 %add_ln70 to i64

]]></Node>
<StgValue><ssdm name="zext_ln70"/></StgValue>
</operation>

<operation id="84" st_id="10" stage="1" lat="1">
<core>NULL</core>
<MemPortIdVec></MemPortIdVec>
<condition id="-1">
<or_exp><and_exp><literal name="icmp_ln68" val="0"/>
</and_exp></or_exp>
</condition>

<Node id="63" bw="6" op_0_bw="32" op_1_bw="64" op_2_bw="64">
<![CDATA[
:4  %k_addr_4 = getelementptr inbounds [44 x i32]* %k, i64 0, i64 %zext_ln70

]]></Node>
<StgValue><ssdm name="k_addr_4"/></StgValue>
</operation>

<operation id="85" st_id="10" stage="2" lat="2">
<core>RAM</core>
<MemPortIdVec>0 </MemPortIdVec>
<condition id="-1">
<or_exp><and_exp><literal name="icmp_ln68" val="0"/>
</and_exp></or_exp>
</condition>

<Node id="64" bw="32" op_0_bw="6">
<![CDATA[
:5  %k_load = load i32* %k_addr_4, align 4

]]></Node>
<StgValue><ssdm name="k_load"/></StgValue>
</operation>

<operation id="86" st_id="10" stage="1" lat="1">
<core>AddSub</core>
<MemPortIdVec></MemPortIdVec>
<condition id="-1">
<or_exp><and_exp><literal name="icmp_ln68" val="0"/>
</and_exp></or_exp>
</condition>

<Node id="65" bw="6" op_0_bw="6" op_1_bw="6">
<![CDATA[
:6  %add_ln70_1 = add i6 -1, %i_0

]]></Node>
<StgValue><ssdm name="add_ln70_1"/></StgValue>
</operation>

<operation id="87" st_id="10" stage="1" lat="1">
<core>NULL</core>
<MemPortIdVec></MemPortIdVec>
<condition id="-1">
<or_exp><and_exp><literal name="icmp_ln68" val="0"/>
</and_exp></or_exp>
</condition>

<Node id="66" bw="64" op_0_bw="6">
<![CDATA[
:7  %zext_ln70_1 = zext i6 %add_ln70_1 to i64

]]></Node>
<StgValue><ssdm name="zext_ln70_1"/></StgValue>
</operation>

<operation id="88" st_id="10" stage="1" lat="1">
<core>NULL</core>
<MemPortIdVec></MemPortIdVec>
<condition id="-1">
<or_exp><and_exp><literal name="icmp_ln68" val="0"/>
</and_exp></or_exp>
</condition>

<Node id="67" bw="6" op_0_bw="32" op_1_bw="64" op_2_bw="64">
<![CDATA[
:8  %k_addr_5 = getelementptr inbounds [44 x i32]* %k, i64 0, i64 %zext_ln70_1

]]></Node>
<StgValue><ssdm name="k_addr_5"/></StgValue>
</operation>

<operation id="89" st_id="10" stage="2" lat="2">
<core>RAM</core>
<MemPortIdVec>1 </MemPortIdVec>
<condition id="-1">
<or_exp><and_exp><literal name="icmp_ln68" val="0"/>
</and_exp></or_exp>
</condition>

<Node id="68" bw="32" op_0_bw="6">
<![CDATA[
:9  %k_load_1 = load i32* %k_addr_5, align 4

]]></Node>
<StgValue><ssdm name="k_load_1"/></StgValue>
</operation>

<operation id="90" st_id="10" stage="1" lat="1">
<core>NULL</core>
<MemPortIdVec></MemPortIdVec>
<condition id="-1">
<or_exp><and_exp><literal name="icmp_ln68" val="1"/>
</and_exp></or_exp>
</condition>

<Node id="109" bw="0" op_0_bw="0">
<![CDATA[
.preheader.preheader:0  br label %.preheader

]]></Node>
<StgValue><ssdm name="br_ln79"/></StgValue>
</operation>
</state>

<state id="11" st_id="11">

<operation id="91" st_id="11" stage="1" lat="1">
<core>NULL</core>
<MemPortIdVec></MemPortIdVec>
<condition id="-1">
<or_exp><and_exp></and_exp></or_exp>
</condition>

<Node id="59" bw="2" op_0_bw="6">
<![CDATA[
:0  %trunc_ln68 = trunc i6 %i_0 to i2

]]></Node>
<StgValue><ssdm name="trunc_ln68"/></StgValue>
</operation>

<operation id="92" st_id="11" stage="1" lat="1">
<core>Cmp</core>
<MemPortIdVec></MemPortIdVec>
<condition id="-1">
<or_exp><and_exp></and_exp></or_exp>
</condition>

<Node id="60" bw="1" op_0_bw="2" op_1_bw="2">
<![CDATA[
:1  %icmp_ln69 = icmp eq i2 %trunc_ln68, 0

]]></Node>
<StgValue><ssdm name="icmp_ln69"/></StgValue>
</operation>

<operation id="93" st_id="11" stage="1" lat="2">
<core>RAM</core>
<MemPortIdVec>0 </MemPortIdVec>
<condition id="-1">
<or_exp><and_exp></and_exp></or_exp>
</condition>

<Node id="64" bw="32" op_0_bw="6">
<![CDATA[
:5  %k_load = load i32* %k_addr_4, align 4

]]></Node>
<StgValue><ssdm name="k_load"/></StgValue>
</operation>

<operation id="94" st_id="11" stage="1" lat="2">
<core>RAM</core>
<MemPortIdVec>1 </MemPortIdVec>
<condition id="-1">
<or_exp><and_exp></and_exp></or_exp>
</condition>

<Node id="68" bw="32" op_0_bw="6">
<![CDATA[
:9  %k_load_1 = load i32* %k_addr_5, align 4

]]></Node>
<StgValue><ssdm name="k_load_1"/></StgValue>
</operation>

<operation id="95" st_id="11" stage="1" lat="1">
<core>NULL</core>
<MemPortIdVec></MemPortIdVec>
<condition id="-1">
<or_exp><and_exp></and_exp></or_exp>
</condition>

<Node id="69" bw="0" op_0_bw="1" op_1_bw="0" op_2_bw="0">
<![CDATA[
:10  br i1 %icmp_ln69, label %3, label %4

]]></Node>
<StgValue><ssdm name="br_ln69"/></StgValue>
</operation>

<operation id="96" st_id="11" stage="1" lat="1">
<core>LogicGate</core>
<MemPortIdVec></MemPortIdVec>
<condition id="-1">
<or_exp><and_exp><literal name="icmp_ln69" val="0"/>
</and_exp></or_exp>
</condition>

<Node id="71" bw="32" op_0_bw="32" op_1_bw="32">
<![CDATA[
:0  %xor_ln72 = xor i32 %k_load_1, %k_load

]]></Node>
<StgValue><ssdm name="xor_ln72"/></StgValue>
</operation>

<operation id="97" st_id="11" stage="1" lat="1">
<core>NULL</core>
<MemPortIdVec></MemPortIdVec>
<condition id="-1">
<or_exp><and_exp><literal name="icmp_ln69" val="0"/>
</and_exp></or_exp>
</condition>

<Node id="72" bw="64" op_0_bw="6">
<![CDATA[
:1  %zext_ln72 = zext i6 %i_0 to i64

]]></Node>
<StgValue><ssdm name="zext_ln72"/></StgValue>
</operation>

<operation id="98" st_id="11" stage="1" lat="1">
<core>NULL</core>
<MemPortIdVec></MemPortIdVec>
<condition id="-1">
<or_exp><and_exp><literal name="icmp_ln69" val="0"/>
</and_exp></or_exp>
</condition>

<Node id="73" bw="6" op_0_bw="32" op_1_bw="64" op_2_bw="64">
<![CDATA[
:2  %k_addr_8 = getelementptr inbounds [44 x i32]* %k, i64 0, i64 %zext_ln72

]]></Node>
<StgValue><ssdm name="k_addr_8"/></StgValue>
</operation>

<operation id="99" st_id="11" stage="1" lat="1">
<core>RAM</core>
<MemPortIdVec>1 </MemPortIdVec>
<condition id="-1">
<or_exp><and_exp><literal name="icmp_ln69" val="0"/>
</and_exp></or_exp>
</condition>

<Node id="74" bw="0" op_0_bw="32" op_1_bw="6">
<![CDATA[
:3  store i32 %xor_ln72, i32* %k_addr_8, align 4

]]></Node>
<StgValue><ssdm name="store_ln72"/></StgValue>
</operation>

<operation id="100" st_id="11" stage="1" lat="1">
<core>NULL</core>
<MemPortIdVec></MemPortIdVec>
<condition id="-1">
<or_exp><and_exp><literal name="icmp_ln69" val="0"/>
</and_exp></or_exp>
</condition>

<Node id="75" bw="0" op_0_bw="0">
<![CDATA[
:4  br label %5

]]></Node>
<StgValue><ssdm name="br_ln0"/></StgValue>
</operation>

<operation id="101" st_id="11" stage="1" lat="1">
<core>NULL</core>
<MemPortIdVec></MemPortIdVec>
<condition id="-1">
<or_exp><and_exp><literal name="icmp_ln69" val="1"/>
</and_exp></or_exp>
</condition>

<Node id="77" bw="8" op_0_bw="8" op_1_bw="32" op_2_bw="32" op_3_bw="32">
<![CDATA[
:0  %a_write_assign_2 = call i8 @_ssdm_op_PartSelect.i8.i32.i32.i32(i32 %k_load_1, i32 24, i32 31)

]]></Node>
<StgValue><ssdm name="a_write_assign_2"/></StgValue>
</operation>

<operation id="102" st_id="11" stage="1" lat="1">
<core>NULL</core>
<MemPortIdVec></MemPortIdVec>
<condition id="-1">
<or_exp><and_exp><literal name="icmp_ln69" val="1"/>
</and_exp></or_exp>
</condition>

<Node id="78" bw="8" op_0_bw="8" op_1_bw="32" op_2_bw="32" op_3_bw="32">
<![CDATA[
:1  %b_write_assign_2 = call i8 @_ssdm_op_PartSelect.i8.i32.i32.i32(i32 %k_load_1, i32 16, i32 23)

]]></Node>
<StgValue><ssdm name="b_write_assign_2"/></StgValue>
</operation>

<operation id="103" st_id="11" stage="1" lat="1">
<core>NULL</core>
<MemPortIdVec></MemPortIdVec>
<condition id="-1">
<or_exp><and_exp><literal name="icmp_ln69" val="1"/>
</and_exp></or_exp>
</condition>

<Node id="79" bw="8" op_0_bw="8" op_1_bw="32" op_2_bw="32" op_3_bw="32">
<![CDATA[
:2  %tmp = call i8 @_ssdm_op_PartSelect.i8.i32.i32.i32(i32 %k_load_1, i32 8, i32 15)

]]></Node>
<StgValue><ssdm name="tmp"/></StgValue>
</operation>

<operation id="104" st_id="11" stage="1" lat="1">
<core>NULL</core>
<MemPortIdVec></MemPortIdVec>
<condition id="-1">
<or_exp><and_exp><literal name="icmp_ln69" val="1"/>
</and_exp></or_exp>
</condition>

<Node id="80" bw="8" op_0_bw="32">
<![CDATA[
:3  %trunc_ln23 = trunc i32 %k_load_1 to i8

]]></Node>
<StgValue><ssdm name="trunc_ln23"/></StgValue>
</operation>

<operation id="105" st_id="11" stage="1" lat="1">
<core>NULL</core>
<MemPortIdVec></MemPortIdVec>
<condition id="-1">
<or_exp><and_exp><literal name="icmp_ln69" val="1"/>
</and_exp></or_exp>
</condition>

<Node id="81" bw="64" op_0_bw="8">
<![CDATA[
:4  %zext_ln49 = zext i8 %b_write_assign_2 to i64

]]></Node>
<StgValue><ssdm name="zext_ln49"/></StgValue>
</operation>

<operation id="106" st_id="11" stage="1" lat="1">
<core>NULL</core>
<MemPortIdVec></MemPortIdVec>
<condition id="-1">
<or_exp><and_exp><literal name="icmp_ln69" val="1"/>
</and_exp></or_exp>
</condition>

<Node id="82" bw="8" op_0_bw="8" op_1_bw="64" op_2_bw="64">
<![CDATA[
:5  %sbox_addr = getelementptr inbounds [256 x i8]* @sbox, i64 0, i64 %zext_ln49

]]></Node>
<StgValue><ssdm name="sbox_addr"/></StgValue>
</operation>

<operation id="107" st_id="11" stage="2" lat="2">
<core>ROM_nP</core>
<MemPortIdVec>0 </MemPortIdVec>
<condition id="-1">
<or_exp><and_exp><literal name="icmp_ln69" val="1"/>
</and_exp></or_exp>
</condition>

<Node id="83" bw="8" op_0_bw="8">
<![CDATA[
:6  %sbox_load = load i8* %sbox_addr, align 1

]]></Node>
<StgValue><ssdm name="sbox_load"/></StgValue>
</operation>

<operation id="108" st_id="11" stage="1" lat="1">
<core>NULL</core>
<MemPortIdVec></MemPortIdVec>
<condition id="-1">
<or_exp><and_exp><literal name="icmp_ln69" val="1"/>
</and_exp></or_exp>
</condition>

<Node id="84" bw="64" op_0_bw="8">
<![CDATA[
:7  %zext_ln49_1 = zext i8 %tmp to i64

]]></Node>
<StgValue><ssdm name="zext_ln49_1"/></StgValue>
</operation>

<operation id="109" st_id="11" stage="1" lat="1">
<core>NULL</core>
<MemPortIdVec></MemPortIdVec>
<condition id="-1">
<or_exp><and_exp><literal name="icmp_ln69" val="1"/>
</and_exp></or_exp>
</condition>

<Node id="85" bw="8" op_0_bw="8" op_1_bw="64" op_2_bw="64">
<![CDATA[
:8  %sbox_addr_1 = getelementptr inbounds [256 x i8]* @sbox, i64 0, i64 %zext_ln49_1

]]></Node>
<StgValue><ssdm name="sbox_addr_1"/></StgValue>
</operation>

<operation id="110" st_id="11" stage="2" lat="2">
<core>ROM_nP</core>
<MemPortIdVec>1 </MemPortIdVec>
<condition id="-1">
<or_exp><and_exp><literal name="icmp_ln69" val="1"/>
</and_exp></or_exp>
</condition>

<Node id="86" bw="8" op_0_bw="8">
<![CDATA[
:9  %sbox_load_1 = load i8* %sbox_addr_1, align 1

]]></Node>
<StgValue><ssdm name="sbox_load_1"/></StgValue>
</operation>

<operation id="111" st_id="11" stage="1" lat="1">
<core>NULL</core>
<MemPortIdVec></MemPortIdVec>
<condition id="-1">
<or_exp><and_exp><literal name="icmp_ln69" val="1"/>
</and_exp></or_exp>
</condition>

<Node id="87" bw="64" op_0_bw="8">
<![CDATA[
:10  %zext_ln49_2 = zext i8 %trunc_ln23 to i64

]]></Node>
<StgValue><ssdm name="zext_ln49_2"/></StgValue>
</operation>

<operation id="112" st_id="11" stage="1" lat="1">
<core>NULL</core>
<MemPortIdVec></MemPortIdVec>
<condition id="-1">
<or_exp><and_exp><literal name="icmp_ln69" val="1"/>
</and_exp></or_exp>
</condition>

<Node id="88" bw="8" op_0_bw="8" op_1_bw="64" op_2_bw="64">
<![CDATA[
:11  %sbox_addr_2 = getelementptr inbounds [256 x i8]* @sbox, i64 0, i64 %zext_ln49_2

]]></Node>
<StgValue><ssdm name="sbox_addr_2"/></StgValue>
</operation>

<operation id="113" st_id="11" stage="2" lat="2">
<core>ROM_nP</core>
<MemPortIdVec>2 </MemPortIdVec>
<condition id="-1">
<or_exp><and_exp><literal name="icmp_ln69" val="1"/>
</and_exp></or_exp>
</condition>

<Node id="89" bw="8" op_0_bw="8">
<![CDATA[
:12  %sbox_load_2 = load i8* %sbox_addr_2, align 1

]]></Node>
<StgValue><ssdm name="sbox_load_2"/></StgValue>
</operation>

<operation id="114" st_id="11" stage="1" lat="1">
<core>NULL</core>
<MemPortIdVec></MemPortIdVec>
<condition id="-1">
<or_exp><and_exp><literal name="icmp_ln69" val="1"/>
</and_exp></or_exp>
</condition>

<Node id="90" bw="64" op_0_bw="8">
<![CDATA[
:13  %zext_ln49_3 = zext i8 %a_write_assign_2 to i64

]]></Node>
<StgValue><ssdm name="zext_ln49_3"/></StgValue>
</operation>

<operation id="115" st_id="11" stage="1" lat="1">
<core>NULL</core>
<MemPortIdVec></MemPortIdVec>
<condition id="-1">
<or_exp><and_exp><literal name="icmp_ln69" val="1"/>
</and_exp></or_exp>
</condition>

<Node id="91" bw="8" op_0_bw="8" op_1_bw="64" op_2_bw="64">
<![CDATA[
:14  %sbox_addr_3 = getelementptr inbounds [256 x i8]* @sbox, i64 0, i64 %zext_ln49_3

]]></Node>
<StgValue><ssdm name="sbox_addr_3"/></StgValue>
</operation>

<operation id="116" st_id="11" stage="2" lat="2">
<core>ROM_nP</core>
<MemPortIdVec>3 </MemPortIdVec>
<condition id="-1">
<or_exp><and_exp><literal name="icmp_ln69" val="1"/>
</and_exp></or_exp>
</condition>

<Node id="92" bw="8" op_0_bw="8">
<![CDATA[
:15  %sbox_load_3 = load i8* %sbox_addr_3, align 1

]]></Node>
<StgValue><ssdm name="sbox_load_3"/></StgValue>
</operation>

<operation id="117" st_id="11" stage="1" lat="1">
<core>NULL</core>
<MemPortIdVec></MemPortIdVec>
<condition id="-1">
<or_exp><and_exp><literal name="icmp_ln69" val="1"/>
</and_exp></or_exp>
</condition>

<Node id="94" bw="4" op_0_bw="4" op_1_bw="6" op_2_bw="32" op_3_bw="32">
<![CDATA[
:17  %trunc_ln1 = call i4 @_ssdm_op_PartSelect.i4.i6.i32.i32(i6 %i_0, i32 2, i32 5)

]]></Node>
<StgValue><ssdm name="trunc_ln1"/></StgValue>
</operation>

<operation id="118" st_id="11" stage="1" lat="1">
<core>AddSub</core>
<MemPortIdVec></MemPortIdVec>
<condition id="-1">
<or_exp><and_exp><literal name="icmp_ln69" val="1"/>
</and_exp></or_exp>
</condition>

<Node id="95" bw="4" op_0_bw="4" op_1_bw="4">
<![CDATA[
:18  %add_ln70_2 = add i4 -1, %trunc_ln1

]]></Node>
<StgValue><ssdm name="add_ln70_2"/></StgValue>
</operation>

<operation id="119" st_id="11" stage="1" lat="1">
<core>NULL</core>
<MemPortIdVec></MemPortIdVec>
<condition id="-1">
<or_exp><and_exp><literal name="icmp_ln69" val="1"/>
</and_exp></or_exp>
</condition>

<Node id="96" bw="64" op_0_bw="4">
<![CDATA[
:19  %zext_ln70_2 = zext i4 %add_ln70_2 to i64

]]></Node>
<StgValue><ssdm name="zext_ln70_2"/></StgValue>
</operation>

<operation id="120" st_id="11" stage="1" lat="1">
<core>NULL</core>
<MemPortIdVec></MemPortIdVec>
<condition id="-1">
<or_exp><and_exp><literal name="icmp_ln69" val="1"/>
</and_exp></or_exp>
</condition>

<Node id="97" bw="4" op_0_bw="32" op_1_bw="64" op_2_bw="64">
<![CDATA[
:20  %ROUND_CONSTANT_addr = getelementptr inbounds [10 x i32]* @ROUND_CONSTANT, i64 0, i64 %zext_ln70_2

]]></Node>
<StgValue><ssdm name="ROUND_CONSTANT_addr"/></StgValue>
</operation>

<operation id="121" st_id="11" stage="2" lat="2">
<core>ROM_nP</core>
<MemPortIdVec>0 </MemPortIdVec>
<condition id="-1">
<or_exp><and_exp><literal name="icmp_ln69" val="1"/>
</and_exp></or_exp>
</condition>

<Node id="98" bw="32" op_0_bw="4">
<![CDATA[
:21  %ROUND_CONSTANT_load = load i32* %ROUND_CONSTANT_addr, align 4

]]></Node>
<StgValue><ssdm name="ROUND_CONSTANT_load"/></StgValue>
</operation>
</state>

<state id="12" st_id="12">

<operation id="122" st_id="12" stage="1" lat="2">
<core>ROM_nP</core>
<MemPortIdVec>0 </MemPortIdVec>
<condition id="-1">
<or_exp><and_exp><literal name="icmp_ln69" val="1"/>
</and_exp></or_exp>
</condition>

<Node id="83" bw="8" op_0_bw="8">
<![CDATA[
:6  %sbox_load = load i8* %sbox_addr, align 1

]]></Node>
<StgValue><ssdm name="sbox_load"/></StgValue>
</operation>

<operation id="123" st_id="12" stage="1" lat="2">
<core>ROM_nP</core>
<MemPortIdVec>1 </MemPortIdVec>
<condition id="-1">
<or_exp><and_exp><literal name="icmp_ln69" val="1"/>
</and_exp></or_exp>
</condition>

<Node id="86" bw="8" op_0_bw="8">
<![CDATA[
:9  %sbox_load_1 = load i8* %sbox_addr_1, align 1

]]></Node>
<StgValue><ssdm name="sbox_load_1"/></StgValue>
</operation>

<operation id="124" st_id="12" stage="1" lat="2">
<core>ROM_nP</core>
<MemPortIdVec>2 </MemPortIdVec>
<condition id="-1">
<or_exp><and_exp><literal name="icmp_ln69" val="1"/>
</and_exp></or_exp>
</condition>

<Node id="89" bw="8" op_0_bw="8">
<![CDATA[
:12  %sbox_load_2 = load i8* %sbox_addr_2, align 1

]]></Node>
<StgValue><ssdm name="sbox_load_2"/></StgValue>
</operation>

<operation id="125" st_id="12" stage="1" lat="2">
<core>ROM_nP</core>
<MemPortIdVec>3 </MemPortIdVec>
<condition id="-1">
<or_exp><and_exp><literal name="icmp_ln69" val="1"/>
</and_exp></or_exp>
</condition>

<Node id="92" bw="8" op_0_bw="8">
<![CDATA[
:15  %sbox_load_3 = load i8* %sbox_addr_3, align 1

]]></Node>
<StgValue><ssdm name="sbox_load_3"/></StgValue>
</operation>

<operation id="126" st_id="12" stage="1" lat="1">
<core>NULL</core>
<MemPortIdVec></MemPortIdVec>
<condition id="-1">
<or_exp><and_exp><literal name="icmp_ln69" val="1"/>
</and_exp></or_exp>
</condition>

<Node id="93" bw="32" op_0_bw="32" op_1_bw="8" op_2_bw="8" op_3_bw="8" op_4_bw="8">
<![CDATA[
:16  %or_ln50_1_i = call i32 @_ssdm_op_BitConcatenate.i32.i8.i8.i8.i8(i8 %sbox_load, i8 %sbox_load_1, i8 %sbox_load_2, i8 %sbox_load_3)

]]></Node>
<StgValue><ssdm name="or_ln50_1_i"/></StgValue>
</operation>

<operation id="127" st_id="12" stage="1" lat="2">
<core>ROM_nP</core>
<MemPortIdVec>0 </MemPortIdVec>
<condition id="-1">
<or_exp><and_exp><literal name="icmp_ln69" val="1"/>
</and_exp></or_exp>
</condition>

<Node id="98" bw="32" op_0_bw="4">
<![CDATA[
:21  %ROUND_CONSTANT_load = load i32* %ROUND_CONSTANT_addr, align 4

]]></Node>
<StgValue><ssdm name="ROUND_CONSTANT_load"/></StgValue>
</operation>

<operation id="128" st_id="12" stage="1" lat="1">
<core>LogicGate</core>
<MemPortIdVec></MemPortIdVec>
<condition id="-1">
<or_exp><and_exp><literal name="icmp_ln69" val="1"/>
</and_exp></or_exp>
</condition>

<Node id="99" bw="32" op_0_bw="32" op_1_bw="32">
<![CDATA[
:22  %xor_ln70 = xor i32 %ROUND_CONSTANT_load, %or_ln50_1_i

]]></Node>
<StgValue><ssdm name="xor_ln70"/></StgValue>
</operation>

<operation id="129" st_id="12" stage="1" lat="1">
<core>LogicGate</core>
<MemPortIdVec></MemPortIdVec>
<condition id="-1">
<or_exp><and_exp><literal name="icmp_ln69" val="1"/>
</and_exp></or_exp>
</condition>

<Node id="100" bw="32" op_0_bw="32" op_1_bw="32">
<![CDATA[
:23  %xor_ln70_1 = xor i32 %xor_ln70, %k_load

]]></Node>
<StgValue><ssdm name="xor_ln70_1"/></StgValue>
</operation>

<operation id="130" st_id="12" stage="1" lat="1">
<core>NULL</core>
<MemPortIdVec></MemPortIdVec>
<condition id="-1">
<or_exp><and_exp><literal name="icmp_ln69" val="1"/>
</and_exp></or_exp>
</condition>

<Node id="101" bw="64" op_0_bw="6">
<![CDATA[
:24  %zext_ln70_3 = zext i6 %i_0 to i64

]]></Node>
<StgValue><ssdm name="zext_ln70_3"/></StgValue>
</operation>

<operation id="131" st_id="12" stage="1" lat="1">
<core>NULL</core>
<MemPortIdVec></MemPortIdVec>
<condition id="-1">
<or_exp><and_exp><literal name="icmp_ln69" val="1"/>
</and_exp></or_exp>
</condition>

<Node id="102" bw="6" op_0_bw="32" op_1_bw="64" op_2_bw="64">
<![CDATA[
:25  %k_addr_6 = getelementptr inbounds [44 x i32]* %k, i64 0, i64 %zext_ln70_3

]]></Node>
<StgValue><ssdm name="k_addr_6"/></StgValue>
</operation>

<operation id="132" st_id="12" stage="1" lat="1">
<core>RAM</core>
<MemPortIdVec>1 </MemPortIdVec>
<condition id="-1">
<or_exp><and_exp><literal name="icmp_ln69" val="1"/>
</and_exp></or_exp>
</condition>

<Node id="103" bw="0" op_0_bw="32" op_1_bw="6">
<![CDATA[
:26  store i32 %xor_ln70_1, i32* %k_addr_6, align 4

]]></Node>
<StgValue><ssdm name="store_ln70"/></StgValue>
</operation>

<operation id="133" st_id="12" stage="1" lat="1">
<core>NULL</core>
<MemPortIdVec></MemPortIdVec>
<condition id="-1">
<or_exp><and_exp><literal name="icmp_ln69" val="1"/>
</and_exp></or_exp>
</condition>

<Node id="104" bw="0" op_0_bw="0">
<![CDATA[
:27  br label %5

]]></Node>
<StgValue><ssdm name="br_ln71"/></StgValue>
</operation>

<operation id="134" st_id="12" stage="1" lat="1">
<core>AddSub</core>
<MemPortIdVec></MemPortIdVec>
<condition id="-1">
<or_exp><and_exp></and_exp></or_exp>
</condition>

<Node id="106" bw="6" op_0_bw="6" op_1_bw="6">
<![CDATA[
:0  %i_1 = add i6 %i_0, 1

]]></Node>
<StgValue><ssdm name="i_1"/></StgValue>
</operation>

<operation id="135" st_id="12" stage="1" lat="1">
<core>NULL</core>
<MemPortIdVec></MemPortIdVec>
<condition id="-1">
<or_exp><and_exp></and_exp></or_exp>
</condition>

<Node id="107" bw="0" op_0_bw="0">
<![CDATA[
:1  br label %1

]]></Node>
<StgValue><ssdm name="br_ln68"/></StgValue>
</operation>
</state>

<state id="13" st_id="13">

<operation id="136" st_id="13" stage="1" lat="1">
<core>NULL</core>
<MemPortIdVec></MemPortIdVec>
<condition id="-1">
<or_exp><and_exp></and_exp></or_exp>
</condition>

<Node id="111" bw="6" op_0_bw="6" op_1_bw="0" op_2_bw="6" op_3_bw="0">
<![CDATA[
.preheader:0  %i1_0 = phi i6 [ %i, %6 ], [ 0, %.preheader.preheader ]

]]></Node>
<StgValue><ssdm name="i1_0"/></StgValue>
</operation>

<operation id="137" st_id="13" stage="1" lat="1">
<core>Cmp</core>
<MemPortIdVec></MemPortIdVec>
<condition id="-1">
<or_exp><and_exp></and_exp></or_exp>
</condition>

<Node id="112" bw="1" op_0_bw="6" op_1_bw="6">
<![CDATA[
.preheader:1  %icmp_ln79 = icmp eq i6 %i1_0, -20

]]></Node>
<StgValue><ssdm name="icmp_ln79"/></StgValue>
</operation>

<operation id="138" st_id="13" stage="1" lat="1">
<core>NULL</core>
<MemPortIdVec></MemPortIdVec>
<condition id="-1">
<or_exp><and_exp></and_exp></or_exp>
</condition>

<Node id="113" bw="32" op_0_bw="32" op_1_bw="64" op_2_bw="64" op_3_bw="64">
<![CDATA[
.preheader:2  %empty_7 = call i32 (...)* @_ssdm_op_SpecLoopTripCount(i64 44, i64 44, i64 44)

]]></Node>
<StgValue><ssdm name="empty_7"/></StgValue>
</operation>

<operation id="139" st_id="13" stage="1" lat="1">
<core>AddSub</core>
<MemPortIdVec></MemPortIdVec>
<condition id="-1">
<or_exp><and_exp></and_exp></or_exp>
</condition>

<Node id="114" bw="6" op_0_bw="6" op_1_bw="6">
<![CDATA[
.preheader:3  %i = add i6 %i1_0, 1

]]></Node>
<StgValue><ssdm name="i"/></StgValue>
</operation>

<operation id="140" st_id="13" stage="1" lat="1">
<core>NULL</core>
<MemPortIdVec></MemPortIdVec>
<condition id="-1">
<or_exp><and_exp></and_exp></or_exp>
</condition>

<Node id="115" bw="0" op_0_bw="1" op_1_bw="0" op_2_bw="0">
<![CDATA[
.preheader:4  br i1 %icmp_ln79, label %7, label %6

]]></Node>
<StgValue><ssdm name="br_ln79"/></StgValue>
</operation>

<operation id="141" st_id="13" stage="1" lat="1">
<core>NULL</core>
<MemPortIdVec></MemPortIdVec>
<condition id="-1">
<or_exp><and_exp><literal name="icmp_ln79" val="0"/>
</and_exp></or_exp>
</condition>

<Node id="117" bw="64" op_0_bw="6">
<![CDATA[
:0  %zext_ln80 = zext i6 %i1_0 to i64

]]></Node>
<StgValue><ssdm name="zext_ln80"/></StgValue>
</operation>

<operation id="142" st_id="13" stage="1" lat="1">
<core>NULL</core>
<MemPortIdVec></MemPortIdVec>
<condition id="-1">
<or_exp><and_exp><literal name="icmp_ln79" val="0"/>
</and_exp></or_exp>
</condition>

<Node id="118" bw="6" op_0_bw="32" op_1_bw="64" op_2_bw="64">
<![CDATA[
:1  %k_addr_7 = getelementptr inbounds [44 x i32]* %k, i64 0, i64 %zext_ln80

]]></Node>
<StgValue><ssdm name="k_addr_7"/></StgValue>
</operation>

<operation id="143" st_id="13" stage="2" lat="2">
<core>RAM</core>
<MemPortIdVec>1 </MemPortIdVec>
<condition id="-1">
<or_exp><and_exp><literal name="icmp_ln79" val="0"/>
</and_exp></or_exp>
</condition>

<Node id="119" bw="32" op_0_bw="6">
<![CDATA[
:2  %k_load_2 = load i32* %k_addr_7, align 4

]]></Node>
<StgValue><ssdm name="k_load_2"/></StgValue>
</operation>

<operation id="144" st_id="13" stage="1" lat="1">
<core>NULL</core>
<MemPortIdVec></MemPortIdVec>
<condition id="-1">
<or_exp><and_exp><literal name="icmp_ln79" val="1"/>
</and_exp></or_exp>
</condition>

<Node id="142" bw="0">
<![CDATA[
:0  ret void

]]></Node>
<StgValue><ssdm name="ret_ln83"/></StgValue>
</operation>
</state>

<state id="14" st_id="14">

<operation id="145" st_id="14" stage="1" lat="2">
<core>RAM</core>
<MemPortIdVec>1 </MemPortIdVec>
<condition id="-1">
<or_exp><and_exp></and_exp></or_exp>
</condition>

<Node id="119" bw="32" op_0_bw="6">
<![CDATA[
:2  %k_load_2 = load i32* %k_addr_7, align 4

]]></Node>
<StgValue><ssdm name="k_load_2"/></StgValue>
</operation>

<operation id="146" st_id="14" stage="1" lat="1">
<core>NULL</core>
<MemPortIdVec></MemPortIdVec>
<condition id="-1">
<or_exp><and_exp></and_exp></or_exp>
</condition>

<Node id="120" bw="8" op_0_bw="8" op_1_bw="6" op_2_bw="2">
<![CDATA[
:3  %shl_ln = call i8 @_ssdm_op_BitConcatenate.i8.i6.i2(i6 %i1_0, i2 0)

]]></Node>
<StgValue><ssdm name="shl_ln"/></StgValue>
</operation>

<operation id="147" st_id="14" stage="1" lat="1">
<core>NULL</core>
<MemPortIdVec></MemPortIdVec>
<condition id="-1">
<or_exp><and_exp></and_exp></or_exp>
</condition>

<Node id="121" bw="64" op_0_bw="8">
<![CDATA[
:4  %zext_ln80_1 = zext i8 %shl_ln to i64

]]></Node>
<StgValue><ssdm name="zext_ln80_1"/></StgValue>
</operation>

<operation id="148" st_id="14" stage="1" lat="1">
<core>NULL</core>
<MemPortIdVec></MemPortIdVec>
<condition id="-1">
<or_exp><and_exp></and_exp></or_exp>
</condition>

<Node id="122" bw="8" op_0_bw="8" op_1_bw="64" op_2_bw="64">
<![CDATA[
:5  %keys_addr = getelementptr [176 x i8]* %keys, i64 0, i64 %zext_ln80_1

]]></Node>
<StgValue><ssdm name="keys_addr"/></StgValue>
</operation>

<operation id="149" st_id="14" stage="1" lat="1">
<core>NULL</core>
<MemPortIdVec></MemPortIdVec>
<condition id="-1">
<or_exp><and_exp></and_exp></or_exp>
</condition>

<Node id="123" bw="8" op_0_bw="8" op_1_bw="8">
<![CDATA[
:6  %or_ln80 = or i8 %shl_ln, 1

]]></Node>
<StgValue><ssdm name="or_ln80"/></StgValue>
</operation>

<operation id="150" st_id="14" stage="1" lat="1">
<core>NULL</core>
<MemPortIdVec></MemPortIdVec>
<condition id="-1">
<or_exp><and_exp></and_exp></or_exp>
</condition>

<Node id="124" bw="64" op_0_bw="8">
<![CDATA[
:7  %zext_ln80_2 = zext i8 %or_ln80 to i64

]]></Node>
<StgValue><ssdm name="zext_ln80_2"/></StgValue>
</operation>

<operation id="151" st_id="14" stage="1" lat="1">
<core>NULL</core>
<MemPortIdVec></MemPortIdVec>
<condition id="-1">
<or_exp><and_exp></and_exp></or_exp>
</condition>

<Node id="125" bw="8" op_0_bw="8" op_1_bw="64" op_2_bw="64">
<![CDATA[
:8  %keys_addr_1 = getelementptr [176 x i8]* %keys, i64 0, i64 %zext_ln80_2

]]></Node>
<StgValue><ssdm name="keys_addr_1"/></StgValue>
</operation>

<operation id="152" st_id="14" stage="1" lat="1">
<core>NULL</core>
<MemPortIdVec></MemPortIdVec>
<condition id="-1">
<or_exp><and_exp></and_exp></or_exp>
</condition>

<Node id="132" bw="8" op_0_bw="8" op_1_bw="32" op_2_bw="32" op_3_bw="32">
<![CDATA[
:15  %a_write_assign = call i8 @_ssdm_op_PartSelect.i8.i32.i32.i32(i32 %k_load_2, i32 24, i32 31)

]]></Node>
<StgValue><ssdm name="a_write_assign"/></StgValue>
</operation>

<operation id="153" st_id="14" stage="1" lat="1">
<core>NULL</core>
<MemPortIdVec></MemPortIdVec>
<condition id="-1">
<or_exp><and_exp></and_exp></or_exp>
</condition>

<Node id="133" bw="8" op_0_bw="8" op_1_bw="32" op_2_bw="32" op_3_bw="32">
<![CDATA[
:16  %b_write_assign = call i8 @_ssdm_op_PartSelect.i8.i32.i32.i32(i32 %k_load_2, i32 16, i32 23)

]]></Node>
<StgValue><ssdm name="b_write_assign"/></StgValue>
</operation>

<operation id="154" st_id="14" stage="1" lat="1">
<core>NULL</core>
<MemPortIdVec></MemPortIdVec>
<condition id="-1">
<or_exp><and_exp></and_exp></or_exp>
</condition>

<Node id="134" bw="8" op_0_bw="8" op_1_bw="32" op_2_bw="32" op_3_bw="32">
<![CDATA[
:17  %c_write_assign = call i8 @_ssdm_op_PartSelect.i8.i32.i32.i32(i32 %k_load_2, i32 8, i32 15)

]]></Node>
<StgValue><ssdm name="c_write_assign"/></StgValue>
</operation>

<operation id="155" st_id="14" stage="1" lat="1">
<core>NULL</core>
<MemPortIdVec></MemPortIdVec>
<condition id="-1">
<or_exp><and_exp></and_exp></or_exp>
</condition>

<Node id="135" bw="8" op_0_bw="32">
<![CDATA[
:18  %trunc_ln19 = trunc i32 %k_load_2 to i8

]]></Node>
<StgValue><ssdm name="trunc_ln19"/></StgValue>
</operation>

<operation id="156" st_id="14" stage="1" lat="1">
<core>RAM</core>
<MemPortIdVec>0 </MemPortIdVec>
<condition id="-1">
<or_exp><and_exp></and_exp></or_exp>
</condition>

<Node id="136" bw="0" op_0_bw="8" op_1_bw="8">
<![CDATA[
:19  store i8 %a_write_assign, i8* %keys_addr, align 1

]]></Node>
<StgValue><ssdm name="store_ln80"/></StgValue>
</operation>

<operation id="157" st_id="14" stage="1" lat="1">
<core>RAM</core>
<MemPortIdVec>1 </MemPortIdVec>
<condition id="-1">
<or_exp><and_exp></and_exp></or_exp>
</condition>

<Node id="137" bw="0" op_0_bw="8" op_1_bw="8">
<![CDATA[
:20  store i8 %b_write_assign, i8* %keys_addr_1, align 1

]]></Node>
<StgValue><ssdm name="store_ln80"/></StgValue>
</operation>
</state>

<state id="15" st_id="15">

<operation id="158" st_id="15" stage="1" lat="1">
<core>NULL</core>
<MemPortIdVec></MemPortIdVec>
<condition id="-1">
<or_exp><and_exp></and_exp></or_exp>
</condition>

<Node id="126" bw="8" op_0_bw="8" op_1_bw="8">
<![CDATA[
:9  %or_ln80_1 = or i8 %shl_ln, 2

]]></Node>
<StgValue><ssdm name="or_ln80_1"/></StgValue>
</operation>

<operation id="159" st_id="15" stage="1" lat="1">
<core>NULL</core>
<MemPortIdVec></MemPortIdVec>
<condition id="-1">
<or_exp><and_exp></and_exp></or_exp>
</condition>

<Node id="127" bw="64" op_0_bw="8">
<![CDATA[
:10  %zext_ln80_3 = zext i8 %or_ln80_1 to i64

]]></Node>
<StgValue><ssdm name="zext_ln80_3"/></StgValue>
</operation>

<operation id="160" st_id="15" stage="1" lat="1">
<core>NULL</core>
<MemPortIdVec></MemPortIdVec>
<condition id="-1">
<or_exp><and_exp></and_exp></or_exp>
</condition>

<Node id="128" bw="8" op_0_bw="8" op_1_bw="64" op_2_bw="64">
<![CDATA[
:11  %keys_addr_2 = getelementptr [176 x i8]* %keys, i64 0, i64 %zext_ln80_3

]]></Node>
<StgValue><ssdm name="keys_addr_2"/></StgValue>
</operation>

<operation id="161" st_id="15" stage="1" lat="1">
<core>NULL</core>
<MemPortIdVec></MemPortIdVec>
<condition id="-1">
<or_exp><and_exp></and_exp></or_exp>
</condition>

<Node id="129" bw="8" op_0_bw="8" op_1_bw="8">
<![CDATA[
:12  %or_ln80_2 = or i8 %shl_ln, 3

]]></Node>
<StgValue><ssdm name="or_ln80_2"/></StgValue>
</operation>

<operation id="162" st_id="15" stage="1" lat="1">
<core>NULL</core>
<MemPortIdVec></MemPortIdVec>
<condition id="-1">
<or_exp><and_exp></and_exp></or_exp>
</condition>

<Node id="130" bw="64" op_0_bw="8">
<![CDATA[
:13  %zext_ln80_4 = zext i8 %or_ln80_2 to i64

]]></Node>
<StgValue><ssdm name="zext_ln80_4"/></StgValue>
</operation>

<operation id="163" st_id="15" stage="1" lat="1">
<core>NULL</core>
<MemPortIdVec></MemPortIdVec>
<condition id="-1">
<or_exp><and_exp></and_exp></or_exp>
</condition>

<Node id="131" bw="8" op_0_bw="8" op_1_bw="64" op_2_bw="64">
<![CDATA[
:14  %keys_addr_3 = getelementptr [176 x i8]* %keys, i64 0, i64 %zext_ln80_4

]]></Node>
<StgValue><ssdm name="keys_addr_3"/></StgValue>
</operation>

<operation id="164" st_id="15" stage="1" lat="1">
<core>RAM</core>
<MemPortIdVec>0 </MemPortIdVec>
<condition id="-1">
<or_exp><and_exp></and_exp></or_exp>
</condition>

<Node id="138" bw="0" op_0_bw="8" op_1_bw="8">
<![CDATA[
:21  store i8 %c_write_assign, i8* %keys_addr_2, align 1

]]></Node>
<StgValue><ssdm name="store_ln80"/></StgValue>
</operation>

<operation id="165" st_id="15" stage="1" lat="1">
<core>RAM</core>
<MemPortIdVec>1 </MemPortIdVec>
<condition id="-1">
<or_exp><and_exp></and_exp></or_exp>
</condition>

<Node id="139" bw="0" op_0_bw="8" op_1_bw="8">
<![CDATA[
:22  store i8 %trunc_ln19, i8* %keys_addr_3, align 1

]]></Node>
<StgValue><ssdm name="store_ln80"/></StgValue>
</operation>

<operation id="166" st_id="15" stage="1" lat="1">
<core>NULL</core>
<MemPortIdVec></MemPortIdVec>
<condition id="-1">
<or_exp><and_exp></and_exp></or_exp>
</condition>

<Node id="140" bw="0" op_0_bw="0">
<![CDATA[
:23  br label %.preheader

]]></Node>
<StgValue><ssdm name="br_ln79"/></StgValue>
</operation>
</state>
</state_list>


<ports>
<port id="187" name="key" dir="0" iftype="1">
<core>RAM</core><StgValue><ssdm name="key"/><MemPortTyVec>1 1 </MemPortTyVec>
</StgValue>
</port>
<port id="188" name="keys" dir="1" iftype="1">
<core>RAM</core><StgValue><ssdm name="keys"/><MemPortTyVec>0 0 </MemPortTyVec>
</StgValue>
</port>
<port id="189" name="sbox" dir="0" iftype="1">
<core>ROM_nP</core><StgValue><ssdm name="sbox"/><MemPortTyVec>1 1 1 1 </MemPortTyVec>
</StgValue>
</port>
<port id="190" name="ROUND_CONSTANT" dir="0" iftype="1">
<core>ROM_nP</core><StgValue><ssdm name="ROUND_CONSTANT"/><MemPortTyVec>1 </MemPortTyVec>
</StgValue>
</port>
</ports>


<dataflows>
<dataflow id="192" from="StgValue_191" to="k" fromId="191" toId="16">
</dataflow>
<dataflow id="193" from="key" to="key_addr_1" fromId="187" toId="17">
</dataflow>
<dataflow id="195" from="StgValue_194" to="key_addr_1" fromId="194" toId="17">
</dataflow>
<dataflow id="197" from="StgValue_196" to="key_addr_1" fromId="196" toId="17">
</dataflow>
<dataflow id="198" from="key_addr_1" to="key_load" fromId="17" toId="18">
</dataflow>
<dataflow id="199" from="key" to="key_addr_2" fromId="187" toId="19">
</dataflow>
<dataflow id="200" from="StgValue_194" to="key_addr_2" fromId="194" toId="19">
</dataflow>
<dataflow id="202" from="StgValue_201" to="key_addr_2" fromId="201" toId="19">
</dataflow>
<dataflow id="203" from="key_addr_2" to="key_load_1" fromId="19" toId="20">
</dataflow>
<dataflow id="204" from="key_addr_1" to="key_load" fromId="17" toId="21">
</dataflow>
<dataflow id="205" from="key_addr_2" to="key_load_1" fromId="19" toId="22">
</dataflow>
<dataflow id="206" from="key" to="key_addr_3" fromId="187" toId="23">
</dataflow>
<dataflow id="207" from="StgValue_194" to="key_addr_3" fromId="194" toId="23">
</dataflow>
<dataflow id="209" from="StgValue_208" to="key_addr_3" fromId="208" toId="23">
</dataflow>
<dataflow id="210" from="key_addr_3" to="key_load_2" fromId="23" toId="24">
</dataflow>
<dataflow id="211" from="key" to="key_addr_4" fromId="187" toId="25">
</dataflow>
<dataflow id="212" from="StgValue_194" to="key_addr_4" fromId="194" toId="25">
</dataflow>
<dataflow id="214" from="StgValue_213" to="key_addr_4" fromId="213" toId="25">
</dataflow>
<dataflow id="215" from="key_addr_4" to="key_load_3" fromId="25" toId="26">
</dataflow>
<dataflow id="216" from="key_addr_3" to="key_load_2" fromId="23" toId="27">
</dataflow>
<dataflow id="217" from="key_addr_4" to="key_load_3" fromId="25" toId="28">
</dataflow>
<dataflow id="219" from="_ssdm_op_BitConcatenate.i32.i8.i8.i8.i8" to="or_ln63_2" fromId="218" toId="29">
</dataflow>
<dataflow id="220" from="key_load" to="or_ln63_2" fromId="21" toId="29">
</dataflow>
<dataflow id="221" from="key_load_1" to="or_ln63_2" fromId="22" toId="29">
</dataflow>
<dataflow id="222" from="key_load_2" to="or_ln63_2" fromId="27" toId="29">
</dataflow>
<dataflow id="223" from="key_load_3" to="or_ln63_2" fromId="28" toId="29">
</dataflow>
<dataflow id="224" from="k" to="k_addr" fromId="16" toId="30">
</dataflow>
<dataflow id="225" from="StgValue_194" to="k_addr" fromId="194" toId="30">
</dataflow>
<dataflow id="227" from="StgValue_226" to="k_addr" fromId="226" toId="30">
</dataflow>
<dataflow id="228" from="or_ln63_2" to="store_ln63" fromId="29" toId="31">
</dataflow>
<dataflow id="229" from="k_addr" to="store_ln63" fromId="30" toId="31">
</dataflow>
<dataflow id="230" from="key" to="key_addr_5" fromId="187" toId="32">
</dataflow>
<dataflow id="231" from="StgValue_194" to="key_addr_5" fromId="194" toId="32">
</dataflow>
<dataflow id="233" from="StgValue_232" to="key_addr_5" fromId="232" toId="32">
</dataflow>
<dataflow id="234" from="key_addr_5" to="key_load_4" fromId="32" toId="33">
</dataflow>
<dataflow id="235" from="key" to="key_addr_6" fromId="187" toId="34">
</dataflow>
<dataflow id="236" from="StgValue_194" to="key_addr_6" fromId="194" toId="34">
</dataflow>
<dataflow id="238" from="StgValue_237" to="key_addr_6" fromId="237" toId="34">
</dataflow>
<dataflow id="239" from="key_addr_6" to="key_load_5" fromId="34" toId="35">
</dataflow>
<dataflow id="240" from="key_addr_5" to="key_load_4" fromId="32" toId="36">
</dataflow>
<dataflow id="241" from="key_addr_6" to="key_load_5" fromId="34" toId="37">
</dataflow>
<dataflow id="242" from="key" to="key_addr_7" fromId="187" toId="38">
</dataflow>
<dataflow id="243" from="StgValue_194" to="key_addr_7" fromId="194" toId="38">
</dataflow>
<dataflow id="245" from="StgValue_244" to="key_addr_7" fromId="244" toId="38">
</dataflow>
<dataflow id="246" from="key_addr_7" to="key_load_6" fromId="38" toId="39">
</dataflow>
<dataflow id="247" from="key" to="key_addr_8" fromId="187" toId="40">
</dataflow>
<dataflow id="248" from="StgValue_194" to="key_addr_8" fromId="194" toId="40">
</dataflow>
<dataflow id="250" from="StgValue_249" to="key_addr_8" fromId="249" toId="40">
</dataflow>
<dataflow id="251" from="key_addr_8" to="key_load_7" fromId="40" toId="41">
</dataflow>
<dataflow id="252" from="key_addr_7" to="key_load_6" fromId="38" toId="42">
</dataflow>
<dataflow id="253" from="key_addr_8" to="key_load_7" fromId="40" toId="43">
</dataflow>
<dataflow id="254" from="_ssdm_op_BitConcatenate.i32.i8.i8.i8.i8" to="or_ln64_2" fromId="218" toId="44">
</dataflow>
<dataflow id="255" from="key_load_4" to="or_ln64_2" fromId="36" toId="44">
</dataflow>
<dataflow id="256" from="key_load_5" to="or_ln64_2" fromId="37" toId="44">
</dataflow>
<dataflow id="257" from="key_load_6" to="or_ln64_2" fromId="42" toId="44">
</dataflow>
<dataflow id="258" from="key_load_7" to="or_ln64_2" fromId="43" toId="44">
</dataflow>
<dataflow id="259" from="k" to="k_addr_1" fromId="16" toId="45">
</dataflow>
<dataflow id="260" from="StgValue_194" to="k_addr_1" fromId="194" toId="45">
</dataflow>
<dataflow id="262" from="StgValue_261" to="k_addr_1" fromId="261" toId="45">
</dataflow>
<dataflow id="263" from="or_ln64_2" to="store_ln64" fromId="44" toId="46">
</dataflow>
<dataflow id="264" from="k_addr_1" to="store_ln64" fromId="45" toId="46">
</dataflow>
<dataflow id="265" from="key" to="key_addr_9" fromId="187" toId="47">
</dataflow>
<dataflow id="266" from="StgValue_194" to="key_addr_9" fromId="194" toId="47">
</dataflow>
<dataflow id="268" from="StgValue_267" to="key_addr_9" fromId="267" toId="47">
</dataflow>
<dataflow id="269" from="key_addr_9" to="key_load_8" fromId="47" toId="48">
</dataflow>
<dataflow id="270" from="key" to="key_addr_10" fromId="187" toId="49">
</dataflow>
<dataflow id="271" from="StgValue_194" to="key_addr_10" fromId="194" toId="49">
</dataflow>
<dataflow id="273" from="StgValue_272" to="key_addr_10" fromId="272" toId="49">
</dataflow>
<dataflow id="274" from="key_addr_10" to="key_load_9" fromId="49" toId="50">
</dataflow>
<dataflow id="275" from="key_addr_9" to="key_load_8" fromId="47" toId="51">
</dataflow>
<dataflow id="276" from="key_addr_10" to="key_load_9" fromId="49" toId="52">
</dataflow>
<dataflow id="277" from="key" to="key_addr_11" fromId="187" toId="53">
</dataflow>
<dataflow id="278" from="StgValue_194" to="key_addr_11" fromId="194" toId="53">
</dataflow>
<dataflow id="280" from="StgValue_279" to="key_addr_11" fromId="279" toId="53">
</dataflow>
<dataflow id="281" from="key_addr_11" to="key_load_10" fromId="53" toId="54">
</dataflow>
<dataflow id="282" from="key" to="key_addr_12" fromId="187" toId="55">
</dataflow>
<dataflow id="283" from="StgValue_194" to="key_addr_12" fromId="194" toId="55">
</dataflow>
<dataflow id="285" from="StgValue_284" to="key_addr_12" fromId="284" toId="55">
</dataflow>
<dataflow id="286" from="key_addr_12" to="key_load_11" fromId="55" toId="56">
</dataflow>
<dataflow id="287" from="key" to="key_addr" fromId="187" toId="57">
</dataflow>
<dataflow id="288" from="StgValue_194" to="key_addr" fromId="194" toId="57">
</dataflow>
<dataflow id="289" from="StgValue_194" to="key_addr" fromId="194" toId="57">
</dataflow>
<dataflow id="290" from="key_addr_11" to="key_load_10" fromId="53" toId="58">
</dataflow>
<dataflow id="291" from="key_addr_12" to="key_load_11" fromId="55" toId="59">
</dataflow>
<dataflow id="292" from="_ssdm_op_BitConcatenate.i32.i8.i8.i8.i8" to="or_ln65_2" fromId="218" toId="60">
</dataflow>
<dataflow id="293" from="key_load_8" to="or_ln65_2" fromId="51" toId="60">
</dataflow>
<dataflow id="294" from="key_load_9" to="or_ln65_2" fromId="52" toId="60">
</dataflow>
<dataflow id="295" from="key_load_10" to="or_ln65_2" fromId="58" toId="60">
</dataflow>
<dataflow id="296" from="key_load_11" to="or_ln65_2" fromId="59" toId="60">
</dataflow>
<dataflow id="297" from="k" to="k_addr_2" fromId="16" toId="61">
</dataflow>
<dataflow id="298" from="StgValue_194" to="k_addr_2" fromId="194" toId="61">
</dataflow>
<dataflow id="299" from="StgValue_191" to="k_addr_2" fromId="191" toId="61">
</dataflow>
<dataflow id="300" from="or_ln65_2" to="store_ln65" fromId="60" toId="62">
</dataflow>
<dataflow id="301" from="k_addr_2" to="store_ln65" fromId="61" toId="62">
</dataflow>
<dataflow id="302" from="key_addr" to="key_load_12" fromId="57" toId="63">
</dataflow>
<dataflow id="303" from="key" to="key_addr_13" fromId="187" toId="64">
</dataflow>
<dataflow id="304" from="StgValue_194" to="key_addr_13" fromId="194" toId="64">
</dataflow>
<dataflow id="305" from="StgValue_191" to="key_addr_13" fromId="191" toId="64">
</dataflow>
<dataflow id="306" from="key_addr_13" to="key_load_13" fromId="64" toId="65">
</dataflow>
<dataflow id="307" from="key_addr" to="key_load_12" fromId="57" toId="66">
</dataflow>
<dataflow id="308" from="key_addr_13" to="key_load_13" fromId="64" toId="67">
</dataflow>
<dataflow id="309" from="key" to="key_addr_14" fromId="187" toId="68">
</dataflow>
<dataflow id="310" from="StgValue_194" to="key_addr_14" fromId="194" toId="68">
</dataflow>
<dataflow id="311" from="StgValue_261" to="key_addr_14" fromId="261" toId="68">
</dataflow>
<dataflow id="312" from="key_addr_14" to="key_load_14" fromId="68" toId="69">
</dataflow>
<dataflow id="313" from="key" to="key_addr_15" fromId="187" toId="70">
</dataflow>
<dataflow id="314" from="StgValue_194" to="key_addr_15" fromId="194" toId="70">
</dataflow>
<dataflow id="315" from="StgValue_226" to="key_addr_15" fromId="226" toId="70">
</dataflow>
<dataflow id="316" from="key_addr_15" to="key_load_15" fromId="70" toId="71">
</dataflow>
<dataflow id="317" from="key_addr_14" to="key_load_14" fromId="68" toId="72">
</dataflow>
<dataflow id="318" from="key_addr_15" to="key_load_15" fromId="70" toId="73">
</dataflow>
<dataflow id="319" from="_ssdm_op_BitConcatenate.i32.i8.i8.i8.i8" to="or_ln66_2" fromId="218" toId="74">
</dataflow>
<dataflow id="320" from="key_load_12" to="or_ln66_2" fromId="66" toId="74">
</dataflow>
<dataflow id="321" from="key_load_13" to="or_ln66_2" fromId="67" toId="74">
</dataflow>
<dataflow id="322" from="key_load_14" to="or_ln66_2" fromId="72" toId="74">
</dataflow>
<dataflow id="323" from="key_load_15" to="or_ln66_2" fromId="73" toId="74">
</dataflow>
<dataflow id="324" from="k" to="k_addr_3" fromId="16" toId="75">
</dataflow>
<dataflow id="325" from="StgValue_194" to="k_addr_3" fromId="194" toId="75">
</dataflow>
<dataflow id="326" from="StgValue_194" to="k_addr_3" fromId="194" toId="75">
</dataflow>
<dataflow id="327" from="or_ln66_2" to="store_ln66" fromId="74" toId="76">
</dataflow>
<dataflow id="328" from="k_addr_3" to="store_ln66" fromId="75" toId="76">
</dataflow>
<dataflow id="330" from="StgValue_329" to="i_0" fromId="329" toId="78">
<condition id="-1">
<or_exp><and_exp></and_exp></or_exp>
</condition>
</dataflow>
<dataflow id="331" from="br_ln68" to="i_0" fromId="77" toId="78">
</dataflow>
<dataflow id="332" from="i_1" to="i_0" fromId="134" toId="78">
<BackEdge/>
<condition id="-1">
<or_exp><and_exp></and_exp></or_exp>
</condition>
</dataflow>
<dataflow id="333" from="br_ln68" to="i_0" fromId="135" toId="78">
<BackEdge/>
</dataflow>
<dataflow id="334" from="i_0" to="icmp_ln68" fromId="78" toId="79">
</dataflow>
<dataflow id="336" from="StgValue_335" to="icmp_ln68" fromId="335" toId="79">
</dataflow>
<dataflow id="338" from="_ssdm_op_SpecLoopTripCount" to="empty" fromId="337" toId="80">
</dataflow>
<dataflow id="340" from="StgValue_339" to="empty" fromId="339" toId="80">
</dataflow>
<dataflow id="341" from="StgValue_339" to="empty" fromId="339" toId="80">
</dataflow>
<dataflow id="342" from="StgValue_339" to="empty" fromId="339" toId="80">
</dataflow>
<dataflow id="343" from="icmp_ln68" to="br_ln68" fromId="79" toId="81">
</dataflow>
<dataflow id="345" from="StgValue_344" to="add_ln70" fromId="344" toId="82">
</dataflow>
<dataflow id="346" from="i_0" to="add_ln70" fromId="78" toId="82">
</dataflow>
<dataflow id="347" from="add_ln70" to="zext_ln70" fromId="82" toId="83">
</dataflow>
<dataflow id="348" from="k" to="k_addr_4" fromId="16" toId="84">
</dataflow>
<dataflow id="349" from="StgValue_194" to="k_addr_4" fromId="194" toId="84">
</dataflow>
<dataflow id="350" from="zext_ln70" to="k_addr_4" fromId="83" toId="84">
</dataflow>
<dataflow id="351" from="k_addr_4" to="k_load" fromId="84" toId="85">
</dataflow>
<dataflow id="353" from="StgValue_352" to="add_ln70_1" fromId="352" toId="86">
</dataflow>
<dataflow id="354" from="i_0" to="add_ln70_1" fromId="78" toId="86">
</dataflow>
<dataflow id="355" from="add_ln70_1" to="zext_ln70_1" fromId="86" toId="87">
</dataflow>
<dataflow id="356" from="k" to="k_addr_5" fromId="16" toId="88">
</dataflow>
<dataflow id="357" from="StgValue_194" to="k_addr_5" fromId="194" toId="88">
</dataflow>
<dataflow id="358" from="zext_ln70_1" to="k_addr_5" fromId="87" toId="88">
</dataflow>
<dataflow id="359" from="k_addr_5" to="k_load_1" fromId="88" toId="89">
</dataflow>
<dataflow id="360" from="i_0" to="trunc_ln68" fromId="78" toId="91">
</dataflow>
<dataflow id="361" from="trunc_ln68" to="icmp_ln69" fromId="91" toId="92">
</dataflow>
<dataflow id="363" from="StgValue_362" to="icmp_ln69" fromId="362" toId="92">
</dataflow>
<dataflow id="364" from="k_addr_4" to="k_load" fromId="84" toId="93">
</dataflow>
<dataflow id="365" from="k_addr_5" to="k_load_1" fromId="88" toId="94">
</dataflow>
<dataflow id="366" from="icmp_ln69" to="br_ln69" fromId="92" toId="95">
</dataflow>
<dataflow id="367" from="k_load_1" to="xor_ln72" fromId="94" toId="96">
</dataflow>
<dataflow id="368" from="k_load" to="xor_ln72" fromId="93" toId="96">
</dataflow>
<dataflow id="369" from="i_0" to="zext_ln72" fromId="78" toId="97">
</dataflow>
<dataflow id="370" from="k" to="k_addr_8" fromId="16" toId="98">
</dataflow>
<dataflow id="371" from="StgValue_194" to="k_addr_8" fromId="194" toId="98">
</dataflow>
<dataflow id="372" from="zext_ln72" to="k_addr_8" fromId="97" toId="98">
</dataflow>
<dataflow id="373" from="xor_ln72" to="store_ln72" fromId="96" toId="99">
</dataflow>
<dataflow id="374" from="k_addr_8" to="store_ln72" fromId="98" toId="99">
</dataflow>
<dataflow id="376" from="_ssdm_op_PartSelect.i8.i32.i32.i32" to="a_write_assign_2" fromId="375" toId="101">
</dataflow>
<dataflow id="377" from="k_load_1" to="a_write_assign_2" fromId="94" toId="101">
</dataflow>
<dataflow id="379" from="StgValue_378" to="a_write_assign_2" fromId="378" toId="101">
</dataflow>
<dataflow id="381" from="StgValue_380" to="a_write_assign_2" fromId="380" toId="101">
</dataflow>
<dataflow id="382" from="_ssdm_op_PartSelect.i8.i32.i32.i32" to="b_write_assign_2" fromId="375" toId="102">
</dataflow>
<dataflow id="383" from="k_load_1" to="b_write_assign_2" fromId="94" toId="102">
</dataflow>
<dataflow id="385" from="StgValue_384" to="b_write_assign_2" fromId="384" toId="102">
</dataflow>
<dataflow id="387" from="StgValue_386" to="b_write_assign_2" fromId="386" toId="102">
</dataflow>
<dataflow id="388" from="_ssdm_op_PartSelect.i8.i32.i32.i32" to="tmp" fromId="375" toId="103">
</dataflow>
<dataflow id="389" from="k_load_1" to="tmp" fromId="94" toId="103">
</dataflow>
<dataflow id="391" from="StgValue_390" to="tmp" fromId="390" toId="103">
</dataflow>
<dataflow id="393" from="StgValue_392" to="tmp" fromId="392" toId="103">
</dataflow>
<dataflow id="394" from="k_load_1" to="trunc_ln23" fromId="94" toId="104">
</dataflow>
<dataflow id="395" from="b_write_assign_2" to="zext_ln49" fromId="102" toId="105">
</dataflow>
<dataflow id="396" from="sbox" to="sbox_addr" fromId="189" toId="106">
</dataflow>
<dataflow id="397" from="StgValue_194" to="sbox_addr" fromId="194" toId="106">
</dataflow>
<dataflow id="398" from="zext_ln49" to="sbox_addr" fromId="105" toId="106">
</dataflow>
<dataflow id="399" from="sbox_addr" to="sbox_load" fromId="106" toId="107">
</dataflow>
<dataflow id="400" from="tmp" to="zext_ln49_1" fromId="103" toId="108">
</dataflow>
<dataflow id="401" from="sbox" to="sbox_addr_1" fromId="189" toId="109">
</dataflow>
<dataflow id="402" from="StgValue_194" to="sbox_addr_1" fromId="194" toId="109">
</dataflow>
<dataflow id="403" from="zext_ln49_1" to="sbox_addr_1" fromId="108" toId="109">
</dataflow>
<dataflow id="404" from="sbox_addr_1" to="sbox_load_1" fromId="109" toId="110">
</dataflow>
<dataflow id="405" from="trunc_ln23" to="zext_ln49_2" fromId="104" toId="111">
</dataflow>
<dataflow id="406" from="sbox" to="sbox_addr_2" fromId="189" toId="112">
</dataflow>
<dataflow id="407" from="StgValue_194" to="sbox_addr_2" fromId="194" toId="112">
</dataflow>
<dataflow id="408" from="zext_ln49_2" to="sbox_addr_2" fromId="111" toId="112">
</dataflow>
<dataflow id="409" from="sbox_addr_2" to="sbox_load_2" fromId="112" toId="113">
</dataflow>
<dataflow id="410" from="a_write_assign_2" to="zext_ln49_3" fromId="101" toId="114">
</dataflow>
<dataflow id="411" from="sbox" to="sbox_addr_3" fromId="189" toId="115">
</dataflow>
<dataflow id="412" from="StgValue_194" to="sbox_addr_3" fromId="194" toId="115">
</dataflow>
<dataflow id="413" from="zext_ln49_3" to="sbox_addr_3" fromId="114" toId="115">
</dataflow>
<dataflow id="414" from="sbox_addr_3" to="sbox_load_3" fromId="115" toId="116">
</dataflow>
<dataflow id="416" from="_ssdm_op_PartSelect.i4.i6.i32.i32" to="trunc_ln1" fromId="415" toId="117">
</dataflow>
<dataflow id="417" from="i_0" to="trunc_ln1" fromId="78" toId="117">
</dataflow>
<dataflow id="419" from="StgValue_418" to="trunc_ln1" fromId="418" toId="117">
</dataflow>
<dataflow id="421" from="StgValue_420" to="trunc_ln1" fromId="420" toId="117">
</dataflow>
<dataflow id="423" from="StgValue_422" to="add_ln70_2" fromId="422" toId="118">
</dataflow>
<dataflow id="424" from="trunc_ln1" to="add_ln70_2" fromId="117" toId="118">
</dataflow>
<dataflow id="425" from="add_ln70_2" to="zext_ln70_2" fromId="118" toId="119">
</dataflow>
<dataflow id="426" from="ROUND_CONSTANT" to="ROUND_CONSTANT_addr" fromId="190" toId="120">
</dataflow>
<dataflow id="427" from="StgValue_194" to="ROUND_CONSTANT_addr" fromId="194" toId="120">
</dataflow>
<dataflow id="428" from="zext_ln70_2" to="ROUND_CONSTANT_addr" fromId="119" toId="120">
</dataflow>
<dataflow id="429" from="ROUND_CONSTANT_addr" to="ROUND_CONSTANT_load" fromId="120" toId="121">
</dataflow>
<dataflow id="430" from="sbox_addr" to="sbox_load" fromId="106" toId="122">
</dataflow>
<dataflow id="431" from="sbox_addr_1" to="sbox_load_1" fromId="109" toId="123">
</dataflow>
<dataflow id="432" from="sbox_addr_2" to="sbox_load_2" fromId="112" toId="124">
</dataflow>
<dataflow id="433" from="sbox_addr_3" to="sbox_load_3" fromId="115" toId="125">
</dataflow>
<dataflow id="434" from="_ssdm_op_BitConcatenate.i32.i8.i8.i8.i8" to="or_ln50_1_i" fromId="218" toId="126">
</dataflow>
<dataflow id="435" from="sbox_load" to="or_ln50_1_i" fromId="122" toId="126">
</dataflow>
<dataflow id="436" from="sbox_load_1" to="or_ln50_1_i" fromId="123" toId="126">
</dataflow>
<dataflow id="437" from="sbox_load_2" to="or_ln50_1_i" fromId="124" toId="126">
</dataflow>
<dataflow id="438" from="sbox_load_3" to="or_ln50_1_i" fromId="125" toId="126">
</dataflow>
<dataflow id="439" from="ROUND_CONSTANT_addr" to="ROUND_CONSTANT_load" fromId="120" toId="127">
</dataflow>
<dataflow id="440" from="ROUND_CONSTANT_load" to="xor_ln70" fromId="127" toId="128">
</dataflow>
<dataflow id="441" from="or_ln50_1_i" to="xor_ln70" fromId="126" toId="128">
</dataflow>
<dataflow id="442" from="xor_ln70" to="xor_ln70_1" fromId="128" toId="129">
</dataflow>
<dataflow id="443" from="k_load" to="xor_ln70_1" fromId="93" toId="129">
</dataflow>
<dataflow id="444" from="i_0" to="zext_ln70_3" fromId="78" toId="130">
</dataflow>
<dataflow id="445" from="k" to="k_addr_6" fromId="16" toId="131">
</dataflow>
<dataflow id="446" from="StgValue_194" to="k_addr_6" fromId="194" toId="131">
</dataflow>
<dataflow id="447" from="zext_ln70_3" to="k_addr_6" fromId="130" toId="131">
</dataflow>
<dataflow id="448" from="xor_ln70_1" to="store_ln70" fromId="129" toId="132">
</dataflow>
<dataflow id="449" from="k_addr_6" to="store_ln70" fromId="131" toId="132">
</dataflow>
<dataflow id="450" from="i_0" to="i_1" fromId="78" toId="134">
</dataflow>
<dataflow id="452" from="StgValue_451" to="i_1" fromId="451" toId="134">
</dataflow>
<dataflow id="453" from="i" to="i1_0" fromId="139" toId="136">
<BackEdge/>
<condition id="-1">
<or_exp><and_exp></and_exp></or_exp>
</condition>
</dataflow>
<dataflow id="454" from="br_ln79" to="i1_0" fromId="166" toId="136">
<BackEdge/>
</dataflow>
<dataflow id="456" from="StgValue_455" to="i1_0" fromId="455" toId="136">
<condition id="-1">
<or_exp><and_exp><literal name="icmp_ln68" val="1"/>
</and_exp></or_exp>
</condition>
</dataflow>
<dataflow id="457" from="br_ln79" to="i1_0" fromId="90" toId="136">
</dataflow>
<dataflow id="458" from="i1_0" to="icmp_ln79" fromId="136" toId="137">
</dataflow>
<dataflow id="460" from="StgValue_459" to="icmp_ln79" fromId="459" toId="137">
</dataflow>
<dataflow id="461" from="_ssdm_op_SpecLoopTripCount" to="empty_7" fromId="337" toId="138">
</dataflow>
<dataflow id="463" from="StgValue_462" to="empty_7" fromId="462" toId="138">
</dataflow>
<dataflow id="464" from="StgValue_462" to="empty_7" fromId="462" toId="138">
</dataflow>
<dataflow id="465" from="StgValue_462" to="empty_7" fromId="462" toId="138">
</dataflow>
<dataflow id="466" from="i1_0" to="i" fromId="136" toId="139">
</dataflow>
<dataflow id="467" from="StgValue_451" to="i" fromId="451" toId="139">
</dataflow>
<dataflow id="468" from="icmp_ln79" to="br_ln79" fromId="137" toId="140">
</dataflow>
<dataflow id="469" from="i1_0" to="zext_ln80" fromId="136" toId="141">
</dataflow>
<dataflow id="470" from="k" to="k_addr_7" fromId="16" toId="142">
</dataflow>
<dataflow id="471" from="StgValue_194" to="k_addr_7" fromId="194" toId="142">
</dataflow>
<dataflow id="472" from="zext_ln80" to="k_addr_7" fromId="141" toId="142">
</dataflow>
<dataflow id="473" from="k_addr_7" to="k_load_2" fromId="142" toId="143">
</dataflow>
<dataflow id="474" from="k_addr_7" to="k_load_2" fromId="142" toId="145">
</dataflow>
<dataflow id="476" from="_ssdm_op_BitConcatenate.i8.i6.i2" to="shl_ln" fromId="475" toId="146">
</dataflow>
<dataflow id="477" from="i1_0" to="shl_ln" fromId="136" toId="146">
</dataflow>
<dataflow id="478" from="StgValue_362" to="shl_ln" fromId="362" toId="146">
</dataflow>
<dataflow id="479" from="shl_ln" to="zext_ln80_1" fromId="146" toId="147">
</dataflow>
<dataflow id="480" from="keys" to="keys_addr" fromId="188" toId="148">
</dataflow>
<dataflow id="481" from="StgValue_194" to="keys_addr" fromId="194" toId="148">
</dataflow>
<dataflow id="482" from="zext_ln80_1" to="keys_addr" fromId="147" toId="148">
</dataflow>
<dataflow id="483" from="shl_ln" to="or_ln80" fromId="146" toId="149">
</dataflow>
<dataflow id="485" from="StgValue_484" to="or_ln80" fromId="484" toId="149">
</dataflow>
<dataflow id="486" from="or_ln80" to="zext_ln80_2" fromId="149" toId="150">
</dataflow>
<dataflow id="487" from="keys" to="keys_addr_1" fromId="188" toId="151">
</dataflow>
<dataflow id="488" from="StgValue_194" to="keys_addr_1" fromId="194" toId="151">
</dataflow>
<dataflow id="489" from="zext_ln80_2" to="keys_addr_1" fromId="150" toId="151">
</dataflow>
<dataflow id="490" from="_ssdm_op_PartSelect.i8.i32.i32.i32" to="a_write_assign" fromId="375" toId="152">
</dataflow>
<dataflow id="491" from="k_load_2" to="a_write_assign" fromId="145" toId="152">
</dataflow>
<dataflow id="492" from="StgValue_378" to="a_write_assign" fromId="378" toId="152">
</dataflow>
<dataflow id="493" from="StgValue_380" to="a_write_assign" fromId="380" toId="152">
</dataflow>
<dataflow id="494" from="_ssdm_op_PartSelect.i8.i32.i32.i32" to="b_write_assign" fromId="375" toId="153">
</dataflow>
<dataflow id="495" from="k_load_2" to="b_write_assign" fromId="145" toId="153">
</dataflow>
<dataflow id="496" from="StgValue_384" to="b_write_assign" fromId="384" toId="153">
</dataflow>
<dataflow id="497" from="StgValue_386" to="b_write_assign" fromId="386" toId="153">
</dataflow>
<dataflow id="498" from="_ssdm_op_PartSelect.i8.i32.i32.i32" to="c_write_assign" fromId="375" toId="154">
</dataflow>
<dataflow id="499" from="k_load_2" to="c_write_assign" fromId="145" toId="154">
</dataflow>
<dataflow id="500" from="StgValue_390" to="c_write_assign" fromId="390" toId="154">
</dataflow>
<dataflow id="501" from="StgValue_392" to="c_write_assign" fromId="392" toId="154">
</dataflow>
<dataflow id="502" from="k_load_2" to="trunc_ln19" fromId="145" toId="155">
</dataflow>
<dataflow id="503" from="a_write_assign" to="store_ln80" fromId="152" toId="156">
</dataflow>
<dataflow id="504" from="keys_addr" to="store_ln80" fromId="148" toId="156">
</dataflow>
<dataflow id="505" from="b_write_assign" to="store_ln80" fromId="153" toId="157">
</dataflow>
<dataflow id="506" from="keys_addr_1" to="store_ln80" fromId="151" toId="157">
</dataflow>
<dataflow id="507" from="shl_ln" to="or_ln80_1" fromId="146" toId="158">
</dataflow>
<dataflow id="509" from="StgValue_508" to="or_ln80_1" fromId="508" toId="158">
</dataflow>
<dataflow id="510" from="or_ln80_1" to="zext_ln80_3" fromId="158" toId="159">
</dataflow>
<dataflow id="511" from="keys" to="keys_addr_2" fromId="188" toId="160">
</dataflow>
<dataflow id="512" from="StgValue_194" to="keys_addr_2" fromId="194" toId="160">
</dataflow>
<dataflow id="513" from="zext_ln80_3" to="keys_addr_2" fromId="159" toId="160">
</dataflow>
<dataflow id="514" from="shl_ln" to="or_ln80_2" fromId="146" toId="161">
</dataflow>
<dataflow id="516" from="StgValue_515" to="or_ln80_2" fromId="515" toId="161">
</dataflow>
<dataflow id="517" from="or_ln80_2" to="zext_ln80_4" fromId="161" toId="162">
</dataflow>
<dataflow id="518" from="keys" to="keys_addr_3" fromId="188" toId="163">
</dataflow>
<dataflow id="519" from="StgValue_194" to="keys_addr_3" fromId="194" toId="163">
</dataflow>
<dataflow id="520" from="zext_ln80_4" to="keys_addr_3" fromId="162" toId="163">
</dataflow>
<dataflow id="521" from="c_write_assign" to="store_ln80" fromId="154" toId="164">
</dataflow>
<dataflow id="522" from="keys_addr_2" to="store_ln80" fromId="160" toId="164">
</dataflow>
<dataflow id="523" from="trunc_ln19" to="store_ln80" fromId="155" toId="165">
</dataflow>
<dataflow id="524" from="keys_addr_3" to="store_ln80" fromId="163" toId="165">
</dataflow>
<dataflow id="525" from="icmp_ln68" to="StgValue_10" fromId="79" toId="10">
</dataflow>
<dataflow id="526" from="icmp_ln69" to="StgValue_11" fromId="92" toId="11">
</dataflow>
<dataflow id="527" from="icmp_ln69" to="StgValue_12" fromId="92" toId="12">
</dataflow>
<dataflow id="528" from="icmp_ln79" to="StgValue_13" fromId="137" toId="13">
</dataflow>
</dataflows>


</stg>
