<profile>

<section name = "Vivado HLS Report for 'mixColViaLUT'" level="0">
<item name = "Date">Sat Apr  2 16:28:58 2022
</item>
<item name = "Version">2020.1 (Build 2897737 on Wed May 27 20:21:37 MDT 2020)</item>
<item name = "Project">aes_hw_impl_hls</item>
<item name = "Solution">solution2</item>
<item name = "Product family">zynq</item>
<item name = "Target device">xc7z020-clg400-1</item>
</section>

<section name = "Performance Estimates" level="0">
<item name = "Timing">
<section name = "" level="1">
<item name = "Summary"><table name="" hasTotal="0">
<keys size="4">Clock, Target, Estimated, Uncertainty</keys>
<column name="ap_clk">10.00 ns, 6.566 ns, 1.25 ns</column>
</table>
</item>
</section>
</item>
<item name = "Latency">
<section name = "" level="1">
<item name = "Summary"><table name="" hasTotal="0">
<keys size="8">, min, max, min, max, min, max, Type</keys>
<column name="">11, 11, 0.110 us, 0.110 us, 11, 11, none</column>
</table>
</item>
<item name = "Detail">
<section name = "" level="1">
<item name = "Instance"><table name="" hasTotal="0">
<keys size="9">Instance, Module, min, max, min, max, min, max, Type</keys>
</table>
</item>
<item name = "Loop"><table name="" hasTotal="0">
<keys size="8">Loop Name, min, max, Latency, achieved, target, Count, Pipelined</keys>
<column name="- Loop 1">8, 8, 2, -, -, 4, no</column>
</table>
</item>
</section>
</item>
</section>
</item>
</section>

<section name = "Utilization Estimates" level="0">
<item name = "Summary"><table name="" hasTotal="1">
<keys size="6">Name, BRAM_18K, DSP48E, FF, LUT, URAM</keys>
<column name="DSP">-, -, -, -, -</column>
<column name="Expression">-, -, 0, 177, -</column>
<column name="FIFO">-, -, -, -, -</column>
<column name="Instance">-, -, -, -, -</column>
<column name="Memory">4, -, 0, 0, -</column>
<column name="Multiplexer">-, -, -, 108, -</column>
<column name="Register">-, -, 65, -, -</column>
<specialColumn name="Available">280, 220, 106400, 53200, 0</specialColumn>
<specialColumn name="Utilization (%)">1, 0, ~0, ~0, 0</specialColumn>
</table>
</item>
<item name = "Detail">
<section name = "" level="1">
<item name = "Instance"><table name="" hasTotal="1">
<keys size="7">Instance, Module, BRAM_18K, DSP48E, FF, LUT, URAM</keys>
</table>
</item>
<item name = "DSP48E"><table name="" hasTotal="0">
<keys size="3">Instance, Module, Expression</keys>
</table>
</item>
<item name = "Memory"><table name="" hasTotal="1">
<keys size="10">Memory, Module, BRAM_18K, FF, LUT, URAM, Words, Bits, Banks, W*Bits*Banks</keys>
<column name="mx2_U">mixColViaLUT_mx2, 2, 0, 0, 0, 256, 8, 1, 2048</column>
<column name="mx3_U">mixColViaLUT_mx3, 2, 0, 0, 0, 256, 8, 1, 2048</column>
</table>
</item>
<item name = "FIFO"><table name="" hasTotal="1">
<keys size="8">Name, BRAM_18K, FF, LUT, URAM, Depth, Bits, Size:D*B</keys>
</table>
</item>
<item name = "Expression"><table name="" hasTotal="1">
<keys size="7">Variable Name, Operation, DSP48E, FF, LUT, Bitwidth P0, Bitwidth P1</keys>
<column name="add_ln136_fu_236_p2">+, 0, 0, 15, 5, 5</column>
<column name="add_ln139_fu_340_p2">+, 0, 0, 15, 5, 1</column>
<column name="add_ln140_fu_382_p2">+, 0, 0, 15, 5, 2</column>
<column name="add_ln141_fu_392_p2">+, 0, 0, 15, 5, 2</column>
<column name="i_fu_226_p2">+, 0, 0, 12, 3, 1</column>
<column name="icmp_ln135_fu_220_p2">icmp, 0, 0, 9, 3, 4</column>
<column name="xor_ln138_1_fu_312_p2">xor, 0, 0, 8, 8, 8</column>
<column name="xor_ln138_2_fu_316_p2">xor, 0, 0, 8, 8, 8</column>
<column name="xor_ln138_fu_306_p2">xor, 0, 0, 8, 8, 8</column>
<column name="xor_ln139_1_fu_329_p2">xor, 0, 0, 8, 8, 8</column>
<column name="xor_ln139_2_fu_333_p2">xor, 0, 0, 8, 8, 8</column>
<column name="xor_ln139_fu_323_p2">xor, 0, 0, 8, 8, 8</column>
<column name="xor_ln140_1_fu_356_p2">xor, 0, 0, 8, 8, 8</column>
<column name="xor_ln140_2_fu_360_p2">xor, 0, 0, 8, 8, 8</column>
<column name="xor_ln140_fu_350_p2">xor, 0, 0, 8, 8, 8</column>
<column name="xor_ln141_1_fu_372_p2">xor, 0, 0, 8, 8, 8</column>
<column name="xor_ln141_2_fu_376_p2">xor, 0, 0, 8, 8, 8</column>
<column name="xor_ln141_fu_366_p2">xor, 0, 0, 8, 8, 8</column>
</table>
</item>
<item name = "Multiplexer"><table name="" hasTotal="1">
<keys size="5">Name, LUT, Input Size, Bits, Total Bits</keys>
<column name="ap_NS_fsm">33, 6, 1, 6</column>
<column name="i_0_reg_204">9, 2, 3, 6</column>
<column name="r_address0">21, 4, 4, 16</column>
<column name="r_address1">15, 3, 4, 12</column>
<column name="r_d0">15, 3, 8, 24</column>
<column name="r_d1">15, 3, 8, 24</column>
</table>
</item>
<item name = "Register"><table name="" hasTotal="1">
<keys size="5">Name, FF, LUT, Bits, Const Bits</keys>
<column name="ap_CS_fsm">5, 0, 5, 0</column>
<column name="i_0_reg_204">3, 0, 3, 0</column>
<column name="i_reg_442">3, 0, 3, 0</column>
<column name="r_addr_reg_434">4, 0, 4, 0</column>
<column name="t_3_1_fu_40">8, 0, 8, 0</column>
<column name="t_3_2_fu_44">8, 0, 8, 0</column>
<column name="t_3_3_fu_48">8, 0, 8, 0</column>
<column name="t_3_fu_36">8, 0, 8, 0</column>
<column name="trunc_ln136_reg_452">2, 0, 2, 0</column>
<column name="xor_ln140_2_reg_520">8, 0, 8, 0</column>
<column name="xor_ln141_2_reg_525">8, 0, 8, 0</column>
</table>
</item>
</section>
</item>
</section>

<section name = "Interface" level="0">
<item name = "Summary"><table name="" hasTotal="0">
<keys size="6">RTL Ports, Dir, Bits, Protocol, Source Object, C Type</keys>
<column name="ap_clk">in, 1, ap_ctrl_hs, mixColViaLUT, return value</column>
<column name="ap_rst">in, 1, ap_ctrl_hs, mixColViaLUT, return value</column>
<column name="ap_start">in, 1, ap_ctrl_hs, mixColViaLUT, return value</column>
<column name="ap_done">out, 1, ap_ctrl_hs, mixColViaLUT, return value</column>
<column name="ap_idle">out, 1, ap_ctrl_hs, mixColViaLUT, return value</column>
<column name="ap_ready">out, 1, ap_ctrl_hs, mixColViaLUT, return value</column>
<column name="r_address0">out, 4, ap_memory, r, array</column>
<column name="r_ce0">out, 1, ap_memory, r, array</column>
<column name="r_we0">out, 1, ap_memory, r, array</column>
<column name="r_d0">out, 8, ap_memory, r, array</column>
<column name="r_q0">in, 8, ap_memory, r, array</column>
<column name="r_address1">out, 4, ap_memory, r, array</column>
<column name="r_ce1">out, 1, ap_memory, r, array</column>
<column name="r_we1">out, 1, ap_memory, r, array</column>
<column name="r_d1">out, 8, ap_memory, r, array</column>
<column name="r_offset">in, 5, ap_none, r_offset, scalar</column>
</table>
</item>
</section>
</profile>
