<stg><name>mixColViaLUT</name>


<trans_list>

<trans id="94" from="1" to="2">
<condition id="-1">
<or_exp><and_exp></and_exp></or_exp>
</condition>
</trans>

<trans id="95" from="2" to="3">
<condition id="-1">
<or_exp><and_exp><literal name="icmp_ln135" val="0"/>
</and_exp></or_exp>
</condition>
</trans>

<trans id="96" from="2" to="4">
<condition id="-1">
<or_exp><and_exp><literal name="icmp_ln135" val="1"/>
</and_exp></or_exp>
</condition>
</trans>

<trans id="98" from="3" to="2">
<condition id="-1">
<or_exp><and_exp></and_exp></or_exp>
</condition>
</trans>

<trans id="100" from="4" to="5">
<condition id="-1">
<or_exp><and_exp></and_exp></or_exp>
</condition>
</trans>
</trans_list>



<state_list>

<state id="1" st_id="1">

<operation id="6" st_id="1" stage="1" lat="1">
<core>NULL</core>
<MemPortIdVec></MemPortIdVec>
<condition id="-1">
<or_exp><and_exp></and_exp></or_exp>
</condition>

<Node id="7" bw="8" op_0_bw="32">
<![CDATA[
:0  %t_3 = alloca i8

]]></Node>
<StgValue><ssdm name="t_3"/></StgValue>
</operation>

<operation id="7" st_id="1" stage="1" lat="1">
<core>NULL</core>
<MemPortIdVec></MemPortIdVec>
<condition id="-1">
<or_exp><and_exp></and_exp></or_exp>
</condition>

<Node id="8" bw="8" op_0_bw="32">
<![CDATA[
:1  %t_3_1 = alloca i8

]]></Node>
<StgValue><ssdm name="t_3_1"/></StgValue>
</operation>

<operation id="8" st_id="1" stage="1" lat="1">
<core>NULL</core>
<MemPortIdVec></MemPortIdVec>
<condition id="-1">
<or_exp><and_exp></and_exp></or_exp>
</condition>

<Node id="9" bw="8" op_0_bw="32">
<![CDATA[
:2  %t_3_2 = alloca i8

]]></Node>
<StgValue><ssdm name="t_3_2"/></StgValue>
</operation>

<operation id="9" st_id="1" stage="1" lat="1">
<core>NULL</core>
<MemPortIdVec></MemPortIdVec>
<condition id="-1">
<or_exp><and_exp></and_exp></or_exp>
</condition>

<Node id="10" bw="8" op_0_bw="32">
<![CDATA[
:3  %t_3_3 = alloca i8

]]></Node>
<StgValue><ssdm name="t_3_3"/></StgValue>
</operation>

<operation id="10" st_id="1" stage="1" lat="1">
<core>NULL</core>
<MemPortIdVec></MemPortIdVec>
<condition id="-1">
<or_exp><and_exp></and_exp></or_exp>
</condition>

<Node id="11" bw="5" op_0_bw="5" op_1_bw="5">
<![CDATA[
:4  %r_offset_read = call i5 @_ssdm_op_Read.ap_auto.i5(i5 %r_offset)

]]></Node>
<StgValue><ssdm name="r_offset_read"/></StgValue>
</operation>

<operation id="11" st_id="1" stage="1" lat="1">
<core>NULL</core>
<MemPortIdVec></MemPortIdVec>
<condition id="-1">
<or_exp><and_exp></and_exp></or_exp>
</condition>

<Node id="12" bw="64" op_0_bw="5">
<![CDATA[
:5  %r_offset_cast1 = zext i5 %r_offset_read to i64

]]></Node>
<StgValue><ssdm name="r_offset_cast1"/></StgValue>
</operation>

<operation id="12" st_id="1" stage="1" lat="1">
<core>NULL</core>
<MemPortIdVec></MemPortIdVec>
<condition id="-1">
<or_exp><and_exp></and_exp></or_exp>
</condition>

<Node id="13" bw="4" op_0_bw="8" op_1_bw="64" op_2_bw="64">
<![CDATA[
:6  %r_addr = getelementptr [16 x i8]* %r, i64 0, i64 %r_offset_cast1

]]></Node>
<StgValue><ssdm name="r_addr"/></StgValue>
</operation>

<operation id="13" st_id="1" stage="1" lat="1">
<core>NULL</core>
<MemPortIdVec></MemPortIdVec>
<condition id="-1">
<or_exp><and_exp></and_exp></or_exp>
</condition>

<Node id="14" bw="0" op_0_bw="0">
<![CDATA[
:7  br label %branch0

]]></Node>
<StgValue><ssdm name="br_ln135"/></StgValue>
</operation>
</state>

<state id="2" st_id="2">

<operation id="14" st_id="2" stage="1" lat="1">
<core>NULL</core>
<MemPortIdVec></MemPortIdVec>
<condition id="-1">
<or_exp><and_exp></and_exp></or_exp>
</condition>

<Node id="16" bw="3" op_0_bw="3" op_1_bw="0" op_2_bw="3" op_3_bw="0">
<![CDATA[
branch0:0  %i_0 = phi i3 [ 0, %0 ], [ %i, %branch0.backedge ]

]]></Node>
<StgValue><ssdm name="i_0"/></StgValue>
</operation>

<operation id="15" st_id="2" stage="1" lat="1">
<core>Cmp</core>
<MemPortIdVec></MemPortIdVec>
<condition id="-1">
<or_exp><and_exp></and_exp></or_exp>
</condition>

<Node id="17" bw="1" op_0_bw="3" op_1_bw="3">
<![CDATA[
branch0:1  %icmp_ln135 = icmp eq i3 %i_0, -4

]]></Node>
<StgValue><ssdm name="icmp_ln135"/></StgValue>
</operation>

<operation id="16" st_id="2" stage="1" lat="1">
<core>NULL</core>
<MemPortIdVec></MemPortIdVec>
<condition id="-1">
<or_exp><and_exp></and_exp></or_exp>
</condition>

<Node id="18" bw="32" op_0_bw="32" op_1_bw="64" op_2_bw="64" op_3_bw="64">
<![CDATA[
branch0:2  %empty = call i32 (...)* @_ssdm_op_SpecLoopTripCount(i64 4, i64 4, i64 4)

]]></Node>
<StgValue><ssdm name="empty"/></StgValue>
</operation>

<operation id="17" st_id="2" stage="1" lat="1">
<core>AddSub</core>
<MemPortIdVec></MemPortIdVec>
<condition id="-1">
<or_exp><and_exp></and_exp></or_exp>
</condition>

<Node id="19" bw="3" op_0_bw="3" op_1_bw="3">
<![CDATA[
branch0:3  %i = add i3 %i_0, 1

]]></Node>
<StgValue><ssdm name="i"/></StgValue>
</operation>

<operation id="18" st_id="2" stage="1" lat="1">
<core>NULL</core>
<MemPortIdVec></MemPortIdVec>
<condition id="-1">
<or_exp><and_exp></and_exp></or_exp>
</condition>

<Node id="20" bw="0" op_0_bw="1" op_1_bw="0" op_2_bw="0">
<![CDATA[
branch0:4  br i1 %icmp_ln135, label %2, label %1

]]></Node>
<StgValue><ssdm name="br_ln135"/></StgValue>
</operation>

<operation id="19" st_id="2" stage="1" lat="1">
<core>NULL</core>
<MemPortIdVec></MemPortIdVec>
<condition id="-1">
<or_exp><and_exp><literal name="icmp_ln135" val="0"/>
</and_exp></or_exp>
</condition>

<Node id="22" bw="5" op_0_bw="3">
<![CDATA[
:0  %zext_ln136 = zext i3 %i_0 to i5

]]></Node>
<StgValue><ssdm name="zext_ln136"/></StgValue>
</operation>

<operation id="20" st_id="2" stage="1" lat="1">
<core>AddSub</core>
<MemPortIdVec></MemPortIdVec>
<condition id="-1">
<or_exp><and_exp><literal name="icmp_ln135" val="0"/>
</and_exp></or_exp>
</condition>

<Node id="23" bw="5" op_0_bw="5" op_1_bw="5">
<![CDATA[
:1  %add_ln136 = add i5 %r_offset_read, %zext_ln136

]]></Node>
<StgValue><ssdm name="add_ln136"/></StgValue>
</operation>

<operation id="21" st_id="2" stage="1" lat="1">
<core>NULL</core>
<MemPortIdVec></MemPortIdVec>
<condition id="-1">
<or_exp><and_exp><literal name="icmp_ln135" val="0"/>
</and_exp></or_exp>
</condition>

<Node id="24" bw="64" op_0_bw="5">
<![CDATA[
:2  %zext_ln136_1 = zext i5 %add_ln136 to i64

]]></Node>
<StgValue><ssdm name="zext_ln136_1"/></StgValue>
</operation>

<operation id="22" st_id="2" stage="1" lat="1">
<core>NULL</core>
<MemPortIdVec></MemPortIdVec>
<condition id="-1">
<or_exp><and_exp><literal name="icmp_ln135" val="0"/>
</and_exp></or_exp>
</condition>

<Node id="25" bw="4" op_0_bw="8" op_1_bw="64" op_2_bw="64">
<![CDATA[
:3  %r_addr_4 = getelementptr [16 x i8]* %r, i64 0, i64 %zext_ln136_1

]]></Node>
<StgValue><ssdm name="r_addr_4"/></StgValue>
</operation>

<operation id="23" st_id="2" stage="2" lat="2">
<core>RAM</core>
<MemPortIdVec></MemPortIdVec>
<condition id="-1">
<or_exp><and_exp><literal name="icmp_ln135" val="0"/>
</and_exp></or_exp>
</condition>

<Node id="26" bw="8" op_0_bw="4">
<![CDATA[
:4  %t_0 = load i8* %r_addr_4, align 1

]]></Node>
<StgValue><ssdm name="t_0"/></StgValue>
</operation>

<operation id="24" st_id="2" stage="1" lat="1">
<core>NULL</core>
<MemPortIdVec></MemPortIdVec>
<condition id="-1">
<or_exp><and_exp><literal name="icmp_ln135" val="0"/>
</and_exp></or_exp>
</condition>

<Node id="27" bw="2" op_0_bw="3">
<![CDATA[
:5  %trunc_ln136 = trunc i3 %i_0 to i2

]]></Node>
<StgValue><ssdm name="trunc_ln136"/></StgValue>
</operation>

<operation id="25" st_id="2" stage="1" lat="1">
<core>NULL</core>
<MemPortIdVec></MemPortIdVec>
<condition id="-1">
<or_exp><and_exp><literal name="icmp_ln135" val="1"/>
</and_exp></or_exp>
</condition>

<Node id="44" bw="8" op_0_bw="8">
<![CDATA[
:0  %t_3_load = load i8* %t_3

]]></Node>
<StgValue><ssdm name="t_3_load"/></StgValue>
</operation>

<operation id="26" st_id="2" stage="1" lat="1">
<core>NULL</core>
<MemPortIdVec></MemPortIdVec>
<condition id="-1">
<or_exp><and_exp><literal name="icmp_ln135" val="1"/>
</and_exp></or_exp>
</condition>

<Node id="45" bw="8" op_0_bw="8">
<![CDATA[
:1  %t_3_1_load = load i8* %t_3_1

]]></Node>
<StgValue><ssdm name="t_3_1_load"/></StgValue>
</operation>

<operation id="27" st_id="2" stage="1" lat="1">
<core>NULL</core>
<MemPortIdVec></MemPortIdVec>
<condition id="-1">
<or_exp><and_exp><literal name="icmp_ln135" val="1"/>
</and_exp></or_exp>
</condition>

<Node id="46" bw="8" op_0_bw="8">
<![CDATA[
:2  %t_3_2_load = load i8* %t_3_2

]]></Node>
<StgValue><ssdm name="t_3_2_load"/></StgValue>
</operation>

<operation id="28" st_id="2" stage="1" lat="1">
<core>NULL</core>
<MemPortIdVec></MemPortIdVec>
<condition id="-1">
<or_exp><and_exp><literal name="icmp_ln135" val="1"/>
</and_exp></or_exp>
</condition>

<Node id="47" bw="8" op_0_bw="8">
<![CDATA[
:3  %t_3_3_load = load i8* %t_3_3

]]></Node>
<StgValue><ssdm name="t_3_3_load"/></StgValue>
</operation>

<operation id="29" st_id="2" stage="1" lat="1">
<core>NULL</core>
<MemPortIdVec></MemPortIdVec>
<condition id="-1">
<or_exp><and_exp><literal name="icmp_ln135" val="1"/>
</and_exp></or_exp>
</condition>

<Node id="48" bw="64" op_0_bw="8">
<![CDATA[
:4  %zext_ln138 = zext i8 %t_3_load to i64

]]></Node>
<StgValue><ssdm name="zext_ln138"/></StgValue>
</operation>

<operation id="30" st_id="2" stage="1" lat="1">
<core>NULL</core>
<MemPortIdVec></MemPortIdVec>
<condition id="-1">
<or_exp><and_exp><literal name="icmp_ln135" val="1"/>
</and_exp></or_exp>
</condition>

<Node id="49" bw="8" op_0_bw="8" op_1_bw="64" op_2_bw="64">
<![CDATA[
:5  %mx2_addr = getelementptr inbounds [256 x i8]* @mx2, i64 0, i64 %zext_ln138

]]></Node>
<StgValue><ssdm name="mx2_addr"/></StgValue>
</operation>

<operation id="31" st_id="2" stage="2" lat="2">
<core>ROM_nP</core>
<MemPortIdVec></MemPortIdVec>
<condition id="-1">
<or_exp><and_exp><literal name="icmp_ln135" val="1"/>
</and_exp></or_exp>
</condition>

<Node id="50" bw="8" op_0_bw="8">
<![CDATA[
:6  %mx2_load = load i8* %mx2_addr, align 1

]]></Node>
<StgValue><ssdm name="mx2_load"/></StgValue>
</operation>

<operation id="32" st_id="2" stage="1" lat="1">
<core>NULL</core>
<MemPortIdVec></MemPortIdVec>
<condition id="-1">
<or_exp><and_exp><literal name="icmp_ln135" val="1"/>
</and_exp></or_exp>
</condition>

<Node id="51" bw="64" op_0_bw="8">
<![CDATA[
:7  %zext_ln138_1 = zext i8 %t_3_1_load to i64

]]></Node>
<StgValue><ssdm name="zext_ln138_1"/></StgValue>
</operation>

<operation id="33" st_id="2" stage="1" lat="1">
<core>NULL</core>
<MemPortIdVec></MemPortIdVec>
<condition id="-1">
<or_exp><and_exp><literal name="icmp_ln135" val="1"/>
</and_exp></or_exp>
</condition>

<Node id="52" bw="8" op_0_bw="8" op_1_bw="64" op_2_bw="64">
<![CDATA[
:8  %mx3_addr = getelementptr inbounds [256 x i8]* @mx3, i64 0, i64 %zext_ln138_1

]]></Node>
<StgValue><ssdm name="mx3_addr"/></StgValue>
</operation>

<operation id="34" st_id="2" stage="2" lat="2">
<core>ROM_nP</core>
<MemPortIdVec></MemPortIdVec>
<condition id="-1">
<or_exp><and_exp><literal name="icmp_ln135" val="1"/>
</and_exp></or_exp>
</condition>

<Node id="53" bw="8" op_0_bw="8">
<![CDATA[
:9  %mx3_load = load i8* %mx3_addr, align 1

]]></Node>
<StgValue><ssdm name="mx3_load"/></StgValue>
</operation>

<operation id="35" st_id="2" stage="1" lat="1">
<core>NULL</core>
<MemPortIdVec></MemPortIdVec>
<condition id="-1">
<or_exp><and_exp><literal name="icmp_ln135" val="1"/>
</and_exp></or_exp>
</condition>

<Node id="58" bw="8" op_0_bw="8" op_1_bw="64" op_2_bw="64">
<![CDATA[
:14  %mx2_addr_1 = getelementptr inbounds [256 x i8]* @mx2, i64 0, i64 %zext_ln138_1

]]></Node>
<StgValue><ssdm name="mx2_addr_1"/></StgValue>
</operation>

<operation id="36" st_id="2" stage="2" lat="2">
<core>ROM_nP</core>
<MemPortIdVec></MemPortIdVec>
<condition id="-1">
<or_exp><and_exp><literal name="icmp_ln135" val="1"/>
</and_exp></or_exp>
</condition>

<Node id="59" bw="8" op_0_bw="8">
<![CDATA[
:15  %mx2_load_1 = load i8* %mx2_addr_1, align 1

]]></Node>
<StgValue><ssdm name="mx2_load_1"/></StgValue>
</operation>

<operation id="37" st_id="2" stage="1" lat="1">
<core>NULL</core>
<MemPortIdVec></MemPortIdVec>
<condition id="-1">
<or_exp><and_exp><literal name="icmp_ln135" val="1"/>
</and_exp></or_exp>
</condition>

<Node id="60" bw="64" op_0_bw="8">
<![CDATA[
:16  %zext_ln139 = zext i8 %t_3_2_load to i64

]]></Node>
<StgValue><ssdm name="zext_ln139"/></StgValue>
</operation>

<operation id="38" st_id="2" stage="1" lat="1">
<core>NULL</core>
<MemPortIdVec></MemPortIdVec>
<condition id="-1">
<or_exp><and_exp><literal name="icmp_ln135" val="1"/>
</and_exp></or_exp>
</condition>

<Node id="61" bw="8" op_0_bw="8" op_1_bw="64" op_2_bw="64">
<![CDATA[
:17  %mx3_addr_1 = getelementptr inbounds [256 x i8]* @mx3, i64 0, i64 %zext_ln139

]]></Node>
<StgValue><ssdm name="mx3_addr_1"/></StgValue>
</operation>

<operation id="39" st_id="2" stage="2" lat="2">
<core>ROM_nP</core>
<MemPortIdVec></MemPortIdVec>
<condition id="-1">
<or_exp><and_exp><literal name="icmp_ln135" val="1"/>
</and_exp></or_exp>
</condition>

<Node id="62" bw="8" op_0_bw="8">
<![CDATA[
:18  %mx3_load_1 = load i8* %mx3_addr_1, align 1

]]></Node>
<StgValue><ssdm name="mx3_load_1"/></StgValue>
</operation>

<operation id="40" st_id="2" stage="1" lat="1">
<core>NULL</core>
<MemPortIdVec></MemPortIdVec>
<condition id="-1">
<or_exp><and_exp><literal name="icmp_ln135" val="1"/>
</and_exp></or_exp>
</condition>

<Node id="70" bw="8" op_0_bw="8" op_1_bw="64" op_2_bw="64">
<![CDATA[
:26  %mx2_addr_2 = getelementptr inbounds [256 x i8]* @mx2, i64 0, i64 %zext_ln139

]]></Node>
<StgValue><ssdm name="mx2_addr_2"/></StgValue>
</operation>

<operation id="41" st_id="2" stage="2" lat="2">
<core>ROM_nP</core>
<MemPortIdVec></MemPortIdVec>
<condition id="-1">
<or_exp><and_exp><literal name="icmp_ln135" val="1"/>
</and_exp></or_exp>
</condition>

<Node id="71" bw="8" op_0_bw="8">
<![CDATA[
:27  %mx2_load_2 = load i8* %mx2_addr_2, align 1

]]></Node>
<StgValue><ssdm name="mx2_load_2"/></StgValue>
</operation>

<operation id="42" st_id="2" stage="1" lat="1">
<core>NULL</core>
<MemPortIdVec></MemPortIdVec>
<condition id="-1">
<or_exp><and_exp><literal name="icmp_ln135" val="1"/>
</and_exp></or_exp>
</condition>

<Node id="72" bw="64" op_0_bw="8">
<![CDATA[
:28  %zext_ln140 = zext i8 %t_3_3_load to i64

]]></Node>
<StgValue><ssdm name="zext_ln140"/></StgValue>
</operation>

<operation id="43" st_id="2" stage="1" lat="1">
<core>NULL</core>
<MemPortIdVec></MemPortIdVec>
<condition id="-1">
<or_exp><and_exp><literal name="icmp_ln135" val="1"/>
</and_exp></or_exp>
</condition>

<Node id="73" bw="8" op_0_bw="8" op_1_bw="64" op_2_bw="64">
<![CDATA[
:29  %mx3_addr_2 = getelementptr inbounds [256 x i8]* @mx3, i64 0, i64 %zext_ln140

]]></Node>
<StgValue><ssdm name="mx3_addr_2"/></StgValue>
</operation>

<operation id="44" st_id="2" stage="2" lat="2">
<core>ROM_nP</core>
<MemPortIdVec></MemPortIdVec>
<condition id="-1">
<or_exp><and_exp><literal name="icmp_ln135" val="1"/>
</and_exp></or_exp>
</condition>

<Node id="74" bw="8" op_0_bw="8">
<![CDATA[
:30  %mx3_load_2 = load i8* %mx3_addr_2, align 1

]]></Node>
<StgValue><ssdm name="mx3_load_2"/></StgValue>
</operation>

<operation id="45" st_id="2" stage="1" lat="1">
<core>NULL</core>
<MemPortIdVec></MemPortIdVec>
<condition id="-1">
<or_exp><and_exp><literal name="icmp_ln135" val="1"/>
</and_exp></or_exp>
</condition>

<Node id="82" bw="8" op_0_bw="8" op_1_bw="64" op_2_bw="64">
<![CDATA[
:38  %mx3_addr_3 = getelementptr inbounds [256 x i8]* @mx3, i64 0, i64 %zext_ln138

]]></Node>
<StgValue><ssdm name="mx3_addr_3"/></StgValue>
</operation>

<operation id="46" st_id="2" stage="2" lat="2">
<core>ROM_nP</core>
<MemPortIdVec></MemPortIdVec>
<condition id="-1">
<or_exp><and_exp><literal name="icmp_ln135" val="1"/>
</and_exp></or_exp>
</condition>

<Node id="83" bw="8" op_0_bw="8">
<![CDATA[
:39  %mx3_load_3 = load i8* %mx3_addr_3, align 1

]]></Node>
<StgValue><ssdm name="mx3_load_3"/></StgValue>
</operation>

<operation id="47" st_id="2" stage="1" lat="1">
<core>NULL</core>
<MemPortIdVec></MemPortIdVec>
<condition id="-1">
<or_exp><and_exp><literal name="icmp_ln135" val="1"/>
</and_exp></or_exp>
</condition>

<Node id="84" bw="8" op_0_bw="8" op_1_bw="64" op_2_bw="64">
<![CDATA[
:40  %mx2_addr_3 = getelementptr inbounds [256 x i8]* @mx2, i64 0, i64 %zext_ln140

]]></Node>
<StgValue><ssdm name="mx2_addr_3"/></StgValue>
</operation>

<operation id="48" st_id="2" stage="2" lat="2">
<core>ROM_nP</core>
<MemPortIdVec></MemPortIdVec>
<condition id="-1">
<or_exp><and_exp><literal name="icmp_ln135" val="1"/>
</and_exp></or_exp>
</condition>

<Node id="85" bw="8" op_0_bw="8">
<![CDATA[
:41  %mx2_load_3 = load i8* %mx2_addr_3, align 1

]]></Node>
<StgValue><ssdm name="mx2_load_3"/></StgValue>
</operation>
</state>

<state id="3" st_id="3">

<operation id="49" st_id="3" stage="1" lat="2">
<core>RAM</core>
<MemPortIdVec></MemPortIdVec>
<condition id="-1">
<or_exp><and_exp></and_exp></or_exp>
</condition>

<Node id="26" bw="8" op_0_bw="4">
<![CDATA[
:4  %t_0 = load i8* %r_addr_4, align 1

]]></Node>
<StgValue><ssdm name="t_0"/></StgValue>
</operation>

<operation id="50" st_id="3" stage="1" lat="1">
<core>NULL</core>
<MemPortIdVec></MemPortIdVec>
<condition id="-1">
<or_exp><and_exp></and_exp></or_exp>
</condition>

<Node id="28" bw="0" op_0_bw="2" op_1_bw="0" op_2_bw="2" op_3_bw="0" op_4_bw="2" op_5_bw="0" op_6_bw="2" op_7_bw="0">
<![CDATA[
:6  switch i2 %trunc_ln136, label %branch3 [
    i2 0, label %.branch0.backedge_crit_edge
    i2 1, label %branch1
    i2 -2, label %branch2
  ]

]]></Node>
<StgValue><ssdm name="switch_ln136"/></StgValue>
</operation>

<operation id="51" st_id="3" stage="1" lat="1">
<core>NULL</core>
<MemPortIdVec></MemPortIdVec>
<condition id="-1">
<or_exp><and_exp><literal name="trunc_ln136" val="-2"/>
</and_exp></or_exp>
</condition>

<Node id="30" bw="0" op_0_bw="8" op_1_bw="8">
<![CDATA[
branch2:0  store i8 %t_0, i8* %t_3_2

]]></Node>
<StgValue><ssdm name="store_ln136"/></StgValue>
</operation>

<operation id="52" st_id="3" stage="1" lat="1">
<core>NULL</core>
<MemPortIdVec></MemPortIdVec>
<condition id="-1">
<or_exp><and_exp><literal name="trunc_ln136" val="-2"/>
</and_exp></or_exp>
</condition>

<Node id="31" bw="0" op_0_bw="0">
<![CDATA[
branch2:1  br label %branch0.backedge

]]></Node>
<StgValue><ssdm name="br_ln136"/></StgValue>
</operation>

<operation id="53" st_id="3" stage="1" lat="1">
<core>NULL</core>
<MemPortIdVec></MemPortIdVec>
<condition id="-1">
<or_exp><and_exp><literal name="trunc_ln136" val="1"/>
</and_exp></or_exp>
</condition>

<Node id="33" bw="0" op_0_bw="8" op_1_bw="8">
<![CDATA[
branch1:0  store i8 %t_0, i8* %t_3_1

]]></Node>
<StgValue><ssdm name="store_ln136"/></StgValue>
</operation>

<operation id="54" st_id="3" stage="1" lat="1">
<core>NULL</core>
<MemPortIdVec></MemPortIdVec>
<condition id="-1">
<or_exp><and_exp><literal name="trunc_ln136" val="1"/>
</and_exp></or_exp>
</condition>

<Node id="34" bw="0" op_0_bw="0">
<![CDATA[
branch1:1  br label %branch0.backedge

]]></Node>
<StgValue><ssdm name="br_ln136"/></StgValue>
</operation>

<operation id="55" st_id="3" stage="1" lat="1">
<core>NULL</core>
<MemPortIdVec></MemPortIdVec>
<condition id="-1">
<or_exp><and_exp><literal name="trunc_ln136" val="0"/>
</and_exp></or_exp>
</condition>

<Node id="36" bw="0" op_0_bw="8" op_1_bw="8">
<![CDATA[
.branch0.backedge_crit_edge:0  store i8 %t_0, i8* %t_3

]]></Node>
<StgValue><ssdm name="store_ln136"/></StgValue>
</operation>

<operation id="56" st_id="3" stage="1" lat="1">
<core>NULL</core>
<MemPortIdVec></MemPortIdVec>
<condition id="-1">
<or_exp><and_exp><literal name="trunc_ln136" val="0"/>
</and_exp></or_exp>
</condition>

<Node id="37" bw="0" op_0_bw="0">
<![CDATA[
.branch0.backedge_crit_edge:1  br label %branch0.backedge

]]></Node>
<StgValue><ssdm name="br_ln136"/></StgValue>
</operation>

<operation id="57" st_id="3" stage="1" lat="1">
<core>NULL</core>
<MemPortIdVec></MemPortIdVec>
<condition id="-1">
<or_exp><and_exp><literal name="trunc_ln136" val="-1"/>
</and_exp></or_exp>
</condition>

<Node id="39" bw="0" op_0_bw="8" op_1_bw="8">
<![CDATA[
branch3:0  store i8 %t_0, i8* %t_3_3

]]></Node>
<StgValue><ssdm name="store_ln136"/></StgValue>
</operation>

<operation id="58" st_id="3" stage="1" lat="1">
<core>NULL</core>
<MemPortIdVec></MemPortIdVec>
<condition id="-1">
<or_exp><and_exp><literal name="trunc_ln136" val="-1"/>
</and_exp></or_exp>
</condition>

<Node id="40" bw="0" op_0_bw="0">
<![CDATA[
branch3:1  br label %branch0.backedge

]]></Node>
<StgValue><ssdm name="br_ln136"/></StgValue>
</operation>

<operation id="59" st_id="3" stage="1" lat="1">
<core>NULL</core>
<MemPortIdVec></MemPortIdVec>
<condition id="-1">
<or_exp><and_exp></and_exp></or_exp>
</condition>

<Node id="42" bw="0" op_0_bw="0">
<![CDATA[
branch0.backedge:0  br label %branch0

]]></Node>
<StgValue><ssdm name="br_ln0"/></StgValue>
</operation>
</state>

<state id="4" st_id="4">

<operation id="60" st_id="4" stage="1" lat="2">
<core>ROM_nP</core>
<MemPortIdVec></MemPortIdVec>
<condition id="-1">
<or_exp><and_exp></and_exp></or_exp>
</condition>

<Node id="50" bw="8" op_0_bw="8">
<![CDATA[
:6  %mx2_load = load i8* %mx2_addr, align 1

]]></Node>
<StgValue><ssdm name="mx2_load"/></StgValue>
</operation>

<operation id="61" st_id="4" stage="1" lat="2">
<core>ROM_nP</core>
<MemPortIdVec></MemPortIdVec>
<condition id="-1">
<or_exp><and_exp></and_exp></or_exp>
</condition>

<Node id="53" bw="8" op_0_bw="8">
<![CDATA[
:9  %mx3_load = load i8* %mx3_addr, align 1

]]></Node>
<StgValue><ssdm name="mx3_load"/></StgValue>
</operation>

<operation id="62" st_id="4" stage="1" lat="1">
<core>LogicGate</core>
<MemPortIdVec></MemPortIdVec>
<condition id="-1">
<or_exp><and_exp></and_exp></or_exp>
</condition>

<Node id="54" bw="8" op_0_bw="8" op_1_bw="8">
<![CDATA[
:10  %xor_ln138 = xor i8 %mx3_load, %mx2_load

]]></Node>
<StgValue><ssdm name="xor_ln138"/></StgValue>
</operation>

<operation id="63" st_id="4" stage="1" lat="1">
<core>LogicGate</core>
<MemPortIdVec></MemPortIdVec>
<condition id="-1">
<or_exp><and_exp></and_exp></or_exp>
</condition>

<Node id="55" bw="8" op_0_bw="8" op_1_bw="8">
<![CDATA[
:11  %xor_ln138_1 = xor i8 %t_3_2_load, %t_3_3_load

]]></Node>
<StgValue><ssdm name="xor_ln138_1"/></StgValue>
</operation>

<operation id="64" st_id="4" stage="1" lat="1">
<core>LogicGate</core>
<MemPortIdVec></MemPortIdVec>
<condition id="-1">
<or_exp><and_exp></and_exp></or_exp>
</condition>

<Node id="56" bw="8" op_0_bw="8" op_1_bw="8">
<![CDATA[
:12  %xor_ln138_2 = xor i8 %xor_ln138_1, %xor_ln138

]]></Node>
<StgValue><ssdm name="xor_ln138_2"/></StgValue>
</operation>

<operation id="65" st_id="4" stage="1" lat="1">
<core>RAM</core>
<MemPortIdVec></MemPortIdVec>
<condition id="-1">
<or_exp><and_exp></and_exp></or_exp>
</condition>

<Node id="57" bw="0" op_0_bw="8" op_1_bw="4">
<![CDATA[
:13  store i8 %xor_ln138_2, i8* %r_addr, align 1

]]></Node>
<StgValue><ssdm name="store_ln138"/></StgValue>
</operation>

<operation id="66" st_id="4" stage="1" lat="2">
<core>ROM_nP</core>
<MemPortIdVec></MemPortIdVec>
<condition id="-1">
<or_exp><and_exp></and_exp></or_exp>
</condition>

<Node id="59" bw="8" op_0_bw="8">
<![CDATA[
:15  %mx2_load_1 = load i8* %mx2_addr_1, align 1

]]></Node>
<StgValue><ssdm name="mx2_load_1"/></StgValue>
</operation>

<operation id="67" st_id="4" stage="1" lat="2">
<core>ROM_nP</core>
<MemPortIdVec></MemPortIdVec>
<condition id="-1">
<or_exp><and_exp></and_exp></or_exp>
</condition>

<Node id="62" bw="8" op_0_bw="8">
<![CDATA[
:18  %mx3_load_1 = load i8* %mx3_addr_1, align 1

]]></Node>
<StgValue><ssdm name="mx3_load_1"/></StgValue>
</operation>

<operation id="68" st_id="4" stage="1" lat="1">
<core>LogicGate</core>
<MemPortIdVec></MemPortIdVec>
<condition id="-1">
<or_exp><and_exp></and_exp></or_exp>
</condition>

<Node id="63" bw="8" op_0_bw="8" op_1_bw="8">
<![CDATA[
:19  %xor_ln139 = xor i8 %mx2_load_1, %mx3_load_1

]]></Node>
<StgValue><ssdm name="xor_ln139"/></StgValue>
</operation>

<operation id="69" st_id="4" stage="1" lat="1">
<core>LogicGate</core>
<MemPortIdVec></MemPortIdVec>
<condition id="-1">
<or_exp><and_exp></and_exp></or_exp>
</condition>

<Node id="64" bw="8" op_0_bw="8" op_1_bw="8">
<![CDATA[
:20  %xor_ln139_1 = xor i8 %t_3_3_load, %t_3_load

]]></Node>
<StgValue><ssdm name="xor_ln139_1"/></StgValue>
</operation>

<operation id="70" st_id="4" stage="1" lat="1">
<core>LogicGate</core>
<MemPortIdVec></MemPortIdVec>
<condition id="-1">
<or_exp><and_exp></and_exp></or_exp>
</condition>

<Node id="65" bw="8" op_0_bw="8" op_1_bw="8">
<![CDATA[
:21  %xor_ln139_2 = xor i8 %xor_ln139_1, %xor_ln139

]]></Node>
<StgValue><ssdm name="xor_ln139_2"/></StgValue>
</operation>

<operation id="71" st_id="4" stage="1" lat="1">
<core>AddSub</core>
<MemPortIdVec></MemPortIdVec>
<condition id="-1">
<or_exp><and_exp></and_exp></or_exp>
</condition>

<Node id="66" bw="5" op_0_bw="5" op_1_bw="5">
<![CDATA[
:22  %add_ln139 = add i5 %r_offset_read, 1

]]></Node>
<StgValue><ssdm name="add_ln139"/></StgValue>
</operation>

<operation id="72" st_id="4" stage="1" lat="1">
<core>NULL</core>
<MemPortIdVec></MemPortIdVec>
<condition id="-1">
<or_exp><and_exp></and_exp></or_exp>
</condition>

<Node id="67" bw="64" op_0_bw="5">
<![CDATA[
:23  %zext_ln139_1 = zext i5 %add_ln139 to i64

]]></Node>
<StgValue><ssdm name="zext_ln139_1"/></StgValue>
</operation>

<operation id="73" st_id="4" stage="1" lat="1">
<core>NULL</core>
<MemPortIdVec></MemPortIdVec>
<condition id="-1">
<or_exp><and_exp></and_exp></or_exp>
</condition>

<Node id="68" bw="4" op_0_bw="8" op_1_bw="64" op_2_bw="64">
<![CDATA[
:24  %r_addr_1 = getelementptr [16 x i8]* %r, i64 0, i64 %zext_ln139_1

]]></Node>
<StgValue><ssdm name="r_addr_1"/></StgValue>
</operation>

<operation id="74" st_id="4" stage="1" lat="1">
<core>RAM</core>
<MemPortIdVec></MemPortIdVec>
<condition id="-1">
<or_exp><and_exp></and_exp></or_exp>
</condition>

<Node id="69" bw="0" op_0_bw="8" op_1_bw="4">
<![CDATA[
:25  store i8 %xor_ln139_2, i8* %r_addr_1, align 1

]]></Node>
<StgValue><ssdm name="store_ln139"/></StgValue>
</operation>

<operation id="75" st_id="4" stage="1" lat="2">
<core>ROM_nP</core>
<MemPortIdVec></MemPortIdVec>
<condition id="-1">
<or_exp><and_exp></and_exp></or_exp>
</condition>

<Node id="71" bw="8" op_0_bw="8">
<![CDATA[
:27  %mx2_load_2 = load i8* %mx2_addr_2, align 1

]]></Node>
<StgValue><ssdm name="mx2_load_2"/></StgValue>
</operation>

<operation id="76" st_id="4" stage="1" lat="2">
<core>ROM_nP</core>
<MemPortIdVec></MemPortIdVec>
<condition id="-1">
<or_exp><and_exp></and_exp></or_exp>
</condition>

<Node id="74" bw="8" op_0_bw="8">
<![CDATA[
:30  %mx3_load_2 = load i8* %mx3_addr_2, align 1

]]></Node>
<StgValue><ssdm name="mx3_load_2"/></StgValue>
</operation>

<operation id="77" st_id="4" stage="1" lat="1">
<core>LogicGate</core>
<MemPortIdVec></MemPortIdVec>
<condition id="-1">
<or_exp><and_exp></and_exp></or_exp>
</condition>

<Node id="75" bw="8" op_0_bw="8" op_1_bw="8">
<![CDATA[
:31  %xor_ln140 = xor i8 %mx2_load_2, %mx3_load_2

]]></Node>
<StgValue><ssdm name="xor_ln140"/></StgValue>
</operation>

<operation id="78" st_id="4" stage="1" lat="1">
<core>LogicGate</core>
<MemPortIdVec></MemPortIdVec>
<condition id="-1">
<or_exp><and_exp></and_exp></or_exp>
</condition>

<Node id="76" bw="8" op_0_bw="8" op_1_bw="8">
<![CDATA[
:32  %xor_ln140_1 = xor i8 %t_3_1_load, %t_3_load

]]></Node>
<StgValue><ssdm name="xor_ln140_1"/></StgValue>
</operation>

<operation id="79" st_id="4" stage="1" lat="1">
<core>LogicGate</core>
<MemPortIdVec></MemPortIdVec>
<condition id="-1">
<or_exp><and_exp></and_exp></or_exp>
</condition>

<Node id="77" bw="8" op_0_bw="8" op_1_bw="8">
<![CDATA[
:33  %xor_ln140_2 = xor i8 %xor_ln140_1, %xor_ln140

]]></Node>
<StgValue><ssdm name="xor_ln140_2"/></StgValue>
</operation>

<operation id="80" st_id="4" stage="1" lat="2">
<core>ROM_nP</core>
<MemPortIdVec></MemPortIdVec>
<condition id="-1">
<or_exp><and_exp></and_exp></or_exp>
</condition>

<Node id="83" bw="8" op_0_bw="8">
<![CDATA[
:39  %mx3_load_3 = load i8* %mx3_addr_3, align 1

]]></Node>
<StgValue><ssdm name="mx3_load_3"/></StgValue>
</operation>

<operation id="81" st_id="4" stage="1" lat="2">
<core>ROM_nP</core>
<MemPortIdVec></MemPortIdVec>
<condition id="-1">
<or_exp><and_exp></and_exp></or_exp>
</condition>

<Node id="85" bw="8" op_0_bw="8">
<![CDATA[
:41  %mx2_load_3 = load i8* %mx2_addr_3, align 1

]]></Node>
<StgValue><ssdm name="mx2_load_3"/></StgValue>
</operation>

<operation id="82" st_id="4" stage="1" lat="1">
<core>LogicGate</core>
<MemPortIdVec></MemPortIdVec>
<condition id="-1">
<or_exp><and_exp></and_exp></or_exp>
</condition>

<Node id="86" bw="8" op_0_bw="8" op_1_bw="8">
<![CDATA[
:42  %xor_ln141 = xor i8 %mx3_load_3, %mx2_load_3

]]></Node>
<StgValue><ssdm name="xor_ln141"/></StgValue>
</operation>

<operation id="83" st_id="4" stage="1" lat="1">
<core>LogicGate</core>
<MemPortIdVec></MemPortIdVec>
<condition id="-1">
<or_exp><and_exp></and_exp></or_exp>
</condition>

<Node id="87" bw="8" op_0_bw="8" op_1_bw="8">
<![CDATA[
:43  %xor_ln141_1 = xor i8 %t_3_2_load, %t_3_1_load

]]></Node>
<StgValue><ssdm name="xor_ln141_1"/></StgValue>
</operation>

<operation id="84" st_id="4" stage="1" lat="1">
<core>LogicGate</core>
<MemPortIdVec></MemPortIdVec>
<condition id="-1">
<or_exp><and_exp></and_exp></or_exp>
</condition>

<Node id="88" bw="8" op_0_bw="8" op_1_bw="8">
<![CDATA[
:44  %xor_ln141_2 = xor i8 %xor_ln141_1, %xor_ln141

]]></Node>
<StgValue><ssdm name="xor_ln141_2"/></StgValue>
</operation>
</state>

<state id="5" st_id="5">

<operation id="85" st_id="5" stage="1" lat="1">
<core>AddSub</core>
<MemPortIdVec></MemPortIdVec>
<condition id="-1">
<or_exp><and_exp></and_exp></or_exp>
</condition>

<Node id="78" bw="5" op_0_bw="5" op_1_bw="5">
<![CDATA[
:34  %add_ln140 = add i5 %r_offset_read, 2

]]></Node>
<StgValue><ssdm name="add_ln140"/></StgValue>
</operation>

<operation id="86" st_id="5" stage="1" lat="1">
<core>NULL</core>
<MemPortIdVec></MemPortIdVec>
<condition id="-1">
<or_exp><and_exp></and_exp></or_exp>
</condition>

<Node id="79" bw="64" op_0_bw="5">
<![CDATA[
:35  %zext_ln140_1 = zext i5 %add_ln140 to i64

]]></Node>
<StgValue><ssdm name="zext_ln140_1"/></StgValue>
</operation>

<operation id="87" st_id="5" stage="1" lat="1">
<core>NULL</core>
<MemPortIdVec></MemPortIdVec>
<condition id="-1">
<or_exp><and_exp></and_exp></or_exp>
</condition>

<Node id="80" bw="4" op_0_bw="8" op_1_bw="64" op_2_bw="64">
<![CDATA[
:36  %r_addr_2 = getelementptr [16 x i8]* %r, i64 0, i64 %zext_ln140_1

]]></Node>
<StgValue><ssdm name="r_addr_2"/></StgValue>
</operation>

<operation id="88" st_id="5" stage="1" lat="1">
<core>RAM</core>
<MemPortIdVec></MemPortIdVec>
<condition id="-1">
<or_exp><and_exp></and_exp></or_exp>
</condition>

<Node id="81" bw="0" op_0_bw="8" op_1_bw="4">
<![CDATA[
:37  store i8 %xor_ln140_2, i8* %r_addr_2, align 1

]]></Node>
<StgValue><ssdm name="store_ln140"/></StgValue>
</operation>

<operation id="89" st_id="5" stage="1" lat="1">
<core>AddSub</core>
<MemPortIdVec></MemPortIdVec>
<condition id="-1">
<or_exp><and_exp></and_exp></or_exp>
</condition>

<Node id="89" bw="5" op_0_bw="5" op_1_bw="5">
<![CDATA[
:45  %add_ln141 = add i5 %r_offset_read, 3

]]></Node>
<StgValue><ssdm name="add_ln141"/></StgValue>
</operation>

<operation id="90" st_id="5" stage="1" lat="1">
<core>NULL</core>
<MemPortIdVec></MemPortIdVec>
<condition id="-1">
<or_exp><and_exp></and_exp></or_exp>
</condition>

<Node id="90" bw="64" op_0_bw="5">
<![CDATA[
:46  %zext_ln141 = zext i5 %add_ln141 to i64

]]></Node>
<StgValue><ssdm name="zext_ln141"/></StgValue>
</operation>

<operation id="91" st_id="5" stage="1" lat="1">
<core>NULL</core>
<MemPortIdVec></MemPortIdVec>
<condition id="-1">
<or_exp><and_exp></and_exp></or_exp>
</condition>

<Node id="91" bw="4" op_0_bw="8" op_1_bw="64" op_2_bw="64">
<![CDATA[
:47  %r_addr_3 = getelementptr [16 x i8]* %r, i64 0, i64 %zext_ln141

]]></Node>
<StgValue><ssdm name="r_addr_3"/></StgValue>
</operation>

<operation id="92" st_id="5" stage="1" lat="1">
<core>RAM</core>
<MemPortIdVec></MemPortIdVec>
<condition id="-1">
<or_exp><and_exp></and_exp></or_exp>
</condition>

<Node id="92" bw="0" op_0_bw="8" op_1_bw="4">
<![CDATA[
:48  store i8 %xor_ln141_2, i8* %r_addr_3, align 1

]]></Node>
<StgValue><ssdm name="store_ln141"/></StgValue>
</operation>

<operation id="93" st_id="5" stage="1" lat="1">
<core>NULL</core>
<MemPortIdVec></MemPortIdVec>
<condition id="-1">
<or_exp><and_exp></and_exp></or_exp>
</condition>

<Node id="93" bw="0">
<![CDATA[
:49  ret void

]]></Node>
<StgValue><ssdm name="ret_ln142"/></StgValue>
</operation>
</state>
</state_list>


<ports>
</ports>


<dataflows>
</dataflows>


</stg>
