<stg><name>mixColViaLUT</name>


<trans_list>

<trans id="94" from="1" to="2">
<condition id="-1">
<or_exp><and_exp></and_exp></or_exp>
</condition>
</trans>

<trans id="95" from="2" to="3">
<condition id="-1">
<or_exp><and_exp><literal name="icmp_ln135" val="0"/>
</and_exp></or_exp>
</condition>
</trans>

<trans id="96" from="2" to="4">
<condition id="-1">
<or_exp><and_exp><literal name="icmp_ln135" val="1"/>
</and_exp></or_exp>
</condition>
</trans>

<trans id="98" from="3" to="2">
<condition id="-1">
<or_exp><and_exp></and_exp></or_exp>
</condition>
</trans>

<trans id="100" from="4" to="5">
<condition id="-1">
<or_exp><and_exp></and_exp></or_exp>
</condition>
</trans>
</trans_list>



<state_list>

<state id="1" st_id="1">

<operation id="6" st_id="1" stage="1" lat="1">
<core>NULL</core>
<MemPortIdVec></MemPortIdVec>
<condition id="-1">
<or_exp><and_exp></and_exp></or_exp>
</condition>

<Node id="7" bw="8" op_0_bw="32">
<![CDATA[
:0  %t_3 = alloca i8

]]></Node>
<StgValue><ssdm name="t_3"/></StgValue>
</operation>

<operation id="7" st_id="1" stage="1" lat="1">
<core>NULL</core>
<MemPortIdVec></MemPortIdVec>
<condition id="-1">
<or_exp><and_exp></and_exp></or_exp>
</condition>

<Node id="8" bw="8" op_0_bw="32">
<![CDATA[
:1  %t_3_1 = alloca i8

]]></Node>
<StgValue><ssdm name="t_3_1"/></StgValue>
</operation>

<operation id="8" st_id="1" stage="1" lat="1">
<core>NULL</core>
<MemPortIdVec></MemPortIdVec>
<condition id="-1">
<or_exp><and_exp></and_exp></or_exp>
</condition>

<Node id="9" bw="8" op_0_bw="32">
<![CDATA[
:2  %t_3_2 = alloca i8

]]></Node>
<StgValue><ssdm name="t_3_2"/></StgValue>
</operation>

<operation id="9" st_id="1" stage="1" lat="1">
<core>NULL</core>
<MemPortIdVec></MemPortIdVec>
<condition id="-1">
<or_exp><and_exp></and_exp></or_exp>
</condition>

<Node id="10" bw="8" op_0_bw="32">
<![CDATA[
:3  %t_3_3 = alloca i8

]]></Node>
<StgValue><ssdm name="t_3_3"/></StgValue>
</operation>

<operation id="10" st_id="1" stage="1" lat="1">
<core>NULL</core>
<MemPortIdVec></MemPortIdVec>
<condition id="-1">
<or_exp><and_exp></and_exp></or_exp>
</condition>

<Node id="11" bw="5" op_0_bw="5" op_1_bw="5">
<![CDATA[
:4  %r_offset_read = call i5 @_ssdm_op_Read.ap_auto.i5(i5 %r_offset)

]]></Node>
<StgValue><ssdm name="r_offset_read"/></StgValue>
</operation>

<operation id="11" st_id="1" stage="1" lat="1">
<core>NULL</core>
<MemPortIdVec></MemPortIdVec>
<condition id="-1">
<or_exp><and_exp></and_exp></or_exp>
</condition>

<Node id="12" bw="64" op_0_bw="5">
<![CDATA[
:5  %r_offset_cast1 = zext i5 %r_offset_read to i64

]]></Node>
<StgValue><ssdm name="r_offset_cast1"/></StgValue>
</operation>

<operation id="12" st_id="1" stage="1" lat="1">
<core>NULL</core>
<MemPortIdVec></MemPortIdVec>
<condition id="-1">
<or_exp><and_exp></and_exp></or_exp>
</condition>

<Node id="13" bw="4" op_0_bw="8" op_1_bw="64" op_2_bw="64">
<![CDATA[
:6  %r_addr = getelementptr [16 x i8]* %r, i64 0, i64 %r_offset_cast1

]]></Node>
<StgValue><ssdm name="r_addr"/></StgValue>
</operation>

<operation id="13" st_id="1" stage="1" lat="1">
<core>NULL</core>
<MemPortIdVec></MemPortIdVec>
<condition id="-1">
<or_exp><and_exp></and_exp></or_exp>
</condition>

<Node id="14" bw="0" op_0_bw="0">
<![CDATA[
:7  br label %branch0

]]></Node>
<StgValue><ssdm name="br_ln135"/></StgValue>
</operation>
</state>

<state id="2" st_id="2">

<operation id="14" st_id="2" stage="1" lat="1">
<core>NULL</core>
<MemPortIdVec></MemPortIdVec>
<condition id="-1">
<or_exp><and_exp></and_exp></or_exp>
</condition>

<Node id="16" bw="3" op_0_bw="3" op_1_bw="0" op_2_bw="3" op_3_bw="0">
<![CDATA[
branch0:0  %i_0 = phi i3 [ 0, %0 ], [ %i, %branch0.backedge ]

]]></Node>
<StgValue><ssdm name="i_0"/></StgValue>
</operation>

<operation id="15" st_id="2" stage="1" lat="1">
<core>Cmp</core>
<MemPortIdVec></MemPortIdVec>
<condition id="-1">
<or_exp><and_exp></and_exp></or_exp>
</condition>

<Node id="17" bw="1" op_0_bw="3" op_1_bw="3">
<![CDATA[
branch0:1  %icmp_ln135 = icmp eq i3 %i_0, -4

]]></Node>
<StgValue><ssdm name="icmp_ln135"/></StgValue>
</operation>

<operation id="16" st_id="2" stage="1" lat="1">
<core>NULL</core>
<MemPortIdVec></MemPortIdVec>
<condition id="-1">
<or_exp><and_exp></and_exp></or_exp>
</condition>

<Node id="18" bw="32" op_0_bw="32" op_1_bw="64" op_2_bw="64" op_3_bw="64">
<![CDATA[
branch0:2  %empty = call i32 (...)* @_ssdm_op_SpecLoopTripCount(i64 4, i64 4, i64 4)

]]></Node>
<StgValue><ssdm name="empty"/></StgValue>
</operation>

<operation id="17" st_id="2" stage="1" lat="1">
<core>AddSub</core>
<MemPortIdVec></MemPortIdVec>
<condition id="-1">
<or_exp><and_exp></and_exp></or_exp>
</condition>

<Node id="19" bw="3" op_0_bw="3" op_1_bw="3">
<![CDATA[
branch0:3  %i = add i3 %i_0, 1

]]></Node>
<StgValue><ssdm name="i"/></StgValue>
</operation>

<operation id="18" st_id="2" stage="1" lat="1">
<core>NULL</core>
<MemPortIdVec></MemPortIdVec>
<condition id="-1">
<or_exp><and_exp></and_exp></or_exp>
</condition>

<Node id="20" bw="0" op_0_bw="1" op_1_bw="0" op_2_bw="0">
<![CDATA[
branch0:4  br i1 %icmp_ln135, label %2, label %1

]]></Node>
<StgValue><ssdm name="br_ln135"/></StgValue>
</operation>

<operation id="19" st_id="2" stage="1" lat="1">
<core>NULL</core>
<MemPortIdVec></MemPortIdVec>
<condition id="-1">
<or_exp><and_exp><literal name="icmp_ln135" val="0"/>
</and_exp></or_exp>
</condition>

<Node id="22" bw="5" op_0_bw="3">
<![CDATA[
:0  %zext_ln136 = zext i3 %i_0 to i5

]]></Node>
<StgValue><ssdm name="zext_ln136"/></StgValue>
</operation>

<operation id="20" st_id="2" stage="1" lat="1">
<core>AddSub</core>
<MemPortIdVec></MemPortIdVec>
<condition id="-1">
<or_exp><and_exp><literal name="icmp_ln135" val="0"/>
</and_exp></or_exp>
</condition>

<Node id="23" bw="5" op_0_bw="5" op_1_bw="5">
<![CDATA[
:1  %add_ln136 = add i5 %r_offset_read, %zext_ln136

]]></Node>
<StgValue><ssdm name="add_ln136"/></StgValue>
</operation>

<operation id="21" st_id="2" stage="1" lat="1">
<core>NULL</core>
<MemPortIdVec></MemPortIdVec>
<condition id="-1">
<or_exp><and_exp><literal name="icmp_ln135" val="0"/>
</and_exp></or_exp>
</condition>

<Node id="24" bw="64" op_0_bw="5">
<![CDATA[
:2  %zext_ln136_1 = zext i5 %add_ln136 to i64

]]></Node>
<StgValue><ssdm name="zext_ln136_1"/></StgValue>
</operation>

<operation id="22" st_id="2" stage="1" lat="1">
<core>NULL</core>
<MemPortIdVec></MemPortIdVec>
<condition id="-1">
<or_exp><and_exp><literal name="icmp_ln135" val="0"/>
</and_exp></or_exp>
</condition>

<Node id="25" bw="4" op_0_bw="8" op_1_bw="64" op_2_bw="64">
<![CDATA[
:3  %r_addr_4 = getelementptr [16 x i8]* %r, i64 0, i64 %zext_ln136_1

]]></Node>
<StgValue><ssdm name="r_addr_4"/></StgValue>
</operation>

<operation id="23" st_id="2" stage="2" lat="2">
<core>RAM</core>
<MemPortIdVec>0 </MemPortIdVec>
<condition id="-1">
<or_exp><and_exp><literal name="icmp_ln135" val="0"/>
</and_exp></or_exp>
</condition>

<Node id="26" bw="8" op_0_bw="4">
<![CDATA[
:4  %t_0 = load i8* %r_addr_4, align 1

]]></Node>
<StgValue><ssdm name="t_0"/></StgValue>
</operation>

<operation id="24" st_id="2" stage="1" lat="1">
<core>NULL</core>
<MemPortIdVec></MemPortIdVec>
<condition id="-1">
<or_exp><and_exp><literal name="icmp_ln135" val="0"/>
</and_exp></or_exp>
</condition>

<Node id="27" bw="2" op_0_bw="3">
<![CDATA[
:5  %trunc_ln136 = trunc i3 %i_0 to i2

]]></Node>
<StgValue><ssdm name="trunc_ln136"/></StgValue>
</operation>

<operation id="25" st_id="2" stage="1" lat="1">
<core>NULL</core>
<MemPortIdVec></MemPortIdVec>
<condition id="-1">
<or_exp><and_exp><literal name="icmp_ln135" val="1"/>
</and_exp></or_exp>
</condition>

<Node id="44" bw="8" op_0_bw="8">
<![CDATA[
:0  %t_3_load = load i8* %t_3

]]></Node>
<StgValue><ssdm name="t_3_load"/></StgValue>
</operation>

<operation id="26" st_id="2" stage="1" lat="1">
<core>NULL</core>
<MemPortIdVec></MemPortIdVec>
<condition id="-1">
<or_exp><and_exp><literal name="icmp_ln135" val="1"/>
</and_exp></or_exp>
</condition>

<Node id="45" bw="8" op_0_bw="8">
<![CDATA[
:1  %t_3_1_load = load i8* %t_3_1

]]></Node>
<StgValue><ssdm name="t_3_1_load"/></StgValue>
</operation>

<operation id="27" st_id="2" stage="1" lat="1">
<core>NULL</core>
<MemPortIdVec></MemPortIdVec>
<condition id="-1">
<or_exp><and_exp><literal name="icmp_ln135" val="1"/>
</and_exp></or_exp>
</condition>

<Node id="46" bw="8" op_0_bw="8">
<![CDATA[
:2  %t_3_2_load = load i8* %t_3_2

]]></Node>
<StgValue><ssdm name="t_3_2_load"/></StgValue>
</operation>

<operation id="28" st_id="2" stage="1" lat="1">
<core>NULL</core>
<MemPortIdVec></MemPortIdVec>
<condition id="-1">
<or_exp><and_exp><literal name="icmp_ln135" val="1"/>
</and_exp></or_exp>
</condition>

<Node id="47" bw="8" op_0_bw="8">
<![CDATA[
:3  %t_3_3_load = load i8* %t_3_3

]]></Node>
<StgValue><ssdm name="t_3_3_load"/></StgValue>
</operation>

<operation id="29" st_id="2" stage="1" lat="1">
<core>NULL</core>
<MemPortIdVec></MemPortIdVec>
<condition id="-1">
<or_exp><and_exp><literal name="icmp_ln135" val="1"/>
</and_exp></or_exp>
</condition>

<Node id="48" bw="64" op_0_bw="8">
<![CDATA[
:4  %zext_ln138 = zext i8 %t_3_load to i64

]]></Node>
<StgValue><ssdm name="zext_ln138"/></StgValue>
</operation>

<operation id="30" st_id="2" stage="1" lat="1">
<core>NULL</core>
<MemPortIdVec></MemPortIdVec>
<condition id="-1">
<or_exp><and_exp><literal name="icmp_ln135" val="1"/>
</and_exp></or_exp>
</condition>

<Node id="49" bw="8" op_0_bw="8" op_1_bw="64" op_2_bw="64">
<![CDATA[
:5  %mx2_addr = getelementptr inbounds [256 x i8]* @mx2, i64 0, i64 %zext_ln138

]]></Node>
<StgValue><ssdm name="mx2_addr"/></StgValue>
</operation>

<operation id="31" st_id="2" stage="2" lat="2">
<core>ROM_nP</core>
<MemPortIdVec>0 </MemPortIdVec>
<condition id="-1">
<or_exp><and_exp><literal name="icmp_ln135" val="1"/>
</and_exp></or_exp>
</condition>

<Node id="50" bw="8" op_0_bw="8">
<![CDATA[
:6  %mx2_load = load i8* %mx2_addr, align 1

]]></Node>
<StgValue><ssdm name="mx2_load"/></StgValue>
</operation>

<operation id="32" st_id="2" stage="1" lat="1">
<core>NULL</core>
<MemPortIdVec></MemPortIdVec>
<condition id="-1">
<or_exp><and_exp><literal name="icmp_ln135" val="1"/>
</and_exp></or_exp>
</condition>

<Node id="51" bw="64" op_0_bw="8">
<![CDATA[
:7  %zext_ln138_1 = zext i8 %t_3_1_load to i64

]]></Node>
<StgValue><ssdm name="zext_ln138_1"/></StgValue>
</operation>

<operation id="33" st_id="2" stage="1" lat="1">
<core>NULL</core>
<MemPortIdVec></MemPortIdVec>
<condition id="-1">
<or_exp><and_exp><literal name="icmp_ln135" val="1"/>
</and_exp></or_exp>
</condition>

<Node id="52" bw="8" op_0_bw="8" op_1_bw="64" op_2_bw="64">
<![CDATA[
:8  %mx3_addr = getelementptr inbounds [256 x i8]* @mx3, i64 0, i64 %zext_ln138_1

]]></Node>
<StgValue><ssdm name="mx3_addr"/></StgValue>
</operation>

<operation id="34" st_id="2" stage="2" lat="2">
<core>ROM_nP</core>
<MemPortIdVec>0 </MemPortIdVec>
<condition id="-1">
<or_exp><and_exp><literal name="icmp_ln135" val="1"/>
</and_exp></or_exp>
</condition>

<Node id="53" bw="8" op_0_bw="8">
<![CDATA[
:9  %mx3_load = load i8* %mx3_addr, align 1

]]></Node>
<StgValue><ssdm name="mx3_load"/></StgValue>
</operation>

<operation id="35" st_id="2" stage="1" lat="1">
<core>NULL</core>
<MemPortIdVec></MemPortIdVec>
<condition id="-1">
<or_exp><and_exp><literal name="icmp_ln135" val="1"/>
</and_exp></or_exp>
</condition>

<Node id="58" bw="8" op_0_bw="8" op_1_bw="64" op_2_bw="64">
<![CDATA[
:14  %mx2_addr_1 = getelementptr inbounds [256 x i8]* @mx2, i64 0, i64 %zext_ln138_1

]]></Node>
<StgValue><ssdm name="mx2_addr_1"/></StgValue>
</operation>

<operation id="36" st_id="2" stage="2" lat="2">
<core>ROM_nP</core>
<MemPortIdVec>1 </MemPortIdVec>
<condition id="-1">
<or_exp><and_exp><literal name="icmp_ln135" val="1"/>
</and_exp></or_exp>
</condition>

<Node id="59" bw="8" op_0_bw="8">
<![CDATA[
:15  %mx2_load_1 = load i8* %mx2_addr_1, align 1

]]></Node>
<StgValue><ssdm name="mx2_load_1"/></StgValue>
</operation>

<operation id="37" st_id="2" stage="1" lat="1">
<core>NULL</core>
<MemPortIdVec></MemPortIdVec>
<condition id="-1">
<or_exp><and_exp><literal name="icmp_ln135" val="1"/>
</and_exp></or_exp>
</condition>

<Node id="60" bw="64" op_0_bw="8">
<![CDATA[
:16  %zext_ln139 = zext i8 %t_3_2_load to i64

]]></Node>
<StgValue><ssdm name="zext_ln139"/></StgValue>
</operation>

<operation id="38" st_id="2" stage="1" lat="1">
<core>NULL</core>
<MemPortIdVec></MemPortIdVec>
<condition id="-1">
<or_exp><and_exp><literal name="icmp_ln135" val="1"/>
</and_exp></or_exp>
</condition>

<Node id="61" bw="8" op_0_bw="8" op_1_bw="64" op_2_bw="64">
<![CDATA[
:17  %mx3_addr_1 = getelementptr inbounds [256 x i8]* @mx3, i64 0, i64 %zext_ln139

]]></Node>
<StgValue><ssdm name="mx3_addr_1"/></StgValue>
</operation>

<operation id="39" st_id="2" stage="2" lat="2">
<core>ROM_nP</core>
<MemPortIdVec>1 </MemPortIdVec>
<condition id="-1">
<or_exp><and_exp><literal name="icmp_ln135" val="1"/>
</and_exp></or_exp>
</condition>

<Node id="62" bw="8" op_0_bw="8">
<![CDATA[
:18  %mx3_load_1 = load i8* %mx3_addr_1, align 1

]]></Node>
<StgValue><ssdm name="mx3_load_1"/></StgValue>
</operation>

<operation id="40" st_id="2" stage="1" lat="1">
<core>NULL</core>
<MemPortIdVec></MemPortIdVec>
<condition id="-1">
<or_exp><and_exp><literal name="icmp_ln135" val="1"/>
</and_exp></or_exp>
</condition>

<Node id="70" bw="8" op_0_bw="8" op_1_bw="64" op_2_bw="64">
<![CDATA[
:26  %mx2_addr_2 = getelementptr inbounds [256 x i8]* @mx2, i64 0, i64 %zext_ln139

]]></Node>
<StgValue><ssdm name="mx2_addr_2"/></StgValue>
</operation>

<operation id="41" st_id="2" stage="2" lat="2">
<core>ROM_nP</core>
<MemPortIdVec>2 </MemPortIdVec>
<condition id="-1">
<or_exp><and_exp><literal name="icmp_ln135" val="1"/>
</and_exp></or_exp>
</condition>

<Node id="71" bw="8" op_0_bw="8">
<![CDATA[
:27  %mx2_load_2 = load i8* %mx2_addr_2, align 1

]]></Node>
<StgValue><ssdm name="mx2_load_2"/></StgValue>
</operation>

<operation id="42" st_id="2" stage="1" lat="1">
<core>NULL</core>
<MemPortIdVec></MemPortIdVec>
<condition id="-1">
<or_exp><and_exp><literal name="icmp_ln135" val="1"/>
</and_exp></or_exp>
</condition>

<Node id="72" bw="64" op_0_bw="8">
<![CDATA[
:28  %zext_ln140 = zext i8 %t_3_3_load to i64

]]></Node>
<StgValue><ssdm name="zext_ln140"/></StgValue>
</operation>

<operation id="43" st_id="2" stage="1" lat="1">
<core>NULL</core>
<MemPortIdVec></MemPortIdVec>
<condition id="-1">
<or_exp><and_exp><literal name="icmp_ln135" val="1"/>
</and_exp></or_exp>
</condition>

<Node id="73" bw="8" op_0_bw="8" op_1_bw="64" op_2_bw="64">
<![CDATA[
:29  %mx3_addr_2 = getelementptr inbounds [256 x i8]* @mx3, i64 0, i64 %zext_ln140

]]></Node>
<StgValue><ssdm name="mx3_addr_2"/></StgValue>
</operation>

<operation id="44" st_id="2" stage="2" lat="2">
<core>ROM_nP</core>
<MemPortIdVec>2 </MemPortIdVec>
<condition id="-1">
<or_exp><and_exp><literal name="icmp_ln135" val="1"/>
</and_exp></or_exp>
</condition>

<Node id="74" bw="8" op_0_bw="8">
<![CDATA[
:30  %mx3_load_2 = load i8* %mx3_addr_2, align 1

]]></Node>
<StgValue><ssdm name="mx3_load_2"/></StgValue>
</operation>

<operation id="45" st_id="2" stage="1" lat="1">
<core>NULL</core>
<MemPortIdVec></MemPortIdVec>
<condition id="-1">
<or_exp><and_exp><literal name="icmp_ln135" val="1"/>
</and_exp></or_exp>
</condition>

<Node id="82" bw="8" op_0_bw="8" op_1_bw="64" op_2_bw="64">
<![CDATA[
:38  %mx3_addr_3 = getelementptr inbounds [256 x i8]* @mx3, i64 0, i64 %zext_ln138

]]></Node>
<StgValue><ssdm name="mx3_addr_3"/></StgValue>
</operation>

<operation id="46" st_id="2" stage="2" lat="2">
<core>ROM_nP</core>
<MemPortIdVec>3 </MemPortIdVec>
<condition id="-1">
<or_exp><and_exp><literal name="icmp_ln135" val="1"/>
</and_exp></or_exp>
</condition>

<Node id="83" bw="8" op_0_bw="8">
<![CDATA[
:39  %mx3_load_3 = load i8* %mx3_addr_3, align 1

]]></Node>
<StgValue><ssdm name="mx3_load_3"/></StgValue>
</operation>

<operation id="47" st_id="2" stage="1" lat="1">
<core>NULL</core>
<MemPortIdVec></MemPortIdVec>
<condition id="-1">
<or_exp><and_exp><literal name="icmp_ln135" val="1"/>
</and_exp></or_exp>
</condition>

<Node id="84" bw="8" op_0_bw="8" op_1_bw="64" op_2_bw="64">
<![CDATA[
:40  %mx2_addr_3 = getelementptr inbounds [256 x i8]* @mx2, i64 0, i64 %zext_ln140

]]></Node>
<StgValue><ssdm name="mx2_addr_3"/></StgValue>
</operation>

<operation id="48" st_id="2" stage="2" lat="2">
<core>ROM_nP</core>
<MemPortIdVec>3 </MemPortIdVec>
<condition id="-1">
<or_exp><and_exp><literal name="icmp_ln135" val="1"/>
</and_exp></or_exp>
</condition>

<Node id="85" bw="8" op_0_bw="8">
<![CDATA[
:41  %mx2_load_3 = load i8* %mx2_addr_3, align 1

]]></Node>
<StgValue><ssdm name="mx2_load_3"/></StgValue>
</operation>
</state>

<state id="3" st_id="3">

<operation id="49" st_id="3" stage="1" lat="2">
<core>RAM</core>
<MemPortIdVec>0 </MemPortIdVec>
<condition id="-1">
<or_exp><and_exp></and_exp></or_exp>
</condition>

<Node id="26" bw="8" op_0_bw="4">
<![CDATA[
:4  %t_0 = load i8* %r_addr_4, align 1

]]></Node>
<StgValue><ssdm name="t_0"/></StgValue>
</operation>

<operation id="50" st_id="3" stage="1" lat="1">
<core>NULL</core>
<MemPortIdVec></MemPortIdVec>
<condition id="-1">
<or_exp><and_exp></and_exp></or_exp>
</condition>

<Node id="28" bw="0" op_0_bw="2" op_1_bw="0" op_2_bw="2" op_3_bw="0" op_4_bw="2" op_5_bw="0" op_6_bw="2" op_7_bw="0">
<![CDATA[
:6  switch i2 %trunc_ln136, label %branch3 [
    i2 0, label %.branch0.backedge_crit_edge
    i2 1, label %branch1
    i2 -2, label %branch2
  ]

]]></Node>
<StgValue><ssdm name="switch_ln136"/></StgValue>
</operation>

<operation id="51" st_id="3" stage="1" lat="1">
<core>NULL</core>
<MemPortIdVec></MemPortIdVec>
<condition id="-1">
<or_exp><and_exp><literal name="trunc_ln136" val="-2"/>
</and_exp></or_exp>
</condition>

<Node id="30" bw="0" op_0_bw="8" op_1_bw="8">
<![CDATA[
branch2:0  store i8 %t_0, i8* %t_3_2

]]></Node>
<StgValue><ssdm name="store_ln136"/></StgValue>
</operation>

<operation id="52" st_id="3" stage="1" lat="1">
<core>NULL</core>
<MemPortIdVec></MemPortIdVec>
<condition id="-1">
<or_exp><and_exp><literal name="trunc_ln136" val="-2"/>
</and_exp></or_exp>
</condition>

<Node id="31" bw="0" op_0_bw="0">
<![CDATA[
branch2:1  br label %branch0.backedge

]]></Node>
<StgValue><ssdm name="br_ln136"/></StgValue>
</operation>

<operation id="53" st_id="3" stage="1" lat="1">
<core>NULL</core>
<MemPortIdVec></MemPortIdVec>
<condition id="-1">
<or_exp><and_exp><literal name="trunc_ln136" val="1"/>
</and_exp></or_exp>
</condition>

<Node id="33" bw="0" op_0_bw="8" op_1_bw="8">
<![CDATA[
branch1:0  store i8 %t_0, i8* %t_3_1

]]></Node>
<StgValue><ssdm name="store_ln136"/></StgValue>
</operation>

<operation id="54" st_id="3" stage="1" lat="1">
<core>NULL</core>
<MemPortIdVec></MemPortIdVec>
<condition id="-1">
<or_exp><and_exp><literal name="trunc_ln136" val="1"/>
</and_exp></or_exp>
</condition>

<Node id="34" bw="0" op_0_bw="0">
<![CDATA[
branch1:1  br label %branch0.backedge

]]></Node>
<StgValue><ssdm name="br_ln136"/></StgValue>
</operation>

<operation id="55" st_id="3" stage="1" lat="1">
<core>NULL</core>
<MemPortIdVec></MemPortIdVec>
<condition id="-1">
<or_exp><and_exp><literal name="trunc_ln136" val="0"/>
</and_exp></or_exp>
</condition>

<Node id="36" bw="0" op_0_bw="8" op_1_bw="8">
<![CDATA[
.branch0.backedge_crit_edge:0  store i8 %t_0, i8* %t_3

]]></Node>
<StgValue><ssdm name="store_ln136"/></StgValue>
</operation>

<operation id="56" st_id="3" stage="1" lat="1">
<core>NULL</core>
<MemPortIdVec></MemPortIdVec>
<condition id="-1">
<or_exp><and_exp><literal name="trunc_ln136" val="0"/>
</and_exp></or_exp>
</condition>

<Node id="37" bw="0" op_0_bw="0">
<![CDATA[
.branch0.backedge_crit_edge:1  br label %branch0.backedge

]]></Node>
<StgValue><ssdm name="br_ln136"/></StgValue>
</operation>

<operation id="57" st_id="3" stage="1" lat="1">
<core>NULL</core>
<MemPortIdVec></MemPortIdVec>
<condition id="-1">
<or_exp><and_exp><literal name="trunc_ln136" val="-1"/>
</and_exp></or_exp>
</condition>

<Node id="39" bw="0" op_0_bw="8" op_1_bw="8">
<![CDATA[
branch3:0  store i8 %t_0, i8* %t_3_3

]]></Node>
<StgValue><ssdm name="store_ln136"/></StgValue>
</operation>

<operation id="58" st_id="3" stage="1" lat="1">
<core>NULL</core>
<MemPortIdVec></MemPortIdVec>
<condition id="-1">
<or_exp><and_exp><literal name="trunc_ln136" val="-1"/>
</and_exp></or_exp>
</condition>

<Node id="40" bw="0" op_0_bw="0">
<![CDATA[
branch3:1  br label %branch0.backedge

]]></Node>
<StgValue><ssdm name="br_ln136"/></StgValue>
</operation>

<operation id="59" st_id="3" stage="1" lat="1">
<core>NULL</core>
<MemPortIdVec></MemPortIdVec>
<condition id="-1">
<or_exp><and_exp></and_exp></or_exp>
</condition>

<Node id="42" bw="0" op_0_bw="0">
<![CDATA[
branch0.backedge:0  br label %branch0

]]></Node>
<StgValue><ssdm name="br_ln0"/></StgValue>
</operation>
</state>

<state id="4" st_id="4">

<operation id="60" st_id="4" stage="1" lat="2">
<core>ROM_nP</core>
<MemPortIdVec>0 </MemPortIdVec>
<condition id="-1">
<or_exp><and_exp></and_exp></or_exp>
</condition>

<Node id="50" bw="8" op_0_bw="8">
<![CDATA[
:6  %mx2_load = load i8* %mx2_addr, align 1

]]></Node>
<StgValue><ssdm name="mx2_load"/></StgValue>
</operation>

<operation id="61" st_id="4" stage="1" lat="2">
<core>ROM_nP</core>
<MemPortIdVec>0 </MemPortIdVec>
<condition id="-1">
<or_exp><and_exp></and_exp></or_exp>
</condition>

<Node id="53" bw="8" op_0_bw="8">
<![CDATA[
:9  %mx3_load = load i8* %mx3_addr, align 1

]]></Node>
<StgValue><ssdm name="mx3_load"/></StgValue>
</operation>

<operation id="62" st_id="4" stage="1" lat="1">
<core>LogicGate</core>
<MemPortIdVec></MemPortIdVec>
<condition id="-1">
<or_exp><and_exp></and_exp></or_exp>
</condition>

<Node id="54" bw="8" op_0_bw="8" op_1_bw="8">
<![CDATA[
:10  %xor_ln138 = xor i8 %mx3_load, %mx2_load

]]></Node>
<StgValue><ssdm name="xor_ln138"/></StgValue>
</operation>

<operation id="63" st_id="4" stage="1" lat="1">
<core>LogicGate</core>
<MemPortIdVec></MemPortIdVec>
<condition id="-1">
<or_exp><and_exp></and_exp></or_exp>
</condition>

<Node id="55" bw="8" op_0_bw="8" op_1_bw="8">
<![CDATA[
:11  %xor_ln138_1 = xor i8 %t_3_2_load, %t_3_3_load

]]></Node>
<StgValue><ssdm name="xor_ln138_1"/></StgValue>
</operation>

<operation id="64" st_id="4" stage="1" lat="1">
<core>LogicGate</core>
<MemPortIdVec></MemPortIdVec>
<condition id="-1">
<or_exp><and_exp></and_exp></or_exp>
</condition>

<Node id="56" bw="8" op_0_bw="8" op_1_bw="8">
<![CDATA[
:12  %xor_ln138_2 = xor i8 %xor_ln138_1, %xor_ln138

]]></Node>
<StgValue><ssdm name="xor_ln138_2"/></StgValue>
</operation>

<operation id="65" st_id="4" stage="1" lat="1">
<core>RAM</core>
<MemPortIdVec>0 </MemPortIdVec>
<condition id="-1">
<or_exp><and_exp></and_exp></or_exp>
</condition>

<Node id="57" bw="0" op_0_bw="8" op_1_bw="4">
<![CDATA[
:13  store i8 %xor_ln138_2, i8* %r_addr, align 1

]]></Node>
<StgValue><ssdm name="store_ln138"/></StgValue>
</operation>

<operation id="66" st_id="4" stage="1" lat="2">
<core>ROM_nP</core>
<MemPortIdVec>1 </MemPortIdVec>
<condition id="-1">
<or_exp><and_exp></and_exp></or_exp>
</condition>

<Node id="59" bw="8" op_0_bw="8">
<![CDATA[
:15  %mx2_load_1 = load i8* %mx2_addr_1, align 1

]]></Node>
<StgValue><ssdm name="mx2_load_1"/></StgValue>
</operation>

<operation id="67" st_id="4" stage="1" lat="2">
<core>ROM_nP</core>
<MemPortIdVec>1 </MemPortIdVec>
<condition id="-1">
<or_exp><and_exp></and_exp></or_exp>
</condition>

<Node id="62" bw="8" op_0_bw="8">
<![CDATA[
:18  %mx3_load_1 = load i8* %mx3_addr_1, align 1

]]></Node>
<StgValue><ssdm name="mx3_load_1"/></StgValue>
</operation>

<operation id="68" st_id="4" stage="1" lat="1">
<core>LogicGate</core>
<MemPortIdVec></MemPortIdVec>
<condition id="-1">
<or_exp><and_exp></and_exp></or_exp>
</condition>

<Node id="63" bw="8" op_0_bw="8" op_1_bw="8">
<![CDATA[
:19  %xor_ln139 = xor i8 %mx2_load_1, %mx3_load_1

]]></Node>
<StgValue><ssdm name="xor_ln139"/></StgValue>
</operation>

<operation id="69" st_id="4" stage="1" lat="1">
<core>LogicGate</core>
<MemPortIdVec></MemPortIdVec>
<condition id="-1">
<or_exp><and_exp></and_exp></or_exp>
</condition>

<Node id="64" bw="8" op_0_bw="8" op_1_bw="8">
<![CDATA[
:20  %xor_ln139_1 = xor i8 %t_3_3_load, %t_3_load

]]></Node>
<StgValue><ssdm name="xor_ln139_1"/></StgValue>
</operation>

<operation id="70" st_id="4" stage="1" lat="1">
<core>LogicGate</core>
<MemPortIdVec></MemPortIdVec>
<condition id="-1">
<or_exp><and_exp></and_exp></or_exp>
</condition>

<Node id="65" bw="8" op_0_bw="8" op_1_bw="8">
<![CDATA[
:21  %xor_ln139_2 = xor i8 %xor_ln139_1, %xor_ln139

]]></Node>
<StgValue><ssdm name="xor_ln139_2"/></StgValue>
</operation>

<operation id="71" st_id="4" stage="1" lat="1">
<core>AddSub</core>
<MemPortIdVec></MemPortIdVec>
<condition id="-1">
<or_exp><and_exp></and_exp></or_exp>
</condition>

<Node id="66" bw="5" op_0_bw="5" op_1_bw="5">
<![CDATA[
:22  %add_ln139 = add i5 %r_offset_read, 1

]]></Node>
<StgValue><ssdm name="add_ln139"/></StgValue>
</operation>

<operation id="72" st_id="4" stage="1" lat="1">
<core>NULL</core>
<MemPortIdVec></MemPortIdVec>
<condition id="-1">
<or_exp><and_exp></and_exp></or_exp>
</condition>

<Node id="67" bw="64" op_0_bw="5">
<![CDATA[
:23  %zext_ln139_1 = zext i5 %add_ln139 to i64

]]></Node>
<StgValue><ssdm name="zext_ln139_1"/></StgValue>
</operation>

<operation id="73" st_id="4" stage="1" lat="1">
<core>NULL</core>
<MemPortIdVec></MemPortIdVec>
<condition id="-1">
<or_exp><and_exp></and_exp></or_exp>
</condition>

<Node id="68" bw="4" op_0_bw="8" op_1_bw="64" op_2_bw="64">
<![CDATA[
:24  %r_addr_1 = getelementptr [16 x i8]* %r, i64 0, i64 %zext_ln139_1

]]></Node>
<StgValue><ssdm name="r_addr_1"/></StgValue>
</operation>

<operation id="74" st_id="4" stage="1" lat="1">
<core>RAM</core>
<MemPortIdVec>1 </MemPortIdVec>
<condition id="-1">
<or_exp><and_exp></and_exp></or_exp>
</condition>

<Node id="69" bw="0" op_0_bw="8" op_1_bw="4">
<![CDATA[
:25  store i8 %xor_ln139_2, i8* %r_addr_1, align 1

]]></Node>
<StgValue><ssdm name="store_ln139"/></StgValue>
</operation>

<operation id="75" st_id="4" stage="1" lat="2">
<core>ROM_nP</core>
<MemPortIdVec>2 </MemPortIdVec>
<condition id="-1">
<or_exp><and_exp></and_exp></or_exp>
</condition>

<Node id="71" bw="8" op_0_bw="8">
<![CDATA[
:27  %mx2_load_2 = load i8* %mx2_addr_2, align 1

]]></Node>
<StgValue><ssdm name="mx2_load_2"/></StgValue>
</operation>

<operation id="76" st_id="4" stage="1" lat="2">
<core>ROM_nP</core>
<MemPortIdVec>2 </MemPortIdVec>
<condition id="-1">
<or_exp><and_exp></and_exp></or_exp>
</condition>

<Node id="74" bw="8" op_0_bw="8">
<![CDATA[
:30  %mx3_load_2 = load i8* %mx3_addr_2, align 1

]]></Node>
<StgValue><ssdm name="mx3_load_2"/></StgValue>
</operation>

<operation id="77" st_id="4" stage="1" lat="1">
<core>LogicGate</core>
<MemPortIdVec></MemPortIdVec>
<condition id="-1">
<or_exp><and_exp></and_exp></or_exp>
</condition>

<Node id="75" bw="8" op_0_bw="8" op_1_bw="8">
<![CDATA[
:31  %xor_ln140 = xor i8 %mx2_load_2, %mx3_load_2

]]></Node>
<StgValue><ssdm name="xor_ln140"/></StgValue>
</operation>

<operation id="78" st_id="4" stage="1" lat="1">
<core>LogicGate</core>
<MemPortIdVec></MemPortIdVec>
<condition id="-1">
<or_exp><and_exp></and_exp></or_exp>
</condition>

<Node id="76" bw="8" op_0_bw="8" op_1_bw="8">
<![CDATA[
:32  %xor_ln140_1 = xor i8 %t_3_1_load, %t_3_load

]]></Node>
<StgValue><ssdm name="xor_ln140_1"/></StgValue>
</operation>

<operation id="79" st_id="4" stage="1" lat="1">
<core>LogicGate</core>
<MemPortIdVec></MemPortIdVec>
<condition id="-1">
<or_exp><and_exp></and_exp></or_exp>
</condition>

<Node id="77" bw="8" op_0_bw="8" op_1_bw="8">
<![CDATA[
:33  %xor_ln140_2 = xor i8 %xor_ln140_1, %xor_ln140

]]></Node>
<StgValue><ssdm name="xor_ln140_2"/></StgValue>
</operation>

<operation id="80" st_id="4" stage="1" lat="2">
<core>ROM_nP</core>
<MemPortIdVec>3 </MemPortIdVec>
<condition id="-1">
<or_exp><and_exp></and_exp></or_exp>
</condition>

<Node id="83" bw="8" op_0_bw="8">
<![CDATA[
:39  %mx3_load_3 = load i8* %mx3_addr_3, align 1

]]></Node>
<StgValue><ssdm name="mx3_load_3"/></StgValue>
</operation>

<operation id="81" st_id="4" stage="1" lat="2">
<core>ROM_nP</core>
<MemPortIdVec>3 </MemPortIdVec>
<condition id="-1">
<or_exp><and_exp></and_exp></or_exp>
</condition>

<Node id="85" bw="8" op_0_bw="8">
<![CDATA[
:41  %mx2_load_3 = load i8* %mx2_addr_3, align 1

]]></Node>
<StgValue><ssdm name="mx2_load_3"/></StgValue>
</operation>

<operation id="82" st_id="4" stage="1" lat="1">
<core>LogicGate</core>
<MemPortIdVec></MemPortIdVec>
<condition id="-1">
<or_exp><and_exp></and_exp></or_exp>
</condition>

<Node id="86" bw="8" op_0_bw="8" op_1_bw="8">
<![CDATA[
:42  %xor_ln141 = xor i8 %mx3_load_3, %mx2_load_3

]]></Node>
<StgValue><ssdm name="xor_ln141"/></StgValue>
</operation>

<operation id="83" st_id="4" stage="1" lat="1">
<core>LogicGate</core>
<MemPortIdVec></MemPortIdVec>
<condition id="-1">
<or_exp><and_exp></and_exp></or_exp>
</condition>

<Node id="87" bw="8" op_0_bw="8" op_1_bw="8">
<![CDATA[
:43  %xor_ln141_1 = xor i8 %t_3_2_load, %t_3_1_load

]]></Node>
<StgValue><ssdm name="xor_ln141_1"/></StgValue>
</operation>

<operation id="84" st_id="4" stage="1" lat="1">
<core>LogicGate</core>
<MemPortIdVec></MemPortIdVec>
<condition id="-1">
<or_exp><and_exp></and_exp></or_exp>
</condition>

<Node id="88" bw="8" op_0_bw="8" op_1_bw="8">
<![CDATA[
:44  %xor_ln141_2 = xor i8 %xor_ln141_1, %xor_ln141

]]></Node>
<StgValue><ssdm name="xor_ln141_2"/></StgValue>
</operation>
</state>

<state id="5" st_id="5">

<operation id="85" st_id="5" stage="1" lat="1">
<core>AddSub</core>
<MemPortIdVec></MemPortIdVec>
<condition id="-1">
<or_exp><and_exp></and_exp></or_exp>
</condition>

<Node id="78" bw="5" op_0_bw="5" op_1_bw="5">
<![CDATA[
:34  %add_ln140 = add i5 %r_offset_read, 2

]]></Node>
<StgValue><ssdm name="add_ln140"/></StgValue>
</operation>

<operation id="86" st_id="5" stage="1" lat="1">
<core>NULL</core>
<MemPortIdVec></MemPortIdVec>
<condition id="-1">
<or_exp><and_exp></and_exp></or_exp>
</condition>

<Node id="79" bw="64" op_0_bw="5">
<![CDATA[
:35  %zext_ln140_1 = zext i5 %add_ln140 to i64

]]></Node>
<StgValue><ssdm name="zext_ln140_1"/></StgValue>
</operation>

<operation id="87" st_id="5" stage="1" lat="1">
<core>NULL</core>
<MemPortIdVec></MemPortIdVec>
<condition id="-1">
<or_exp><and_exp></and_exp></or_exp>
</condition>

<Node id="80" bw="4" op_0_bw="8" op_1_bw="64" op_2_bw="64">
<![CDATA[
:36  %r_addr_2 = getelementptr [16 x i8]* %r, i64 0, i64 %zext_ln140_1

]]></Node>
<StgValue><ssdm name="r_addr_2"/></StgValue>
</operation>

<operation id="88" st_id="5" stage="1" lat="1">
<core>RAM</core>
<MemPortIdVec>1 </MemPortIdVec>
<condition id="-1">
<or_exp><and_exp></and_exp></or_exp>
</condition>

<Node id="81" bw="0" op_0_bw="8" op_1_bw="4">
<![CDATA[
:37  store i8 %xor_ln140_2, i8* %r_addr_2, align 1

]]></Node>
<StgValue><ssdm name="store_ln140"/></StgValue>
</operation>

<operation id="89" st_id="5" stage="1" lat="1">
<core>AddSub</core>
<MemPortIdVec></MemPortIdVec>
<condition id="-1">
<or_exp><and_exp></and_exp></or_exp>
</condition>

<Node id="89" bw="5" op_0_bw="5" op_1_bw="5">
<![CDATA[
:45  %add_ln141 = add i5 %r_offset_read, 3

]]></Node>
<StgValue><ssdm name="add_ln141"/></StgValue>
</operation>

<operation id="90" st_id="5" stage="1" lat="1">
<core>NULL</core>
<MemPortIdVec></MemPortIdVec>
<condition id="-1">
<or_exp><and_exp></and_exp></or_exp>
</condition>

<Node id="90" bw="64" op_0_bw="5">
<![CDATA[
:46  %zext_ln141 = zext i5 %add_ln141 to i64

]]></Node>
<StgValue><ssdm name="zext_ln141"/></StgValue>
</operation>

<operation id="91" st_id="5" stage="1" lat="1">
<core>NULL</core>
<MemPortIdVec></MemPortIdVec>
<condition id="-1">
<or_exp><and_exp></and_exp></or_exp>
</condition>

<Node id="91" bw="4" op_0_bw="8" op_1_bw="64" op_2_bw="64">
<![CDATA[
:47  %r_addr_3 = getelementptr [16 x i8]* %r, i64 0, i64 %zext_ln141

]]></Node>
<StgValue><ssdm name="r_addr_3"/></StgValue>
</operation>

<operation id="92" st_id="5" stage="1" lat="1">
<core>RAM</core>
<MemPortIdVec>0 </MemPortIdVec>
<condition id="-1">
<or_exp><and_exp></and_exp></or_exp>
</condition>

<Node id="92" bw="0" op_0_bw="8" op_1_bw="4">
<![CDATA[
:48  store i8 %xor_ln141_2, i8* %r_addr_3, align 1

]]></Node>
<StgValue><ssdm name="store_ln141"/></StgValue>
</operation>

<operation id="93" st_id="5" stage="1" lat="1">
<core>NULL</core>
<MemPortIdVec></MemPortIdVec>
<condition id="-1">
<or_exp><and_exp></and_exp></or_exp>
</condition>

<Node id="93" bw="0">
<![CDATA[
:49  ret void

]]></Node>
<StgValue><ssdm name="ret_ln142"/></StgValue>
</operation>
</state>
</state_list>


<ports>
<port id="101" name="r" dir="2" iftype="1">
<core>RAM</core><StgValue><ssdm name="r"/><MemPortTyVec>2 0 </MemPortTyVec>
</StgValue>
</port>
<port id="102" name="r_offset" dir="0" iftype="0">
<core>NULL</core><StgValue><ssdm name="r_offset"/></StgValue>
</port>
<port id="103" name="mx2" dir="0" iftype="1">
<core>ROM_nP</core><StgValue><ssdm name="mx2"/><MemPortTyVec>1 1 1 1 </MemPortTyVec>
</StgValue>
</port>
<port id="104" name="mx3" dir="0" iftype="1">
<core>ROM_nP</core><StgValue><ssdm name="mx3"/><MemPortTyVec>1 1 1 1 </MemPortTyVec>
</StgValue>
</port>
</ports>


<dataflows>
<dataflow id="106" from="StgValue_105" to="t_3" fromId="105" toId="6">
</dataflow>
<dataflow id="107" from="StgValue_105" to="t_3_1" fromId="105" toId="7">
</dataflow>
<dataflow id="108" from="StgValue_105" to="t_3_2" fromId="105" toId="8">
</dataflow>
<dataflow id="109" from="StgValue_105" to="t_3_3" fromId="105" toId="9">
</dataflow>
<dataflow id="111" from="_ssdm_op_Read.ap_auto.i5" to="r_offset_read" fromId="110" toId="10">
</dataflow>
<dataflow id="112" from="r_offset" to="r_offset_read" fromId="102" toId="10">
</dataflow>
<dataflow id="113" from="r_offset_read" to="r_offset_cast1" fromId="10" toId="11">
</dataflow>
<dataflow id="114" from="r" to="r_addr" fromId="101" toId="12">
</dataflow>
<dataflow id="116" from="StgValue_115" to="r_addr" fromId="115" toId="12">
</dataflow>
<dataflow id="117" from="r_offset_cast1" to="r_addr" fromId="11" toId="12">
</dataflow>
<dataflow id="119" from="StgValue_118" to="i_0" fromId="118" toId="14">
<condition id="-1">
<or_exp><and_exp></and_exp></or_exp>
</condition>
</dataflow>
<dataflow id="120" from="br_ln135" to="i_0" fromId="13" toId="14">
</dataflow>
<dataflow id="121" from="i" to="i_0" fromId="17" toId="14">
<BackEdge/>
<condition id="-1">
<or_exp><and_exp></and_exp></or_exp>
</condition>
</dataflow>
<dataflow id="122" from="br_ln0" to="i_0" fromId="59" toId="14">
<BackEdge/>
</dataflow>
<dataflow id="123" from="i_0" to="icmp_ln135" fromId="14" toId="15">
</dataflow>
<dataflow id="125" from="StgValue_124" to="icmp_ln135" fromId="124" toId="15">
</dataflow>
<dataflow id="127" from="_ssdm_op_SpecLoopTripCount" to="empty" fromId="126" toId="16">
</dataflow>
<dataflow id="129" from="StgValue_128" to="empty" fromId="128" toId="16">
</dataflow>
<dataflow id="130" from="StgValue_128" to="empty" fromId="128" toId="16">
</dataflow>
<dataflow id="131" from="StgValue_128" to="empty" fromId="128" toId="16">
</dataflow>
<dataflow id="132" from="i_0" to="i" fromId="14" toId="17">
</dataflow>
<dataflow id="134" from="StgValue_133" to="i" fromId="133" toId="17">
</dataflow>
<dataflow id="135" from="icmp_ln135" to="br_ln135" fromId="15" toId="18">
</dataflow>
<dataflow id="136" from="i_0" to="zext_ln136" fromId="14" toId="19">
</dataflow>
<dataflow id="137" from="r_offset_read" to="add_ln136" fromId="10" toId="20">
</dataflow>
<dataflow id="138" from="zext_ln136" to="add_ln136" fromId="19" toId="20">
</dataflow>
<dataflow id="139" from="add_ln136" to="zext_ln136_1" fromId="20" toId="21">
</dataflow>
<dataflow id="140" from="r" to="r_addr_4" fromId="101" toId="22">
</dataflow>
<dataflow id="141" from="StgValue_115" to="r_addr_4" fromId="115" toId="22">
</dataflow>
<dataflow id="142" from="zext_ln136_1" to="r_addr_4" fromId="21" toId="22">
</dataflow>
<dataflow id="143" from="r_addr_4" to="t_0" fromId="22" toId="23">
</dataflow>
<dataflow id="144" from="i_0" to="trunc_ln136" fromId="14" toId="24">
</dataflow>
<dataflow id="145" from="t_3" to="t_3_load" fromId="6" toId="25">
</dataflow>
<dataflow id="146" from="t_3_1" to="t_3_1_load" fromId="7" toId="26">
</dataflow>
<dataflow id="147" from="t_3_2" to="t_3_2_load" fromId="8" toId="27">
</dataflow>
<dataflow id="148" from="t_3_3" to="t_3_3_load" fromId="9" toId="28">
</dataflow>
<dataflow id="149" from="t_3_load" to="zext_ln138" fromId="25" toId="29">
</dataflow>
<dataflow id="150" from="mx2" to="mx2_addr" fromId="103" toId="30">
</dataflow>
<dataflow id="151" from="StgValue_115" to="mx2_addr" fromId="115" toId="30">
</dataflow>
<dataflow id="152" from="zext_ln138" to="mx2_addr" fromId="29" toId="30">
</dataflow>
<dataflow id="153" from="mx2_addr" to="mx2_load" fromId="30" toId="31">
</dataflow>
<dataflow id="154" from="t_3_1_load" to="zext_ln138_1" fromId="26" toId="32">
</dataflow>
<dataflow id="155" from="mx3" to="mx3_addr" fromId="104" toId="33">
</dataflow>
<dataflow id="156" from="StgValue_115" to="mx3_addr" fromId="115" toId="33">
</dataflow>
<dataflow id="157" from="zext_ln138_1" to="mx3_addr" fromId="32" toId="33">
</dataflow>
<dataflow id="158" from="mx3_addr" to="mx3_load" fromId="33" toId="34">
</dataflow>
<dataflow id="159" from="mx2" to="mx2_addr_1" fromId="103" toId="35">
</dataflow>
<dataflow id="160" from="StgValue_115" to="mx2_addr_1" fromId="115" toId="35">
</dataflow>
<dataflow id="161" from="zext_ln138_1" to="mx2_addr_1" fromId="32" toId="35">
</dataflow>
<dataflow id="162" from="mx2_addr_1" to="mx2_load_1" fromId="35" toId="36">
</dataflow>
<dataflow id="163" from="t_3_2_load" to="zext_ln139" fromId="27" toId="37">
</dataflow>
<dataflow id="164" from="mx3" to="mx3_addr_1" fromId="104" toId="38">
</dataflow>
<dataflow id="165" from="StgValue_115" to="mx3_addr_1" fromId="115" toId="38">
</dataflow>
<dataflow id="166" from="zext_ln139" to="mx3_addr_1" fromId="37" toId="38">
</dataflow>
<dataflow id="167" from="mx3_addr_1" to="mx3_load_1" fromId="38" toId="39">
</dataflow>
<dataflow id="168" from="mx2" to="mx2_addr_2" fromId="103" toId="40">
</dataflow>
<dataflow id="169" from="StgValue_115" to="mx2_addr_2" fromId="115" toId="40">
</dataflow>
<dataflow id="170" from="zext_ln139" to="mx2_addr_2" fromId="37" toId="40">
</dataflow>
<dataflow id="171" from="mx2_addr_2" to="mx2_load_2" fromId="40" toId="41">
</dataflow>
<dataflow id="172" from="t_3_3_load" to="zext_ln140" fromId="28" toId="42">
</dataflow>
<dataflow id="173" from="mx3" to="mx3_addr_2" fromId="104" toId="43">
</dataflow>
<dataflow id="174" from="StgValue_115" to="mx3_addr_2" fromId="115" toId="43">
</dataflow>
<dataflow id="175" from="zext_ln140" to="mx3_addr_2" fromId="42" toId="43">
</dataflow>
<dataflow id="176" from="mx3_addr_2" to="mx3_load_2" fromId="43" toId="44">
</dataflow>
<dataflow id="177" from="mx3" to="mx3_addr_3" fromId="104" toId="45">
</dataflow>
<dataflow id="178" from="StgValue_115" to="mx3_addr_3" fromId="115" toId="45">
</dataflow>
<dataflow id="179" from="zext_ln138" to="mx3_addr_3" fromId="29" toId="45">
</dataflow>
<dataflow id="180" from="mx3_addr_3" to="mx3_load_3" fromId="45" toId="46">
</dataflow>
<dataflow id="181" from="mx2" to="mx2_addr_3" fromId="103" toId="47">
</dataflow>
<dataflow id="182" from="StgValue_115" to="mx2_addr_3" fromId="115" toId="47">
</dataflow>
<dataflow id="183" from="zext_ln140" to="mx2_addr_3" fromId="42" toId="47">
</dataflow>
<dataflow id="184" from="mx2_addr_3" to="mx2_load_3" fromId="47" toId="48">
</dataflow>
<dataflow id="185" from="r_addr_4" to="t_0" fromId="22" toId="49">
</dataflow>
<dataflow id="186" from="trunc_ln136" to="switch_ln136" fromId="24" toId="50">
</dataflow>
<dataflow id="188" from="StgValue_187" to="switch_ln136" fromId="187" toId="50">
</dataflow>
<dataflow id="190" from="StgValue_189" to="switch_ln136" fromId="189" toId="50">
</dataflow>
<dataflow id="192" from="StgValue_191" to="switch_ln136" fromId="191" toId="50">
</dataflow>
<dataflow id="193" from="t_0" to="store_ln136" fromId="49" toId="51">
</dataflow>
<dataflow id="194" from="t_3_2" to="store_ln136" fromId="8" toId="51">
</dataflow>
<dataflow id="195" from="t_0" to="store_ln136" fromId="49" toId="53">
</dataflow>
<dataflow id="196" from="t_3_1" to="store_ln136" fromId="7" toId="53">
</dataflow>
<dataflow id="197" from="t_0" to="store_ln136" fromId="49" toId="55">
</dataflow>
<dataflow id="198" from="t_3" to="store_ln136" fromId="6" toId="55">
</dataflow>
<dataflow id="199" from="t_0" to="store_ln136" fromId="49" toId="57">
</dataflow>
<dataflow id="200" from="t_3_3" to="store_ln136" fromId="9" toId="57">
</dataflow>
<dataflow id="201" from="mx2_addr" to="mx2_load" fromId="30" toId="60">
</dataflow>
<dataflow id="202" from="mx3_addr" to="mx3_load" fromId="33" toId="61">
</dataflow>
<dataflow id="203" from="mx3_load" to="xor_ln138" fromId="61" toId="62">
</dataflow>
<dataflow id="204" from="mx2_load" to="xor_ln138" fromId="60" toId="62">
</dataflow>
<dataflow id="205" from="t_3_2_load" to="xor_ln138_1" fromId="27" toId="63">
</dataflow>
<dataflow id="206" from="t_3_3_load" to="xor_ln138_1" fromId="28" toId="63">
</dataflow>
<dataflow id="207" from="xor_ln138_1" to="xor_ln138_2" fromId="63" toId="64">
</dataflow>
<dataflow id="208" from="xor_ln138" to="xor_ln138_2" fromId="62" toId="64">
</dataflow>
<dataflow id="209" from="xor_ln138_2" to="store_ln138" fromId="64" toId="65">
</dataflow>
<dataflow id="210" from="r_addr" to="store_ln138" fromId="12" toId="65">
</dataflow>
<dataflow id="211" from="mx2_addr_1" to="mx2_load_1" fromId="35" toId="66">
</dataflow>
<dataflow id="212" from="mx3_addr_1" to="mx3_load_1" fromId="38" toId="67">
</dataflow>
<dataflow id="213" from="mx2_load_1" to="xor_ln139" fromId="66" toId="68">
</dataflow>
<dataflow id="214" from="mx3_load_1" to="xor_ln139" fromId="67" toId="68">
</dataflow>
<dataflow id="215" from="t_3_3_load" to="xor_ln139_1" fromId="28" toId="69">
</dataflow>
<dataflow id="216" from="t_3_load" to="xor_ln139_1" fromId="25" toId="69">
</dataflow>
<dataflow id="217" from="xor_ln139_1" to="xor_ln139_2" fromId="69" toId="70">
</dataflow>
<dataflow id="218" from="xor_ln139" to="xor_ln139_2" fromId="68" toId="70">
</dataflow>
<dataflow id="219" from="r_offset_read" to="add_ln139" fromId="10" toId="71">
</dataflow>
<dataflow id="221" from="StgValue_220" to="add_ln139" fromId="220" toId="71">
</dataflow>
<dataflow id="222" from="add_ln139" to="zext_ln139_1" fromId="71" toId="72">
</dataflow>
<dataflow id="223" from="r" to="r_addr_1" fromId="101" toId="73">
</dataflow>
<dataflow id="224" from="StgValue_115" to="r_addr_1" fromId="115" toId="73">
</dataflow>
<dataflow id="225" from="zext_ln139_1" to="r_addr_1" fromId="72" toId="73">
</dataflow>
<dataflow id="226" from="xor_ln139_2" to="store_ln139" fromId="70" toId="74">
</dataflow>
<dataflow id="227" from="r_addr_1" to="store_ln139" fromId="73" toId="74">
</dataflow>
<dataflow id="228" from="mx2_addr_2" to="mx2_load_2" fromId="40" toId="75">
</dataflow>
<dataflow id="229" from="mx3_addr_2" to="mx3_load_2" fromId="43" toId="76">
</dataflow>
<dataflow id="230" from="mx2_load_2" to="xor_ln140" fromId="75" toId="77">
</dataflow>
<dataflow id="231" from="mx3_load_2" to="xor_ln140" fromId="76" toId="77">
</dataflow>
<dataflow id="232" from="t_3_1_load" to="xor_ln140_1" fromId="26" toId="78">
</dataflow>
<dataflow id="233" from="t_3_load" to="xor_ln140_1" fromId="25" toId="78">
</dataflow>
<dataflow id="234" from="xor_ln140_1" to="xor_ln140_2" fromId="78" toId="79">
</dataflow>
<dataflow id="235" from="xor_ln140" to="xor_ln140_2" fromId="77" toId="79">
</dataflow>
<dataflow id="236" from="mx3_addr_3" to="mx3_load_3" fromId="45" toId="80">
</dataflow>
<dataflow id="237" from="mx2_addr_3" to="mx2_load_3" fromId="47" toId="81">
</dataflow>
<dataflow id="238" from="mx3_load_3" to="xor_ln141" fromId="80" toId="82">
</dataflow>
<dataflow id="239" from="mx2_load_3" to="xor_ln141" fromId="81" toId="82">
</dataflow>
<dataflow id="240" from="t_3_2_load" to="xor_ln141_1" fromId="27" toId="83">
</dataflow>
<dataflow id="241" from="t_3_1_load" to="xor_ln141_1" fromId="26" toId="83">
</dataflow>
<dataflow id="242" from="xor_ln141_1" to="xor_ln141_2" fromId="83" toId="84">
</dataflow>
<dataflow id="243" from="xor_ln141" to="xor_ln141_2" fromId="82" toId="84">
</dataflow>
<dataflow id="244" from="r_offset_read" to="add_ln140" fromId="10" toId="85">
</dataflow>
<dataflow id="246" from="StgValue_245" to="add_ln140" fromId="245" toId="85">
</dataflow>
<dataflow id="247" from="add_ln140" to="zext_ln140_1" fromId="85" toId="86">
</dataflow>
<dataflow id="248" from="r" to="r_addr_2" fromId="101" toId="87">
</dataflow>
<dataflow id="249" from="StgValue_115" to="r_addr_2" fromId="115" toId="87">
</dataflow>
<dataflow id="250" from="zext_ln140_1" to="r_addr_2" fromId="86" toId="87">
</dataflow>
<dataflow id="251" from="xor_ln140_2" to="store_ln140" fromId="79" toId="88">
</dataflow>
<dataflow id="252" from="r_addr_2" to="store_ln140" fromId="87" toId="88">
</dataflow>
<dataflow id="253" from="r_offset_read" to="add_ln141" fromId="10" toId="89">
</dataflow>
<dataflow id="255" from="StgValue_254" to="add_ln141" fromId="254" toId="89">
</dataflow>
<dataflow id="256" from="add_ln141" to="zext_ln141" fromId="89" toId="90">
</dataflow>
<dataflow id="257" from="r" to="r_addr_3" fromId="101" toId="91">
</dataflow>
<dataflow id="258" from="StgValue_115" to="r_addr_3" fromId="115" toId="91">
</dataflow>
<dataflow id="259" from="zext_ln141" to="r_addr_3" fromId="90" toId="91">
</dataflow>
<dataflow id="260" from="xor_ln141_2" to="store_ln141" fromId="84" toId="92">
</dataflow>
<dataflow id="261" from="r_addr_3" to="store_ln141" fromId="91" toId="92">
</dataflow>
<dataflow id="262" from="icmp_ln135" to="StgValue_2" fromId="15" toId="2">
</dataflow>
<dataflow id="263" from="trunc_ln136" to="StgValue_3" fromId="24" toId="3">
</dataflow>
</dataflows>


</stg>
