<?xml version="1.0"?>
<Runs Version="1" Minor="0">
	<Run Id="design_1_auto_pc_4_synth_1" LaunchDir="Z:/EECE4632/project/aes_hw_impl/aes_hw_impl_vproj/aes_hw_impl_vproj.runs/design_1_auto_pc_4_synth_1" FlowId="Vivado_Synthesis" FromStepId="vivado" ToStepId="vivado"/>
	<Run Id="design_1_xbar_2_synth_1" LaunchDir="Z:/EECE4632/project/aes_hw_impl/aes_hw_impl_vproj/aes_hw_impl_vproj.runs/design_1_xbar_2_synth_1" FlowId="Vivado_Synthesis" FromStepId="vivado" ToStepId="vivado"/>
	<Run Id="design_1_processing_system7_0_1_synth_1" LaunchDir="Z:/EECE4632/project/aes_hw_impl/aes_hw_impl_vproj/aes_hw_impl_vproj.runs/design_1_processing_system7_0_1_synth_1" FlowId="Vivado_Synthesis" FromStepId="vivado" ToStepId="vivado"/>
	<Run Id="design_1_auto_pc_3_synth_1" LaunchDir="Z:/EECE4632/project/aes_hw_impl/aes_hw_impl_vproj/aes_hw_impl_vproj.runs/design_1_auto_pc_3_synth_1" FlowId="Vivado_Synthesis" FromStepId="vivado" ToStepId="vivado"/>
	<Run Id="design_1_axi_dma_0_1_synth_1" LaunchDir="Z:/EECE4632/project/aes_hw_impl/aes_hw_impl_vproj/aes_hw_impl_vproj.runs/design_1_axi_dma_0_1_synth_1" FlowId="Vivado_Synthesis" FromStepId="vivado" ToStepId="vivado"/>
	<Run Id="design_1_aes_encrypt_impl_0_0_synth_1" LaunchDir="Z:/EECE4632/project/aes_hw_impl/aes_hw_impl_vproj/aes_hw_impl_vproj.runs/design_1_aes_encrypt_impl_0_0_synth_1" FlowId="Vivado_Synthesis" FromStepId="vivado" ToStepId="vivado"/>
	<Run Id="design_1_rst_ps7_0_100M_1_synth_1" LaunchDir="Z:/EECE4632/project/aes_hw_impl/aes_hw_impl_vproj/aes_hw_impl_vproj.runs/design_1_rst_ps7_0_100M_1_synth_1" FlowId="Vivado_Synthesis" FromStepId="vivado" ToStepId="vivado"/>
	<Run Id="design_1_auto_ds_0_synth_1" LaunchDir="Z:/EECE4632/project/aes_hw_impl/aes_hw_impl_vproj/aes_hw_impl_vproj.runs/design_1_auto_ds_0_synth_1" FlowId="Vivado_Synthesis" FromStepId="vivado" ToStepId="vivado"/>
	<Run Id="design_1_xbar_3_synth_1" LaunchDir="Z:/EECE4632/project/aes_hw_impl/aes_hw_impl_vproj/aes_hw_impl_vproj.runs/design_1_xbar_3_synth_1" FlowId="Vivado_Synthesis" FromStepId="vivado" ToStepId="vivado"/>
	<Run Id="synth_1" LaunchDir="Z:/EECE4632/project/aes_hw_impl/aes_hw_impl_vproj/aes_hw_impl_vproj.runs/synth_1" FlowId="Vivado_Synthesis" FromStepId="vivado" ToStepId="vivado">
		<Parent Id="design_1_auto_pc_4_synth_1"/>
		<Parent Id="design_1_xbar_2_synth_1"/>
		<Parent Id="design_1_processing_system7_0_1_synth_1"/>
		<Parent Id="design_1_auto_pc_3_synth_1"/>
		<Parent Id="design_1_axi_dma_0_1_synth_1"/>
		<Parent Id="design_1_aes_encrypt_impl_0_0_synth_1"/>
		<Parent Id="design_1_rst_ps7_0_100M_1_synth_1"/>
		<Parent Id="design_1_auto_ds_0_synth_1"/>
		<Parent Id="design_1_xbar_3_synth_1"/>
	</Run>
	<Run Id="impl_1" LaunchDir="Z:/EECE4632/project/aes_hw_impl/aes_hw_impl_vproj/aes_hw_impl_vproj.runs/impl_1" FlowId="Vivado_Implementation" FromStepId="init_design" ToStepId="write_bitstream">
		<Parent Id="synth_1"/>
		<Parent Id="design_1_auto_pc_4_synth_1"/>
		<Parent Id="design_1_xbar_2_synth_1"/>
		<Parent Id="design_1_processing_system7_0_1_synth_1"/>
		<Parent Id="design_1_auto_pc_3_synth_1"/>
		<Parent Id="design_1_axi_dma_0_1_synth_1"/>
		<Parent Id="design_1_aes_encrypt_impl_0_0_synth_1"/>
		<Parent Id="design_1_rst_ps7_0_100M_1_synth_1"/>
		<Parent Id="design_1_auto_ds_0_synth_1"/>
		<Parent Id="design_1_xbar_3_synth_1"/>
	</Run>
	<Parameters>
		<Parameter Name="runs.monitorLSFJobs" Val="true" Type="bool"/>
		<Parameter Name="runs.enableClusterConf" Val="true" Type="bool"/>
	</Parameters>
</Runs>

