<profile>

<section name = "Vivado HLS Report for 'addRoundKey'" level="0">
<item name = "Date">Wed Apr 13 14:14:06 2022
</item>
<item name = "Version">2020.1 (Build 2897737 on Wed May 27 20:21:37 MDT 2020)</item>
<item name = "Project">aes_hw_impl_hls</item>
<item name = "Solution">solution3</item>
<item name = "Product family">zynq</item>
<item name = "Target device">xc7z020-clg400-1</item>
</section>

<section name = "Performance Estimates" level="0">
<item name = "Timing">
<section name = "" level="1">
<item name = "Summary"><table name="" hasTotal="0">
<keys size="4">Clock, Target, Estimated, Uncertainty</keys>
<column name="ap_clk">10.00 ns, 6.566 ns, 1.25 ns</column>
</table>
</item>
</section>
</item>
<item name = "Latency">
<section name = "" level="1">
<item name = "Summary"><table name="" hasTotal="0">
<keys size="8">, min, max, min, max, min, max, Type</keys>
<column name="">33, 33, 0.330 us, 0.330 us, 33, 33, none</column>
</table>
</item>
<item name = "Detail">
<section name = "" level="1">
<item name = "Instance"><table name="" hasTotal="0">
<keys size="9">Instance, Module, min, max, min, max, min, max, Type</keys>
</table>
</item>
<item name = "Loop"><table name="" hasTotal="0">
<keys size="8">Loop Name, min, max, Latency, achieved, target, Count, Pipelined</keys>
<column name="- Loop 1">32, 32, 2, -, -, 16, no</column>
</table>
</item>
</section>
</item>
</section>
</item>
</section>

<section name = "Utilization Estimates" level="0">
<item name = "Summary"><table name="" hasTotal="1">
<keys size="6">Name, BRAM_18K, DSP48E, FF, LUT, URAM</keys>
<column name="DSP">-, -, -, -, -</column>
<column name="Expression">-, -, 0, 49, -</column>
<column name="FIFO">-, -, -, -, -</column>
<column name="Instance">-, -, -, -, -</column>
<column name="Memory">-, -, -, -, -</column>
<column name="Multiplexer">-, -, -, 45, -</column>
<column name="Register">-, -, 25, -, -</column>
<specialColumn name="Available">280, 220, 106400, 53200, 0</specialColumn>
<specialColumn name="Utilization (%)">0, 0, ~0, ~0, 0</specialColumn>
</table>
</item>
<item name = "Detail">
<section name = "" level="1">
<item name = "Instance"><table name="" hasTotal="1">
<keys size="7">Instance, Module, BRAM_18K, DSP48E, FF, LUT, URAM</keys>
</table>
</item>
<item name = "DSP48E"><table name="" hasTotal="0">
<keys size="3">Instance, Module, Expression</keys>
</table>
</item>
<item name = "Memory"><table name="" hasTotal="1">
<keys size="10">Memory, Module, BRAM_18K, FF, LUT, URAM, Words, Bits, Banks, W*Bits*Banks</keys>
</table>
</item>
<item name = "FIFO"><table name="" hasTotal="1">
<keys size="8">Name, BRAM_18K, FF, LUT, URAM, Depth, Bits, Size:D*B</keys>
</table>
</item>
<item name = "Expression"><table name="" hasTotal="1">
<keys size="7">Variable Name, Operation, DSP48E, FF, LUT, Bitwidth P0, Bitwidth P1</keys>
<column name="add_ln11_fu_88_p2">+, 0, 0, 15, 8, 8</column>
<column name="i_fu_73_p2">+, 0, 0, 15, 5, 1</column>
<column name="icmp_ln10_fu_67_p2">icmp, 0, 0, 11, 5, 6</column>
<column name="state_d0">xor, 0, 0, 8, 8, 8</column>
</table>
</item>
<item name = "Multiplexer"><table name="" hasTotal="1">
<keys size="5">Name, LUT, Input Size, Bits, Total Bits</keys>
<column name="ap_NS_fsm">21, 4, 1, 4</column>
<column name="i_0_reg_52">9, 2, 5, 10</column>
<column name="state_address0">15, 3, 4, 12</column>
</table>
</item>
<item name = "Register"><table name="" hasTotal="1">
<keys size="5">Name, FF, LUT, Bits, Const Bits</keys>
<column name="ap_CS_fsm">3, 0, 3, 0</column>
<column name="i_0_reg_52">5, 0, 5, 0</column>
<column name="i_reg_113">5, 0, 5, 0</column>
<column name="state_addr_reg_118">4, 0, 4, 0</column>
<column name="trunc_ln11_reg_105">8, 0, 8, 0</column>
</table>
</item>
</section>
</item>
</section>

<section name = "Interface" level="0">
<item name = "Summary"><table name="" hasTotal="0">
<keys size="6">RTL Ports, Dir, Bits, Protocol, Source Object, C Type</keys>
<column name="ap_clk">in, 1, ap_ctrl_hs, addRoundKey, return value</column>
<column name="ap_rst">in, 1, ap_ctrl_hs, addRoundKey, return value</column>
<column name="ap_start">in, 1, ap_ctrl_hs, addRoundKey, return value</column>
<column name="ap_done">out, 1, ap_ctrl_hs, addRoundKey, return value</column>
<column name="ap_idle">out, 1, ap_ctrl_hs, addRoundKey, return value</column>
<column name="ap_ready">out, 1, ap_ctrl_hs, addRoundKey, return value</column>
<column name="state_address0">out, 4, ap_memory, state, array</column>
<column name="state_ce0">out, 1, ap_memory, state, array</column>
<column name="state_we0">out, 1, ap_memory, state, array</column>
<column name="state_d0">out, 8, ap_memory, state, array</column>
<column name="state_q0">in, 8, ap_memory, state, array</column>
<column name="roundKey_address0">out, 8, ap_memory, roundKey, array</column>
<column name="roundKey_ce0">out, 1, ap_memory, roundKey, array</column>
<column name="roundKey_q0">in, 8, ap_memory, roundKey, array</column>
<column name="roundKey_offset">in, 10, ap_none, roundKey_offset, scalar</column>
</table>
</item>
</section>
</profile>
