<profile>

<section name = "Vivado HLS Report for 'aes_encrypt_impl'" level="0">
<item name = "Date">Wed Apr 13 14:14:07 2022
</item>
<item name = "Version">2020.1 (Build 2897737 on Wed May 27 20:21:37 MDT 2020)</item>
<item name = "Project">aes_hw_impl_hls</item>
<item name = "Solution">solution3</item>
<item name = "Product family">zynq</item>
<item name = "Target device">xc7z020-clg400-1</item>
</section>

<section name = "Performance Estimates" level="0">
<item name = "Timing">
<section name = "" level="1">
<item name = "Summary"><table name="" hasTotal="0">
<keys size="4">Clock, Target, Estimated, Uncertainty</keys>
<column name="ap_clk">10.00 ns, 7.501 ns, 1.25 ns</column>
</table>
</item>
</section>
</item>
<item name = "Latency">
<section name = "" level="1">
<item name = "Summary"><table name="" hasTotal="0">
<keys size="8">, min, max, min, max, min, max, Type</keys>
<column name="">1729, 1729, 17.290 us, 17.290 us, 1729, 1729, none</column>
</table>
</item>
<item name = "Detail">
<section name = "" level="1">
<item name = "Instance"><table name="" hasTotal="0">
<keys size="9">Instance, Module, min, max, min, max, min, max, Type</keys>
<column name="grp_aes_encrypt_fu_185">aes_encrypt, 1727, 1727, 17.270 us, 17.270 us, 1727, 1727, none</column>
</table>
</item>
<item name = "Loop"><table name="" hasTotal="0">
<keys size="8">Loop Name, min, max, Latency, achieved, target, Count, Pipelined</keys>
</table>
</item>
</section>
</item>
</section>
</item>
</section>

<section name = "Utilization Estimates" level="0">
<item name = "Summary"><table name="" hasTotal="1">
<keys size="6">Name, BRAM_18K, DSP48E, FF, LUT, URAM</keys>
<column name="DSP">-, -, -, -, -</column>
<column name="Expression">-, -, 0, 128, -</column>
<column name="FIFO">-, -, -, -, -</column>
<column name="Instance">12, -, 717, 2264, 0</column>
<column name="Memory">-, -, -, -, -</column>
<column name="Multiplexer">-, -, -, 39, -</column>
<column name="Register">-, -, 296, -, -</column>
<specialColumn name="Available">280, 220, 106400, 53200, 0</specialColumn>
<specialColumn name="Utilization (%)">4, 0, ~0, 4, 0</specialColumn>
</table>
</item>
<item name = "Detail">
<section name = "" level="1">
<item name = "Instance"><table name="" hasTotal="1">
<keys size="7">Instance, Module, BRAM_18K, DSP48E, FF, LUT, URAM</keys>
<column name="grp_aes_encrypt_fu_185">aes_encrypt, 12, 0, 553, 1968, 0</column>
<column name="aes_encrypt_impl_AXILiteS_s_axi_U">aes_encrypt_impl_AXILiteS_s_axi, 0, 0, 164, 296, 0</column>
</table>
</item>
<item name = "DSP48E"><table name="" hasTotal="0">
<keys size="3">Instance, Module, Expression</keys>
</table>
</item>
<item name = "Memory"><table name="" hasTotal="1">
<keys size="10">Memory, Module, BRAM_18K, FF, LUT, URAM, Words, Bits, Banks, W*Bits*Banks</keys>
</table>
</item>
<item name = "FIFO"><table name="" hasTotal="1">
<keys size="8">Name, BRAM_18K, FF, LUT, URAM, Depth, Bits, Size:D*B</keys>
</table>
</item>
<item name = "Expression"><table name="" hasTotal="1">
<keys size="7">Variable Name, Operation, DSP48E, FF, LUT, Bitwidth P0, Bitwidth P1</keys>
<column name="encrypted_TDATA_int">xor, 0, 0, 128, 128, 128</column>
</table>
</item>
<item name = "Multiplexer"><table name="" hasTotal="1">
<keys size="5">Name, LUT, Input Size, Bits, Total Bits</keys>
<column name="ap_NS_fsm">21, 4, 1, 4</column>
<column name="block_r_TDATA_blk_n">9, 2, 1, 2</column>
<column name="encrypted_TDATA_blk_n">9, 2, 1, 2</column>
</table>
</item>
<item name = "Register"><table name="" hasTotal="1">
<keys size="5">Name, FF, LUT, Bits, Const Bits</keys>
<column name="ap_CS_fsm">3, 0, 3, 0</column>
<column name="block_dest_V_tmp_reg_739">1, 0, 1, 0</column>
<column name="block_id_V_tmp_reg_734">1, 0, 1, 0</column>
<column name="block_keep_V_tmp_reg_714">16, 0, 16, 0</column>
<column name="block_last_V_tmp_reg_729">1, 0, 1, 0</column>
<column name="block_strb_V_tmp_reg_719">16, 0, 16, 0</column>
<column name="block_user_V_tmp_reg_724">1, 0, 1, 0</column>
<column name="blockarr_0_reg_819">8, 0, 8, 0</column>
<column name="blockarr_10_reg_769">8, 0, 8, 0</column>
<column name="blockarr_11_reg_764">8, 0, 8, 0</column>
<column name="blockarr_12_reg_759">8, 0, 8, 0</column>
<column name="blockarr_13_reg_754">8, 0, 8, 0</column>
<column name="blockarr_14_reg_749">8, 0, 8, 0</column>
<column name="blockarr_15_reg_744">8, 0, 8, 0</column>
<column name="blockarr_1_reg_814">8, 0, 8, 0</column>
<column name="blockarr_2_reg_809">8, 0, 8, 0</column>
<column name="blockarr_3_reg_804">8, 0, 8, 0</column>
<column name="blockarr_4_reg_799">8, 0, 8, 0</column>
<column name="blockarr_5_reg_794">8, 0, 8, 0</column>
<column name="blockarr_6_reg_789">8, 0, 8, 0</column>
<column name="blockarr_7_reg_784">8, 0, 8, 0</column>
<column name="blockarr_8_reg_779">8, 0, 8, 0</column>
<column name="blockarr_9_reg_774">8, 0, 8, 0</column>
<column name="grp_aes_encrypt_fu_185_ap_start_reg">1, 0, 1, 0</column>
<column name="keyarr_0_reg_899">8, 0, 8, 0</column>
<column name="keyarr_10_reg_849">8, 0, 8, 0</column>
<column name="keyarr_11_reg_844">8, 0, 8, 0</column>
<column name="keyarr_12_reg_839">8, 0, 8, 0</column>
<column name="keyarr_13_reg_834">8, 0, 8, 0</column>
<column name="keyarr_14_reg_829">8, 0, 8, 0</column>
<column name="keyarr_15_reg_824">8, 0, 8, 0</column>
<column name="keyarr_1_reg_894">8, 0, 8, 0</column>
<column name="keyarr_2_reg_889">8, 0, 8, 0</column>
<column name="keyarr_3_reg_884">8, 0, 8, 0</column>
<column name="keyarr_4_reg_879">8, 0, 8, 0</column>
<column name="keyarr_5_reg_874">8, 0, 8, 0</column>
<column name="keyarr_6_reg_869">8, 0, 8, 0</column>
<column name="keyarr_7_reg_864">8, 0, 8, 0</column>
<column name="keyarr_8_reg_859">8, 0, 8, 0</column>
<column name="keyarr_9_reg_854">8, 0, 8, 0</column>
</table>
</item>
</section>
</item>
</section>

<section name = "Interface" level="0">
<item name = "Summary"><table name="" hasTotal="0">
<keys size="6">RTL Ports, Dir, Bits, Protocol, Source Object, C Type</keys>
<column name="s_axi_AXILiteS_AWVALID">in, 1, s_axi, AXILiteS, scalar</column>
<column name="s_axi_AXILiteS_AWREADY">out, 1, s_axi, AXILiteS, scalar</column>
<column name="s_axi_AXILiteS_AWADDR">in, 6, s_axi, AXILiteS, scalar</column>
<column name="s_axi_AXILiteS_WVALID">in, 1, s_axi, AXILiteS, scalar</column>
<column name="s_axi_AXILiteS_WREADY">out, 1, s_axi, AXILiteS, scalar</column>
<column name="s_axi_AXILiteS_WDATA">in, 32, s_axi, AXILiteS, scalar</column>
<column name="s_axi_AXILiteS_WSTRB">in, 4, s_axi, AXILiteS, scalar</column>
<column name="s_axi_AXILiteS_ARVALID">in, 1, s_axi, AXILiteS, scalar</column>
<column name="s_axi_AXILiteS_ARREADY">out, 1, s_axi, AXILiteS, scalar</column>
<column name="s_axi_AXILiteS_ARADDR">in, 6, s_axi, AXILiteS, scalar</column>
<column name="s_axi_AXILiteS_RVALID">out, 1, s_axi, AXILiteS, scalar</column>
<column name="s_axi_AXILiteS_RREADY">in, 1, s_axi, AXILiteS, scalar</column>
<column name="s_axi_AXILiteS_RDATA">out, 32, s_axi, AXILiteS, scalar</column>
<column name="s_axi_AXILiteS_RRESP">out, 2, s_axi, AXILiteS, scalar</column>
<column name="s_axi_AXILiteS_BVALID">out, 1, s_axi, AXILiteS, scalar</column>
<column name="s_axi_AXILiteS_BREADY">in, 1, s_axi, AXILiteS, scalar</column>
<column name="s_axi_AXILiteS_BRESP">out, 2, s_axi, AXILiteS, scalar</column>
<column name="ap_clk">in, 1, ap_ctrl_none, aes_encrypt_impl, return value</column>
<column name="ap_rst_n">in, 1, ap_ctrl_none, aes_encrypt_impl, return value</column>
<column name="block_r_TDATA">in, 128, axis, block_data_V, pointer</column>
<column name="block_r_TVALID">in, 1, axis, block_dest_V, pointer</column>
<column name="block_r_TREADY">out, 1, axis, block_dest_V, pointer</column>
<column name="block_r_TDEST">in, 1, axis, block_dest_V, pointer</column>
<column name="block_r_TKEEP">in, 16, axis, block_keep_V, pointer</column>
<column name="block_r_TSTRB">in, 16, axis, block_strb_V, pointer</column>
<column name="block_r_TUSER">in, 1, axis, block_user_V, pointer</column>
<column name="block_r_TLAST">in, 1, axis, block_last_V, pointer</column>
<column name="block_r_TID">in, 1, axis, block_id_V, pointer</column>
<column name="encrypted_TDATA">out, 128, axis, encrypted_data_V, pointer</column>
<column name="encrypted_TVALID">out, 1, axis, encrypted_dest_V, pointer</column>
<column name="encrypted_TREADY">in, 1, axis, encrypted_dest_V, pointer</column>
<column name="encrypted_TDEST">out, 1, axis, encrypted_dest_V, pointer</column>
<column name="encrypted_TKEEP">out, 16, axis, encrypted_keep_V, pointer</column>
<column name="encrypted_TSTRB">out, 16, axis, encrypted_strb_V, pointer</column>
<column name="encrypted_TUSER">out, 1, axis, encrypted_user_V, pointer</column>
<column name="encrypted_TLAST">out, 1, axis, encrypted_last_V, pointer</column>
<column name="encrypted_TID">out, 1, axis, encrypted_id_V, pointer</column>
</table>
</item>
</section>
</profile>
