<annotationInfo>
<annotationInfo>
<item  id="38" filename="../aes_key_expand.cpp" linenumber="61" name="k" contextFuncName="keyExpand" moduleName="keyExpand" rtlName="k_U" latency="0" BRAM="-1" DSP="-1" FF="-1" LUT="-1" fileDirectory="C:\Users\briasco-stewart.a\Desktop\aes_hw_impl\aes_hw_impl\aes_hw_impl_hls"&gt;&lt;\/item&gt;
<item  id="39" filename="../aes_key_expand.cpp" linenumber="63" name="or_ln63_2" contextFuncName="keyExpand" moduleName="keyExpand" rtlName="or_ln63_2_fu_407_p5" latency="0" BRAM="-1" DSP="-1" FF="-1" LUT="-1" fileDirectory="C:\Users\briasco-stewart.a\Desktop\aes_hw_impl\aes_hw_impl\aes_hw_impl_hls"&gt;&lt;\/item&gt;
<item  id="42" filename="../aes_key_expand.cpp" linenumber="64" name="or_ln64_2" contextFuncName="keyExpand" moduleName="keyExpand" rtlName="or_ln64_2_fu_420_p5" latency="0" BRAM="-1" DSP="-1" FF="-1" LUT="-1" fileDirectory="C:\Users\briasco-stewart.a\Desktop\aes_hw_impl\aes_hw_impl\aes_hw_impl_hls"&gt;&lt;\/item&gt;
<item  id="45" filename="../aes_key_expand.cpp" linenumber="65" name="or_ln65_2" contextFuncName="keyExpand" moduleName="keyExpand" rtlName="or_ln65_2_fu_433_p5" latency="0" BRAM="-1" DSP="-1" FF="-1" LUT="-1" fileDirectory="C:\Users\briasco-stewart.a\Desktop\aes_hw_impl\aes_hw_impl\aes_hw_impl_hls"&gt;&lt;\/item&gt;
<item  id="48" filename="../aes_key_expand.cpp" linenumber="66" name="or_ln66_2" contextFuncName="keyExpand" moduleName="keyExpand" rtlName="or_ln66_2_fu_446_p5" latency="0" BRAM="-1" DSP="-1" FF="-1" LUT="-1" fileDirectory="C:\Users\briasco-stewart.a\Desktop\aes_hw_impl\aes_hw_impl\aes_hw_impl_hls"&gt;&lt;\/item&gt;
<item  id="54" filename="../aes_key_expand.cpp" linenumber="68" name="icmp_ln68" contextFuncName="keyExpand" moduleName="keyExpand" rtlName="icmp_ln68_fu_459_p2" latency="0" BRAM="-1" DSP="-1" FF="0" LUT="11" fileDirectory="C:\Users\briasco-stewart.a\Desktop\aes_hw_impl\aes_hw_impl\aes_hw_impl_hls"&gt;&lt;\/item&gt;
<item  id="58" filename="../aes_key_expand.cpp" linenumber="68" name="trunc_ln68" contextFuncName="keyExpand" moduleName="keyExpand" rtlName="trunc_ln68_fu_487_p1" latency="0" BRAM="-1" DSP="-1" FF="-1" LUT="-1" fileDirectory="C:\Users\briasco-stewart.a\Desktop\aes_hw_impl\aes_hw_impl\aes_hw_impl_hls"&gt;&lt;\/item&gt;
<item  id="59" filename="../aes_key_expand.cpp" linenumber="69" name="icmp_ln69" contextFuncName="keyExpand" moduleName="keyExpand" rtlName="icmp_ln69_fu_491_p2" latency="0" BRAM="-1" DSP="-1" FF="0" LUT="8" fileDirectory="C:\Users\briasco-stewart.a\Desktop\aes_hw_impl\aes_hw_impl\aes_hw_impl_hls"&gt;&lt;\/item&gt;
<item  id="60" filename="../aes_key_expand.cpp" linenumber="70" name="add_ln70" contextFuncName="keyExpand" moduleName="keyExpand" rtlName="add_ln70_fu_465_p2" latency="0" BRAM="-1" DSP="-1" FF="0" LUT="15" fileDirectory="C:\Users\briasco-stewart.a\Desktop\aes_hw_impl\aes_hw_impl\aes_hw_impl_hls"&gt;&lt;\/item&gt;
<item  id="61" filename="../aes_key_expand.cpp" linenumber="70" name="zext_ln70" contextFuncName="keyExpand" moduleName="keyExpand" rtlName="zext_ln70_fu_471_p1" latency="0" BRAM="-1" DSP="-1" FF="-1" LUT="-1" fileDirectory="C:\Users\briasco-stewart.a\Desktop\aes_hw_impl\aes_hw_impl\aes_hw_impl_hls"&gt;&lt;\/item&gt;
<item  id="64" filename="../aes_key_expand.cpp" linenumber="70" name="add_ln70_1" contextFuncName="keyExpand" moduleName="keyExpand" rtlName="add_ln70_1_fu_476_p2" latency="0" BRAM="-1" DSP="-1" FF="0" LUT="15" fileDirectory="C:\Users\briasco-stewart.a\Desktop\aes_hw_impl\aes_hw_impl\aes_hw_impl_hls"&gt;&lt;\/item&gt;
<item  id="65" filename="../aes_key_expand.cpp" linenumber="70" name="zext_ln70_1" contextFuncName="keyExpand" moduleName="keyExpand" rtlName="zext_ln70_1_fu_482_p1" latency="0" BRAM="-1" DSP="-1" FF="-1" LUT="-1" fileDirectory="C:\Users\briasco-stewart.a\Desktop\aes_hw_impl\aes_hw_impl\aes_hw_impl_hls"&gt;&lt;\/item&gt;
<item  id="70" filename="../aes_key_expand.cpp" linenumber="72" name="xor_ln72" contextFuncName="keyExpand" moduleName="keyExpand" rtlName="xor_ln72_fu_497_p2" latency="0" BRAM="-1" DSP="-1" FF="0" LUT="32" fileDirectory="C:\Users\briasco-stewart.a\Desktop\aes_hw_impl\aes_hw_impl\aes_hw_impl_hls"&gt;&lt;\/item&gt;
<item  id="71" filename="../aes_key_expand.cpp" linenumber="72" name="zext_ln72" contextFuncName="keyExpand" moduleName="keyExpand" rtlName="zext_ln72_fu_504_p1" latency="0" BRAM="-1" DSP="-1" FF="-1" LUT="-1" fileDirectory="C:\Users\briasco-stewart.a\Desktop\aes_hw_impl\aes_hw_impl\aes_hw_impl_hls"&gt;&lt;\/item&gt;
<item  id="76" filename="../aes_key_expand.cpp" linenumber="16" name="a_write_assign_2" contextFuncName="deconWord" moduleName="keyExpand" rtlName="a_write_assign_2_fu_509_p4" latency="0" BRAM="-1" DSP="-1" FF="-1" LUT="-1" fileDirectory="C:\Users\briasco-stewart.a\Desktop\aes_hw_impl\aes_hw_impl\aes_hw_impl_hls"&gt;&lt;\/item&gt;
<item  id="77" filename="../aes_key_expand.cpp" linenumber="17" name="b_write_assign_2" contextFuncName="deconWord" moduleName="keyExpand" rtlName="b_write_assign_2_fu_519_p4" latency="0" BRAM="-1" DSP="-1" FF="-1" LUT="-1" fileDirectory="C:\Users\briasco-stewart.a\Desktop\aes_hw_impl\aes_hw_impl\aes_hw_impl_hls"&gt;&lt;\/item&gt;
<item  id="78" filename="../aes_key_expand.cpp" linenumber="23" name="tmp" contextFuncName="conWord" moduleName="keyExpand" rtlName="tmp_fu_529_p4" latency="0" BRAM="-1" DSP="-1" FF="-1" LUT="-1" fileDirectory="C:\Users\briasco-stewart.a\Desktop\aes_hw_impl\aes_hw_impl\aes_hw_impl_hls"&gt;&lt;\/item&gt;
<item  id="79" filename="../aes_key_expand.cpp" linenumber="23" name="trunc_ln23" contextFuncName="conWord" moduleName="keyExpand" rtlName="trunc_ln23_fu_539_p1" latency="0" BRAM="-1" DSP="-1" FF="-1" LUT="-1" fileDirectory="C:\Users\briasco-stewart.a\Desktop\aes_hw_impl\aes_hw_impl\aes_hw_impl_hls"&gt;&lt;\/item&gt;
<item  id="80" filename="../sbox.cpp" linenumber="49" name="zext_ln49" contextFuncName="lookupForwardSbox" moduleName="keyExpand" rtlName="zext_ln49_fu_543_p1" latency="0" BRAM="-1" DSP="-1" FF="-1" LUT="-1" fileDirectory="C:\Users\briasco-stewart.a\Desktop\aes_hw_impl\aes_hw_impl\aes_hw_impl_hls"&gt;&lt;\/item&gt;
<item  id="83" filename="../sbox.cpp" linenumber="49" name="zext_ln49_1" contextFuncName="lookupForwardSbox" moduleName="keyExpand" rtlName="zext_ln49_1_fu_548_p1" latency="0" BRAM="-1" DSP="-1" FF="-1" LUT="-1" fileDirectory="C:\Users\briasco-stewart.a\Desktop\aes_hw_impl\aes_hw_impl\aes_hw_impl_hls"&gt;&lt;\/item&gt;
<item  id="86" filename="../sbox.cpp" linenumber="49" name="zext_ln49_2" contextFuncName="lookupForwardSbox" moduleName="keyExpand" rtlName="zext_ln49_2_fu_553_p1" latency="0" BRAM="-1" DSP="-1" FF="-1" LUT="-1" fileDirectory="C:\Users\briasco-stewart.a\Desktop\aes_hw_impl\aes_hw_impl\aes_hw_impl_hls"&gt;&lt;\/item&gt;
<item  id="89" filename="../sbox.cpp" linenumber="49" name="zext_ln49_3" contextFuncName="lookupForwardSbox" moduleName="keyExpand" rtlName="zext_ln49_3_fu_558_p1" latency="0" BRAM="-1" DSP="-1" FF="-1" LUT="-1" fileDirectory="C:\Users\briasco-stewart.a\Desktop\aes_hw_impl\aes_hw_impl\aes_hw_impl_hls"&gt;&lt;\/item&gt;
<item  id="92" filename="../aes_key_expand.cpp" linenumber="50" name="or_ln50_1_i" contextFuncName="subWord" moduleName="keyExpand" rtlName="or_ln50_1_i_fu_584_p5" latency="0" BRAM="-1" DSP="-1" FF="-1" LUT="-1" fileDirectory="C:\Users\briasco-stewart.a\Desktop\aes_hw_impl\aes_hw_impl\aes_hw_impl_hls"&gt;&lt;\/item&gt;
<item  id="93" filename="../aes_key_expand.cpp" linenumber="70" name="trunc_ln1" contextFuncName="keyExpand" moduleName="keyExpand" rtlName="trunc_ln1_fu_563_p4" latency="0" BRAM="-1" DSP="-1" FF="-1" LUT="-1" fileDirectory="C:\Users\briasco-stewart.a\Desktop\aes_hw_impl\aes_hw_impl\aes_hw_impl_hls"&gt;&lt;\/item&gt;
<item  id="94" filename="../aes_key_expand.cpp" linenumber="70" name="add_ln70_2" contextFuncName="keyExpand" moduleName="keyExpand" rtlName="add_ln70_2_fu_573_p2" latency="0" BRAM="-1" DSP="-1" FF="0" LUT="13" fileDirectory="C:\Users\briasco-stewart.a\Desktop\aes_hw_impl\aes_hw_impl\aes_hw_impl_hls"&gt;&lt;\/item&gt;
<item  id="95" filename="../aes_key_expand.cpp" linenumber="70" name="zext_ln70_2" contextFuncName="keyExpand" moduleName="keyExpand" rtlName="zext_ln70_2_fu_579_p1" latency="0" BRAM="-1" DSP="-1" FF="-1" LUT="-1" fileDirectory="C:\Users\briasco-stewart.a\Desktop\aes_hw_impl\aes_hw_impl\aes_hw_impl_hls"&gt;&lt;\/item&gt;
<item  id="98" filename="../aes_key_expand.cpp" linenumber="70" name="xor_ln70" contextFuncName="keyExpand" moduleName="keyExpand" rtlName="xor_ln70_fu_596_p2" latency="0" BRAM="-1" DSP="-1" FF="0" LUT="32" fileDirectory="C:\Users\briasco-stewart.a\Desktop\aes_hw_impl\aes_hw_impl\aes_hw_impl_hls"&gt;&lt;\/item&gt;
<item  id="99" filename="../aes_key_expand.cpp" linenumber="70" name="xor_ln70_1" contextFuncName="keyExpand" moduleName="keyExpand" rtlName="xor_ln70_1_fu_602_p2" latency="0" BRAM="-1" DSP="-1" FF="0" LUT="32" fileDirectory="C:\Users\briasco-stewart.a\Desktop\aes_hw_impl\aes_hw_impl\aes_hw_impl_hls"&gt;&lt;\/item&gt;
<item  id="100" filename="../aes_key_expand.cpp" linenumber="70" name="zext_ln70_3" contextFuncName="keyExpand" moduleName="keyExpand" rtlName="zext_ln70_3_fu_608_p1" latency="0" BRAM="-1" DSP="-1" FF="-1" LUT="-1" fileDirectory="C:\Users\briasco-stewart.a\Desktop\aes_hw_impl\aes_hw_impl\aes_hw_impl_hls"&gt;&lt;\/item&gt;
<item  id="105" filename="../aes_key_expand.cpp" linenumber="68" name="i_1" contextFuncName="keyExpand" moduleName="keyExpand" rtlName="i_1_fu_613_p2" latency="0" BRAM="-1" DSP="-1" FF="0" LUT="15" fileDirectory="C:\Users\briasco-stewart.a\Desktop\aes_hw_impl\aes_hw_impl\aes_hw_impl_hls"&gt;&lt;\/item&gt;
<item  id="111" filename="../aes_key_expand.cpp" linenumber="79" name="icmp_ln79" contextFuncName="keyExpand" moduleName="keyExpand" rtlName="icmp_ln79_fu_619_p2" latency="0" BRAM="-1" DSP="-1" FF="0" LUT="11" fileDirectory="C:\Users\briasco-stewart.a\Desktop\aes_hw_impl\aes_hw_impl\aes_hw_impl_hls"&gt;&lt;\/item&gt;
<item  id="113" filename="../aes_key_expand.cpp" linenumber="79" name="i" contextFuncName="keyExpand" moduleName="keyExpand" rtlName="i_fu_625_p2" latency="0" BRAM="-1" DSP="-1" FF="0" LUT="15" fileDirectory="C:\Users\briasco-stewart.a\Desktop\aes_hw_impl\aes_hw_impl\aes_hw_impl_hls"&gt;&lt;\/item&gt;
<item  id="116" filename="../aes_key_expand.cpp" linenumber="80" name="zext_ln80" contextFuncName="keyExpand" moduleName="keyExpand" rtlName="zext_ln80_fu_631_p1" latency="0" BRAM="-1" DSP="-1" FF="-1" LUT="-1" fileDirectory="C:\Users\briasco-stewart.a\Desktop\aes_hw_impl\aes_hw_impl\aes_hw_impl_hls"&gt;&lt;\/item&gt;
<item  id="119" filename="../aes_key_expand.cpp" linenumber="80" name="shl_ln" contextFuncName="keyExpand" moduleName="keyExpand" rtlName="shl_ln_fu_636_p3" latency="0" BRAM="-1" DSP="-1" FF="-1" LUT="-1" fileDirectory="C:\Users\briasco-stewart.a\Desktop\aes_hw_impl\aes_hw_impl\aes_hw_impl_hls"&gt;&lt;\/item&gt;
<item  id="120" filename="../aes_key_expand.cpp" linenumber="80" name="zext_ln80_1" contextFuncName="keyExpand" moduleName="keyExpand" rtlName="zext_ln80_1_fu_644_p1" latency="0" BRAM="-1" DSP="-1" FF="-1" LUT="-1" fileDirectory="C:\Users\briasco-stewart.a\Desktop\aes_hw_impl\aes_hw_impl\aes_hw_impl_hls"&gt;&lt;\/item&gt;
<item  id="122" filename="../aes_key_expand.cpp" linenumber="80" name="or_ln80" contextFuncName="keyExpand" moduleName="keyExpand" rtlName="or_ln80_fu_649_p2" latency="0" BRAM="-1" DSP="-1" FF="0" LUT="8" fileDirectory="C:\Users\briasco-stewart.a\Desktop\aes_hw_impl\aes_hw_impl\aes_hw_impl_hls"&gt;&lt;\/item&gt;
<item  id="123" filename="../aes_key_expand.cpp" linenumber="80" name="zext_ln80_2" contextFuncName="keyExpand" moduleName="keyExpand" rtlName="zext_ln80_2_fu_655_p1" latency="0" BRAM="-1" DSP="-1" FF="-1" LUT="-1" fileDirectory="C:\Users\briasco-stewart.a\Desktop\aes_hw_impl\aes_hw_impl\aes_hw_impl_hls"&gt;&lt;\/item&gt;
<item  id="125" filename="../aes_key_expand.cpp" linenumber="80" name="or_ln80_1" contextFuncName="keyExpand" moduleName="keyExpand" rtlName="or_ln80_1_fu_696_p2" latency="0" BRAM="-1" DSP="-1" FF="0" LUT="8" fileDirectory="C:\Users\briasco-stewart.a\Desktop\aes_hw_impl\aes_hw_impl\aes_hw_impl_hls"&gt;&lt;\/item&gt;
<item  id="126" filename="../aes_key_expand.cpp" linenumber="80" name="zext_ln80_3" contextFuncName="keyExpand" moduleName="keyExpand" rtlName="zext_ln80_3_fu_701_p1" latency="0" BRAM="-1" DSP="-1" FF="-1" LUT="-1" fileDirectory="C:\Users\briasco-stewart.a\Desktop\aes_hw_impl\aes_hw_impl\aes_hw_impl_hls"&gt;&lt;\/item&gt;
<item  id="128" filename="../aes_key_expand.cpp" linenumber="80" name="or_ln80_2" contextFuncName="keyExpand" moduleName="keyExpand" rtlName="or_ln80_2_fu_706_p2" latency="0" BRAM="-1" DSP="-1" FF="0" LUT="8" fileDirectory="C:\Users\briasco-stewart.a\Desktop\aes_hw_impl\aes_hw_impl\aes_hw_impl_hls"&gt;&lt;\/item&gt;
<item  id="129" filename="../aes_key_expand.cpp" linenumber="80" name="zext_ln80_4" contextFuncName="keyExpand" moduleName="keyExpand" rtlName="zext_ln80_4_fu_711_p1" latency="0" BRAM="-1" DSP="-1" FF="-1" LUT="-1" fileDirectory="C:\Users\briasco-stewart.a\Desktop\aes_hw_impl\aes_hw_impl\aes_hw_impl_hls"&gt;&lt;\/item&gt;
<item  id="131" filename="../aes_key_expand.cpp" linenumber="16" name="a_write_assign" contextFuncName="deconWord" moduleName="keyExpand" rtlName="keys_d0" latency="0" BRAM="-1" DSP="-1" FF="-1" LUT="-1" fileDirectory="C:\Users\briasco-stewart.a\Desktop\aes_hw_impl\aes_hw_impl\aes_hw_impl_hls"&gt;&lt;\/item&gt;
<item  id="132" filename="../aes_key_expand.cpp" linenumber="17" name="b_write_assign" contextFuncName="deconWord" moduleName="keyExpand" rtlName="keys_d1" latency="0" BRAM="-1" DSP="-1" FF="-1" LUT="-1" fileDirectory="C:\Users\briasco-stewart.a\Desktop\aes_hw_impl\aes_hw_impl\aes_hw_impl_hls"&gt;&lt;\/item&gt;
<item  id="133" filename="../aes_key_expand.cpp" linenumber="18" name="c_write_assign" contextFuncName="deconWord" moduleName="keyExpand" rtlName="c_write_assign_reg_787" latency="0" BRAM="-1" DSP="-1" FF="-1" LUT="-1" fileDirectory="C:\Users\briasco-stewart.a\Desktop\aes_hw_impl\aes_hw_impl\aes_hw_impl_hls"&gt;&lt;\/item&gt;
<item  id="134" filename="../aes_key_expand.cpp" linenumber="19" name="trunc_ln19" contextFuncName="deconWord" moduleName="keyExpand" rtlName="trunc_ln19_fu_692_p1" latency="0" BRAM="-1" DSP="-1" FF="-1" LUT="-1" fileDirectory="C:\Users\briasco-stewart.a\Desktop\aes_hw_impl\aes_hw_impl\aes_hw_impl_hls"&gt;&lt;\/item&gt;
&lt;\/annotationInfo&gt;
<annotationInfo>
<item  id="5" filename="../addRoundKey.cpp" linenumber="11" name="trunc_ln11" contextFuncName="addRoundKey" moduleName="addRoundKey" rtlName="trunc_ln11_fu_63_p1" latency="0" BRAM="-1" DSP="-1" FF="-1" LUT="-1" fileDirectory="C:\Users\briasco-stewart.a\Desktop\aes_hw_impl\aes_hw_impl\aes_hw_impl_hls"&gt;&lt;\/item&gt;
<item  id="9" filename="../addRoundKey.cpp" linenumber="10" name="icmp_ln10" contextFuncName="addRoundKey" moduleName="addRoundKey" rtlName="icmp_ln10_fu_67_p2" latency="0" BRAM="-1" DSP="-1" FF="0" LUT="11" fileDirectory="C:\Users\briasco-stewart.a\Desktop\aes_hw_impl\aes_hw_impl\aes_hw_impl_hls"&gt;&lt;\/item&gt;
<item  id="11" filename="../addRoundKey.cpp" linenumber="10" name="i" contextFuncName="addRoundKey" moduleName="addRoundKey" rtlName="i_fu_73_p2" latency="0" BRAM="-1" DSP="-1" FF="0" LUT="15" fileDirectory="C:\Users\briasco-stewart.a\Desktop\aes_hw_impl\aes_hw_impl\aes_hw_impl_hls"&gt;&lt;\/item&gt;
<item  id="14" filename="../addRoundKey.cpp" linenumber="11" name="zext_ln11" contextFuncName="addRoundKey" moduleName="addRoundKey" rtlName="zext_ln11_fu_79_p1" latency="0" BRAM="-1" DSP="-1" FF="-1" LUT="-1" fileDirectory="C:\Users\briasco-stewart.a\Desktop\aes_hw_impl\aes_hw_impl\aes_hw_impl_hls"&gt;&lt;\/item&gt;
<item  id="15" filename="../addRoundKey.cpp" linenumber="11" name="zext_ln11_1" contextFuncName="addRoundKey" moduleName="addRoundKey" rtlName="zext_ln11_1_fu_84_p1" latency="0" BRAM="-1" DSP="-1" FF="-1" LUT="-1" fileDirectory="C:\Users\briasco-stewart.a\Desktop\aes_hw_impl\aes_hw_impl\aes_hw_impl_hls"&gt;&lt;\/item&gt;
<item  id="18" filename="../addRoundKey.cpp" linenumber="11" name="add_ln11" contextFuncName="addRoundKey" moduleName="addRoundKey" rtlName="add_ln11_fu_88_p2" latency="0" BRAM="-1" DSP="-1" FF="0" LUT="15" fileDirectory="C:\Users\briasco-stewart.a\Desktop\aes_hw_impl\aes_hw_impl\aes_hw_impl_hls"&gt;&lt;\/item&gt;
<item  id="19" filename="../addRoundKey.cpp" linenumber="11" name="zext_ln11_2" contextFuncName="addRoundKey" moduleName="addRoundKey" rtlName="zext_ln11_2_fu_93_p1" latency="0" BRAM="-1" DSP="-1" FF="-1" LUT="-1" fileDirectory="C:\Users\briasco-stewart.a\Desktop\aes_hw_impl\aes_hw_impl\aes_hw_impl_hls"&gt;&lt;\/item&gt;
<item  id="22" filename="../addRoundKey.cpp" linenumber="11" name="xor_ln11" contextFuncName="addRoundKey" moduleName="addRoundKey" rtlName="state_d0" latency="0" BRAM="-1" DSP="-1" FF="0" LUT="8" fileDirectory="C:\Users\briasco-stewart.a\Desktop\aes_hw_impl\aes_hw_impl\aes_hw_impl_hls"&gt;&lt;\/item&gt;
&lt;\/annotationInfo&gt;
<annotationInfo>
<item  id="17" filename="../mixcolumn.cpp" linenumber="135" name="icmp_ln135" contextFuncName="mixColViaLUT" moduleName="mixColViaLUT" rtlName="icmp_ln135_fu_220_p2" latency="0" BRAM="-1" DSP="-1" FF="0" LUT="9" fileDirectory="C:\Users\briasco-stewart.a\Desktop\aes_hw_impl\aes_hw_impl\aes_hw_impl_hls"&gt;&lt;\/item&gt;
<item  id="19" filename="../mixcolumn.cpp" linenumber="135" name="i" contextFuncName="mixColViaLUT" moduleName="mixColViaLUT" rtlName="i_fu_226_p2" latency="0" BRAM="-1" DSP="-1" FF="0" LUT="12" fileDirectory="C:\Users\briasco-stewart.a\Desktop\aes_hw_impl\aes_hw_impl\aes_hw_impl_hls"&gt;&lt;\/item&gt;
<item  id="22" filename="../mixcolumn.cpp" linenumber="136" name="zext_ln136" contextFuncName="mixColViaLUT" moduleName="mixColViaLUT" rtlName="zext_ln136_fu_232_p1" latency="0" BRAM="-1" DSP="-1" FF="-1" LUT="-1" fileDirectory="C:\Users\briasco-stewart.a\Desktop\aes_hw_impl\aes_hw_impl\aes_hw_impl_hls"&gt;&lt;\/item&gt;
<item  id="23" filename="../mixcolumn.cpp" linenumber="136" name="add_ln136" contextFuncName="mixColViaLUT" moduleName="mixColViaLUT" rtlName="add_ln136_fu_236_p2" latency="0" BRAM="-1" DSP="-1" FF="0" LUT="15" fileDirectory="C:\Users\briasco-stewart.a\Desktop\aes_hw_impl\aes_hw_impl\aes_hw_impl_hls"&gt;&lt;\/item&gt;
<item  id="24" filename="../mixcolumn.cpp" linenumber="136" name="zext_ln136_1" contextFuncName="mixColViaLUT" moduleName="mixColViaLUT" rtlName="zext_ln136_1_fu_241_p1" latency="0" BRAM="-1" DSP="-1" FF="-1" LUT="-1" fileDirectory="C:\Users\briasco-stewart.a\Desktop\aes_hw_impl\aes_hw_impl\aes_hw_impl_hls"&gt;&lt;\/item&gt;
<item  id="27" filename="../mixcolumn.cpp" linenumber="136" name="trunc_ln136" contextFuncName="mixColViaLUT" moduleName="mixColViaLUT" rtlName="trunc_ln136_fu_246_p1" latency="0" BRAM="-1" DSP="-1" FF="-1" LUT="-1" fileDirectory="C:\Users\briasco-stewart.a\Desktop\aes_hw_impl\aes_hw_impl\aes_hw_impl_hls"&gt;&lt;\/item&gt;
<item  id="48" filename="../mixcolumn.cpp" linenumber="138" name="zext_ln138" contextFuncName="mixColViaLUT" moduleName="mixColViaLUT" rtlName="zext_ln138_fu_262_p1" latency="0" BRAM="-1" DSP="-1" FF="-1" LUT="-1" fileDirectory="C:\Users\briasco-stewart.a\Desktop\aes_hw_impl\aes_hw_impl\aes_hw_impl_hls"&gt;&lt;\/item&gt;
<item  id="51" filename="../mixcolumn.cpp" linenumber="138" name="zext_ln138_1" contextFuncName="mixColViaLUT" moduleName="mixColViaLUT" rtlName="zext_ln138_1_fu_268_p1" latency="0" BRAM="-1" DSP="-1" FF="-1" LUT="-1" fileDirectory="C:\Users\briasco-stewart.a\Desktop\aes_hw_impl\aes_hw_impl\aes_hw_impl_hls"&gt;&lt;\/item&gt;
<item  id="54" filename="../mixcolumn.cpp" linenumber="138" name="xor_ln138" contextFuncName="mixColViaLUT" moduleName="mixColViaLUT" rtlName="xor_ln138_fu_306_p2" latency="0" BRAM="-1" DSP="-1" FF="0" LUT="8" fileDirectory="C:\Users\briasco-stewart.a\Desktop\aes_hw_impl\aes_hw_impl\aes_hw_impl_hls"&gt;&lt;\/item&gt;
<item  id="55" filename="../mixcolumn.cpp" linenumber="138" name="xor_ln138_1" contextFuncName="mixColViaLUT" moduleName="mixColViaLUT" rtlName="xor_ln138_1_fu_312_p2" latency="0" BRAM="-1" DSP="-1" FF="0" LUT="8" fileDirectory="C:\Users\briasco-stewart.a\Desktop\aes_hw_impl\aes_hw_impl\aes_hw_impl_hls"&gt;&lt;\/item&gt;
<item  id="56" filename="../mixcolumn.cpp" linenumber="138" name="xor_ln138_2" contextFuncName="mixColViaLUT" moduleName="mixColViaLUT" rtlName="xor_ln138_2_fu_316_p2" latency="0" BRAM="-1" DSP="-1" FF="0" LUT="8" fileDirectory="C:\Users\briasco-stewart.a\Desktop\aes_hw_impl\aes_hw_impl\aes_hw_impl_hls"&gt;&lt;\/item&gt;
<item  id="60" filename="../mixcolumn.cpp" linenumber="139" name="zext_ln139" contextFuncName="mixColViaLUT" moduleName="mixColViaLUT" rtlName="zext_ln139_fu_274_p1" latency="0" BRAM="-1" DSP="-1" FF="-1" LUT="-1" fileDirectory="C:\Users\briasco-stewart.a\Desktop\aes_hw_impl\aes_hw_impl\aes_hw_impl_hls"&gt;&lt;\/item&gt;
<item  id="63" filename="../mixcolumn.cpp" linenumber="139" name="xor_ln139" contextFuncName="mixColViaLUT" moduleName="mixColViaLUT" rtlName="xor_ln139_fu_323_p2" latency="0" BRAM="-1" DSP="-1" FF="0" LUT="8" fileDirectory="C:\Users\briasco-stewart.a\Desktop\aes_hw_impl\aes_hw_impl\aes_hw_impl_hls"&gt;&lt;\/item&gt;
<item  id="64" filename="../mixcolumn.cpp" linenumber="139" name="xor_ln139_1" contextFuncName="mixColViaLUT" moduleName="mixColViaLUT" rtlName="xor_ln139_1_fu_329_p2" latency="0" BRAM="-1" DSP="-1" FF="0" LUT="8" fileDirectory="C:\Users\briasco-stewart.a\Desktop\aes_hw_impl\aes_hw_impl\aes_hw_impl_hls"&gt;&lt;\/item&gt;
<item  id="65" filename="../mixcolumn.cpp" linenumber="139" name="xor_ln139_2" contextFuncName="mixColViaLUT" moduleName="mixColViaLUT" rtlName="xor_ln139_2_fu_333_p2" latency="0" BRAM="-1" DSP="-1" FF="0" LUT="8" fileDirectory="C:\Users\briasco-stewart.a\Desktop\aes_hw_impl\aes_hw_impl\aes_hw_impl_hls"&gt;&lt;\/item&gt;
<item  id="66" filename="../mixcolumn.cpp" linenumber="139" name="add_ln139" contextFuncName="mixColViaLUT" moduleName="mixColViaLUT" rtlName="add_ln139_fu_340_p2" latency="0" BRAM="-1" DSP="-1" FF="0" LUT="15" fileDirectory="C:\Users\briasco-stewart.a\Desktop\aes_hw_impl\aes_hw_impl\aes_hw_impl_hls"&gt;&lt;\/item&gt;
<item  id="67" filename="../mixcolumn.cpp" linenumber="139" name="zext_ln139_1" contextFuncName="mixColViaLUT" moduleName="mixColViaLUT" rtlName="zext_ln139_1_fu_345_p1" latency="0" BRAM="-1" DSP="-1" FF="-1" LUT="-1" fileDirectory="C:\Users\briasco-stewart.a\Desktop\aes_hw_impl\aes_hw_impl\aes_hw_impl_hls"&gt;&lt;\/item&gt;
<item  id="72" filename="../mixcolumn.cpp" linenumber="140" name="zext_ln140" contextFuncName="mixColViaLUT" moduleName="mixColViaLUT" rtlName="zext_ln140_fu_280_p1" latency="0" BRAM="-1" DSP="-1" FF="-1" LUT="-1" fileDirectory="C:\Users\briasco-stewart.a\Desktop\aes_hw_impl\aes_hw_impl\aes_hw_impl_hls"&gt;&lt;\/item&gt;
<item  id="75" filename="../mixcolumn.cpp" linenumber="140" name="xor_ln140" contextFuncName="mixColViaLUT" moduleName="mixColViaLUT" rtlName="xor_ln140_fu_350_p2" latency="0" BRAM="-1" DSP="-1" FF="0" LUT="8" fileDirectory="C:\Users\briasco-stewart.a\Desktop\aes_hw_impl\aes_hw_impl\aes_hw_impl_hls"&gt;&lt;\/item&gt;
<item  id="76" filename="../mixcolumn.cpp" linenumber="140" name="xor_ln140_1" contextFuncName="mixColViaLUT" moduleName="mixColViaLUT" rtlName="xor_ln140_1_fu_356_p2" latency="0" BRAM="-1" DSP="-1" FF="0" LUT="8" fileDirectory="C:\Users\briasco-stewart.a\Desktop\aes_hw_impl\aes_hw_impl\aes_hw_impl_hls"&gt;&lt;\/item&gt;
<item  id="77" filename="../mixcolumn.cpp" linenumber="140" name="xor_ln140_2" contextFuncName="mixColViaLUT" moduleName="mixColViaLUT" rtlName="xor_ln140_2_fu_360_p2" latency="0" BRAM="-1" DSP="-1" FF="0" LUT="8" fileDirectory="C:\Users\briasco-stewart.a\Desktop\aes_hw_impl\aes_hw_impl\aes_hw_impl_hls"&gt;&lt;\/item&gt;
<item  id="78" filename="../mixcolumn.cpp" linenumber="140" name="add_ln140" contextFuncName="mixColViaLUT" moduleName="mixColViaLUT" rtlName="add_ln140_fu_382_p2" latency="0" BRAM="-1" DSP="-1" FF="0" LUT="15" fileDirectory="C:\Users\briasco-stewart.a\Desktop\aes_hw_impl\aes_hw_impl\aes_hw_impl_hls"&gt;&lt;\/item&gt;
<item  id="79" filename="../mixcolumn.cpp" linenumber="140" name="zext_ln140_1" contextFuncName="mixColViaLUT" moduleName="mixColViaLUT" rtlName="zext_ln140_1_fu_387_p1" latency="0" BRAM="-1" DSP="-1" FF="-1" LUT="-1" fileDirectory="C:\Users\briasco-stewart.a\Desktop\aes_hw_impl\aes_hw_impl\aes_hw_impl_hls"&gt;&lt;\/item&gt;
<item  id="86" filename="../mixcolumn.cpp" linenumber="141" name="xor_ln141" contextFuncName="mixColViaLUT" moduleName="mixColViaLUT" rtlName="xor_ln141_fu_366_p2" latency="0" BRAM="-1" DSP="-1" FF="0" LUT="8" fileDirectory="C:\Users\briasco-stewart.a\Desktop\aes_hw_impl\aes_hw_impl\aes_hw_impl_hls"&gt;&lt;\/item&gt;
<item  id="87" filename="../mixcolumn.cpp" linenumber="141" name="xor_ln141_1" contextFuncName="mixColViaLUT" moduleName="mixColViaLUT" rtlName="xor_ln141_1_fu_372_p2" latency="0" BRAM="-1" DSP="-1" FF="0" LUT="8" fileDirectory="C:\Users\briasco-stewart.a\Desktop\aes_hw_impl\aes_hw_impl\aes_hw_impl_hls"&gt;&lt;\/item&gt;
<item  id="88" filename="../mixcolumn.cpp" linenumber="141" name="xor_ln141_2" contextFuncName="mixColViaLUT" moduleName="mixColViaLUT" rtlName="xor_ln141_2_fu_376_p2" latency="0" BRAM="-1" DSP="-1" FF="0" LUT="8" fileDirectory="C:\Users\briasco-stewart.a\Desktop\aes_hw_impl\aes_hw_impl\aes_hw_impl_hls"&gt;&lt;\/item&gt;
<item  id="89" filename="../mixcolumn.cpp" linenumber="141" name="add_ln141" contextFuncName="mixColViaLUT" moduleName="mixColViaLUT" rtlName="add_ln141_fu_392_p2" latency="0" BRAM="-1" DSP="-1" FF="0" LUT="15" fileDirectory="C:\Users\briasco-stewart.a\Desktop\aes_hw_impl\aes_hw_impl\aes_hw_impl_hls"&gt;&lt;\/item&gt;
<item  id="90" filename="../mixcolumn.cpp" linenumber="141" name="zext_ln141" contextFuncName="mixColViaLUT" moduleName="mixColViaLUT" rtlName="zext_ln141_fu_397_p1" latency="0" BRAM="-1" DSP="-1" FF="-1" LUT="-1" fileDirectory="C:\Users\briasco-stewart.a\Desktop\aes_hw_impl\aes_hw_impl\aes_hw_impl_hls"&gt;&lt;\/item&gt;
&lt;\/annotationInfo&gt;
<annotationInfo>
<item  id="73" filename="../aes_main.cpp" linenumber="19" name="iencrypted" contextFuncName="aes_encrypt" moduleName="aes_encrypt" rtlName="iencrypted_U" latency="0" BRAM="-1" DSP="-1" FF="-1" LUT="-1" fileDirectory="C:\Users\briasco-stewart.a\Desktop\aes_hw_impl\aes_hw_impl\aes_hw_impl_hls"&gt;&lt;\/item&gt;
<item  id="74" filename="../aes_main.cpp" linenumber="37" name="roundKeys" contextFuncName="aes_encrypt" moduleName="aes_encrypt" rtlName="roundKeys_U" latency="0" BRAM="-1" DSP="-1" FF="-1" LUT="-1" fileDirectory="C:\Users\briasco-stewart.a\Desktop\aes_hw_impl\aes_hw_impl\aes_hw_impl_hls"&gt;&lt;\/item&gt;
<item  id="107" filename="../aes_main.cpp" linenumber="43" name="_ln43" contextFuncName="aes_encrypt" moduleName="aes_encrypt" rtlName="grp_keyExpand_fu_600" latency="1" BRAM="-1" DSP="-1" FF="-1" LUT="-1" fileDirectory="C:\Users\briasco-stewart.a\Desktop\aes_hw_impl\aes_hw_impl\aes_hw_impl_hls"&gt;&lt;\/item&gt;
<item  id="108" filename="../aes_main.cpp" linenumber="46" name="_ln46" contextFuncName="aes_encrypt" moduleName="aes_encrypt" rtlName="grp_addRoundKey_fu_652" latency="1" BRAM="-1" DSP="-1" FF="-1" LUT="-1" fileDirectory="C:\Users\briasco-stewart.a\Desktop\aes_hw_impl\aes_hw_impl\aes_hw_impl_hls"&gt;&lt;\/item&gt;
<item  id="112" filename="../aes_main.cpp" linenumber="50" name="icmp_ln50" contextFuncName="aes_encrypt" moduleName="aes_encrypt" rtlName="icmp_ln50_fu_708_p2" latency="0" BRAM="-1" DSP="-1" FF="0" LUT="9" fileDirectory="C:\Users\briasco-stewart.a\Desktop\aes_hw_impl\aes_hw_impl\aes_hw_impl_hls"&gt;&lt;\/item&gt;
<item  id="114" filename="../aes_main.cpp" linenumber="50" name="i_3" contextFuncName="aes_encrypt" moduleName="aes_encrypt" rtlName="i_3_fu_714_p2" latency="0" BRAM="-1" DSP="-1" FF="0" LUT="13" fileDirectory="C:\Users\briasco-stewart.a\Desktop\aes_hw_impl\aes_hw_impl\aes_hw_impl_hls"&gt;&lt;\/item&gt;
<item  id="121" filename="../sbox.cpp" linenumber="66" name="icmp_ln66_1" contextFuncName="forwardSubst1" moduleName="aes_encrypt" rtlName="icmp_ln66_1_fu_720_p2" latency="0" BRAM="-1" DSP="-1" FF="0" LUT="11" fileDirectory="C:\Users\briasco-stewart.a\Desktop\aes_hw_impl\aes_hw_impl\aes_hw_impl_hls"&gt;&lt;\/item&gt;
<item  id="123" filename="../sbox.cpp" linenumber="66" name="i_2" contextFuncName="forwardSubst1" moduleName="aes_encrypt" rtlName="i_2_fu_726_p2" latency="0" BRAM="-1" DSP="-1" FF="0" LUT="15" fileDirectory="C:\Users\briasco-stewart.a\Desktop\aes_hw_impl\aes_hw_impl\aes_hw_impl_hls"&gt;&lt;\/item&gt;
<item  id="126" filename="../sbox.cpp" linenumber="67" name="zext_ln67_2" contextFuncName="forwardSubst1" moduleName="aes_encrypt" rtlName="zext_ln67_2_fu_732_p1" latency="0" BRAM="-1" DSP="-1" FF="-1" LUT="-1" fileDirectory="C:\Users\briasco-stewart.a\Desktop\aes_hw_impl\aes_hw_impl\aes_hw_impl_hls"&gt;&lt;\/item&gt;
<item  id="129" filename="../sbox.cpp" linenumber="67" name="zext_ln67_3" contextFuncName="forwardSubst1" moduleName="aes_encrypt" rtlName="zext_ln67_3_fu_737_p1" latency="0" BRAM="-1" DSP="-1" FF="-1" LUT="-1" fileDirectory="C:\Users\briasco-stewart.a\Desktop\aes_hw_impl\aes_hw_impl\aes_hw_impl_hls"&gt;&lt;\/item&gt;
<item  id="163" filename="../mixcolumn.cpp" linenumber="161" name="icmp_ln161" contextFuncName="mixColumnsInBlock" moduleName="aes_encrypt" rtlName="icmp_ln161_fu_742_p2" latency="0" BRAM="-1" DSP="-1" FF="0" LUT="9" fileDirectory="C:\Users\briasco-stewart.a\Desktop\aes_hw_impl\aes_hw_impl\aes_hw_impl_hls"&gt;&lt;\/item&gt;
<item  id="165" filename="../mixcolumn.cpp" linenumber="161" name="i_4" contextFuncName="mixColumnsInBlock" moduleName="aes_encrypt" rtlName="i_4_fu_748_p2" latency="0" BRAM="-1" DSP="-1" FF="0" LUT="12" fileDirectory="C:\Users\briasco-stewart.a\Desktop\aes_hw_impl\aes_hw_impl\aes_hw_impl_hls"&gt;&lt;\/item&gt;
<item  id="168" filename="../mixcolumn.cpp" linenumber="162" name="_ln162" contextFuncName="mixColumnsInBlock" moduleName="aes_encrypt" rtlName="grp_mixColViaLUT_fu_641" latency="1" BRAM="-1" DSP="-1" FF="-1" LUT="-1" fileDirectory="C:\Users\briasco-stewart.a\Desktop\aes_hw_impl\aes_hw_impl\aes_hw_impl_hls"&gt;&lt;\/item&gt;
<item  id="169" filename="../mixcolumn.cpp" linenumber="164" name="add_ln164" contextFuncName="mixColumnsInBlock" moduleName="aes_encrypt" rtlName="add_ln164_fu_754_p2" latency="0" BRAM="-1" DSP="-1" FF="0" LUT="15" fileDirectory="C:\Users\briasco-stewart.a\Desktop\aes_hw_impl\aes_hw_impl\aes_hw_impl_hls"&gt;&lt;\/item&gt;
<item  id="172" filename="../aes_main.cpp" linenumber="54" name="shl_ln" contextFuncName="aes_encrypt" moduleName="aes_encrypt" rtlName="shl_ln_fu_760_p3" latency="0" BRAM="-1" DSP="-1" FF="-1" LUT="-1" fileDirectory="C:\Users\briasco-stewart.a\Desktop\aes_hw_impl\aes_hw_impl\aes_hw_impl_hls"&gt;&lt;\/item&gt;
<item  id="173" filename="../aes_main.cpp" linenumber="54" name="add_ln54" contextFuncName="aes_encrypt" moduleName="aes_encrypt" rtlName="add_ln54_fu_768_p2" latency="0" BRAM="-1" DSP="-1" FF="0" LUT="15" fileDirectory="C:\Users\briasco-stewart.a\Desktop\aes_hw_impl\aes_hw_impl\aes_hw_impl_hls"&gt;&lt;\/item&gt;
<item  id="174" filename="../aes_main.cpp" linenumber="54" name="zext_ln54" contextFuncName="aes_encrypt" moduleName="aes_encrypt" rtlName="zext_ln54_fu_774_p1" latency="0" BRAM="-1" DSP="-1" FF="-1" LUT="-1" fileDirectory="C:\Users\briasco-stewart.a\Desktop\aes_hw_impl\aes_hw_impl\aes_hw_impl_hls"&gt;&lt;\/item&gt;
<item  id="175" filename="../aes_main.cpp" linenumber="54" name="_ln54" contextFuncName="aes_encrypt" moduleName="aes_encrypt" rtlName="grp_addRoundKey_fu_652" latency="1" BRAM="-1" DSP="-1" FF="-1" LUT="-1" fileDirectory="C:\Users\briasco-stewart.a\Desktop\aes_hw_impl\aes_hw_impl\aes_hw_impl_hls"&gt;&lt;\/item&gt;
<item  id="181" filename="../sbox.cpp" linenumber="66" name="icmp_ln66" contextFuncName="forwardSubst1" moduleName="aes_encrypt" rtlName="icmp_ln66_fu_779_p2" latency="0" BRAM="-1" DSP="-1" FF="0" LUT="11" fileDirectory="C:\Users\briasco-stewart.a\Desktop\aes_hw_impl\aes_hw_impl\aes_hw_impl_hls"&gt;&lt;\/item&gt;
<item  id="183" filename="../sbox.cpp" linenumber="66" name="i" contextFuncName="forwardSubst1" moduleName="aes_encrypt" rtlName="i_fu_785_p2" latency="0" BRAM="-1" DSP="-1" FF="0" LUT="15" fileDirectory="C:\Users\briasco-stewart.a\Desktop\aes_hw_impl\aes_hw_impl\aes_hw_impl_hls"&gt;&lt;\/item&gt;
<item  id="186" filename="../sbox.cpp" linenumber="67" name="zext_ln67" contextFuncName="forwardSubst1" moduleName="aes_encrypt" rtlName="zext_ln67_fu_791_p1" latency="0" BRAM="-1" DSP="-1" FF="-1" LUT="-1" fileDirectory="C:\Users\briasco-stewart.a\Desktop\aes_hw_impl\aes_hw_impl\aes_hw_impl_hls"&gt;&lt;\/item&gt;
<item  id="189" filename="../sbox.cpp" linenumber="67" name="zext_ln67_1" contextFuncName="forwardSubst1" moduleName="aes_encrypt" rtlName="zext_ln67_1_fu_796_p1" latency="0" BRAM="-1" DSP="-1" FF="-1" LUT="-1" fileDirectory="C:\Users\briasco-stewart.a\Desktop\aes_hw_impl\aes_hw_impl\aes_hw_impl_hls"&gt;&lt;\/item&gt;
<item  id="219" filename="../aes_main.cpp" linenumber="60" name="_ln60" contextFuncName="aes_encrypt" moduleName="aes_encrypt" rtlName="grp_addRoundKey_fu_652" latency="1" BRAM="-1" DSP="-1" FF="-1" LUT="-1" fileDirectory="C:\Users\briasco-stewart.a\Desktop\aes_hw_impl\aes_hw_impl\aes_hw_impl_hls"&gt;&lt;\/item&gt;
&lt;\/annotationInfo&gt;
<annotationInfo>
<item  id="53" filename="../aes_main.cpp" linenumber="74" name="blockarr_15" contextFuncName="bigIntToArr" moduleName="aes_encrypt_impl" rtlName="blockarr_15_fu_257_p1" latency="0" BRAM="-1" DSP="-1" FF="-1" LUT="-1" fileDirectory="C:\Users\briasco-stewart.a\Desktop\aes_hw_impl\aes_hw_impl\aes_hw_impl_hls"><\/item>
<item  id="54" filename="../aes_main.cpp" linenumber="74" name="blockarr_14" contextFuncName="bigIntToArr" moduleName="aes_encrypt_impl" rtlName="blockarr_14_reg_749" latency="0" BRAM="-1" DSP="-1" FF="-1" LUT="-1" fileDirectory="C:\Users\briasco-stewart.a\Desktop\aes_hw_impl\aes_hw_impl\aes_hw_impl_hls"><\/item>
<item  id="55" filename="../aes_main.cpp" linenumber="74" name="blockarr_13" contextFuncName="bigIntToArr" moduleName="aes_encrypt_impl" rtlName="blockarr_13_reg_754" latency="0" BRAM="-1" DSP="-1" FF="-1" LUT="-1" fileDirectory="C:\Users\briasco-stewart.a\Desktop\aes_hw_impl\aes_hw_impl\aes_hw_impl_hls"><\/item>
<item  id="56" filename="../aes_main.cpp" linenumber="74" name="blockarr_12" contextFuncName="bigIntToArr" moduleName="aes_encrypt_impl" rtlName="blockarr_12_reg_759" latency="0" BRAM="-1" DSP="-1" FF="-1" LUT="-1" fileDirectory="C:\Users\briasco-stewart.a\Desktop\aes_hw_impl\aes_hw_impl\aes_hw_impl_hls"><\/item>
<item  id="57" filename="../aes_main.cpp" linenumber="74" name="blockarr_11" contextFuncName="bigIntToArr" moduleName="aes_encrypt_impl" rtlName="blockarr_11_reg_764" latency="0" BRAM="-1" DSP="-1" FF="-1" LUT="-1" fileDirectory="C:\Users\briasco-stewart.a\Desktop\aes_hw_impl\aes_hw_impl\aes_hw_impl_hls"><\/item>
<item  id="58" filename="../aes_main.cpp" linenumber="74" name="blockarr_10" contextFuncName="bigIntToArr" moduleName="aes_encrypt_impl" rtlName="blockarr_10_reg_769" latency="0" BRAM="-1" DSP="-1" FF="-1" LUT="-1" fileDirectory="C:\Users\briasco-stewart.a\Desktop\aes_hw_impl\aes_hw_impl\aes_hw_impl_hls"><\/item>
<item  id="59" filename="../aes_main.cpp" linenumber="74" name="blockarr_9" contextFuncName="bigIntToArr" moduleName="aes_encrypt_impl" rtlName="blockarr_9_reg_774" latency="0" BRAM="-1" DSP="-1" FF="-1" LUT="-1" fileDirectory="C:\Users\briasco-stewart.a\Desktop\aes_hw_impl\aes_hw_impl\aes_hw_impl_hls"><\/item>
<item  id="60" filename="../aes_main.cpp" linenumber="74" name="blockarr_8" contextFuncName="bigIntToArr" moduleName="aes_encrypt_impl" rtlName="blockarr_8_reg_779" latency="0" BRAM="-1" DSP="-1" FF="-1" LUT="-1" fileDirectory="C:\Users\briasco-stewart.a\Desktop\aes_hw_impl\aes_hw_impl\aes_hw_impl_hls"><\/item>
<item  id="61" filename="../aes_main.cpp" linenumber="74" name="blockarr_7" contextFuncName="bigIntToArr" moduleName="aes_encrypt_impl" rtlName="blockarr_7_reg_784" latency="0" BRAM="-1" DSP="-1" FF="-1" LUT="-1" fileDirectory="C:\Users\briasco-stewart.a\Desktop\aes_hw_impl\aes_hw_impl\aes_hw_impl_hls"><\/item>
<item  id="62" filename="../aes_main.cpp" linenumber="74" name="blockarr_6" contextFuncName="bigIntToArr" moduleName="aes_encrypt_impl" rtlName="blockarr_6_reg_789" latency="0" BRAM="-1" DSP="-1" FF="-1" LUT="-1" fileDirectory="C:\Users\briasco-stewart.a\Desktop\aes_hw_impl\aes_hw_impl\aes_hw_impl_hls"><\/item>
<item  id="63" filename="../aes_main.cpp" linenumber="74" name="blockarr_5" contextFuncName="bigIntToArr" moduleName="aes_encrypt_impl" rtlName="blockarr_5_reg_794" latency="0" BRAM="-1" DSP="-1" FF="-1" LUT="-1" fileDirectory="C:\Users\briasco-stewart.a\Desktop\aes_hw_impl\aes_hw_impl\aes_hw_impl_hls"><\/item>
<item  id="64" filename="../aes_main.cpp" linenumber="74" name="blockarr_4" contextFuncName="bigIntToArr" moduleName="aes_encrypt_impl" rtlName="blockarr_4_reg_799" latency="0" BRAM="-1" DSP="-1" FF="-1" LUT="-1" fileDirectory="C:\Users\briasco-stewart.a\Desktop\aes_hw_impl\aes_hw_impl\aes_hw_impl_hls"><\/item>
<item  id="65" filename="../aes_main.cpp" linenumber="74" name="blockarr_3" contextFuncName="bigIntToArr" moduleName="aes_encrypt_impl" rtlName="blockarr_3_reg_804" latency="0" BRAM="-1" DSP="-1" FF="-1" LUT="-1" fileDirectory="C:\Users\briasco-stewart.a\Desktop\aes_hw_impl\aes_hw_impl\aes_hw_impl_hls"><\/item>
<item  id="66" filename="../aes_main.cpp" linenumber="74" name="blockarr_2" contextFuncName="bigIntToArr" moduleName="aes_encrypt_impl" rtlName="blockarr_2_reg_809" latency="0" BRAM="-1" DSP="-1" FF="-1" LUT="-1" fileDirectory="C:\Users\briasco-stewart.a\Desktop\aes_hw_impl\aes_hw_impl\aes_hw_impl_hls"><\/item>
<item  id="67" filename="../aes_main.cpp" linenumber="74" name="blockarr_1" contextFuncName="bigIntToArr" moduleName="aes_encrypt_impl" rtlName="blockarr_1_reg_814" latency="0" BRAM="-1" DSP="-1" FF="-1" LUT="-1" fileDirectory="C:\Users\briasco-stewart.a\Desktop\aes_hw_impl\aes_hw_impl\aes_hw_impl_hls"><\/item>
<item  id="68" filename="../aes_main.cpp" linenumber="74" name="blockarr_0" contextFuncName="bigIntToArr" moduleName="aes_encrypt_impl" rtlName="blockarr_0_reg_819" latency="0" BRAM="-1" DSP="-1" FF="-1" LUT="-1" fileDirectory="C:\Users\briasco-stewart.a\Desktop\aes_hw_impl\aes_hw_impl\aes_hw_impl_hls"><\/item>
<item  id="69" filename="../aes_main.cpp" linenumber="74" name="keyarr_15" contextFuncName="bigIntToArr" moduleName="aes_encrypt_impl" rtlName="keyarr_15_fu_427_p1" latency="0" BRAM="-1" DSP="-1" FF="-1" LUT="-1" fileDirectory="C:\Users\briasco-stewart.a\Desktop\aes_hw_impl\aes_hw_impl\aes_hw_impl_hls"><\/item>
<item  id="70" filename="../aes_main.cpp" linenumber="74" name="keyarr_14" contextFuncName="bigIntToArr" moduleName="aes_encrypt_impl" rtlName="keyarr_14_reg_829" latency="0" BRAM="-1" DSP="-1" FF="-1" LUT="-1" fileDirectory="C:\Users\briasco-stewart.a\Desktop\aes_hw_impl\aes_hw_impl\aes_hw_impl_hls"><\/item>
<item  id="71" filename="../aes_main.cpp" linenumber="74" name="keyarr_13" contextFuncName="bigIntToArr" moduleName="aes_encrypt_impl" rtlName="keyarr_13_reg_834" latency="0" BRAM="-1" DSP="-1" FF="-1" LUT="-1" fileDirectory="C:\Users\briasco-stewart.a\Desktop\aes_hw_impl\aes_hw_impl\aes_hw_impl_hls"><\/item>
<item  id="72" filename="../aes_main.cpp" linenumber="74" name="keyarr_12" contextFuncName="bigIntToArr" moduleName="aes_encrypt_impl" rtlName="keyarr_12_reg_839" latency="0" BRAM="-1" DSP="-1" FF="-1" LUT="-1" fileDirectory="C:\Users\briasco-stewart.a\Desktop\aes_hw_impl\aes_hw_impl\aes_hw_impl_hls"><\/item>
<item  id="73" filename="../aes_main.cpp" linenumber="74" name="keyarr_11" contextFuncName="bigIntToArr" moduleName="aes_encrypt_impl" rtlName="keyarr_11_reg_844" latency="0" BRAM="-1" DSP="-1" FF="-1" LUT="-1" fileDirectory="C:\Users\briasco-stewart.a\Desktop\aes_hw_impl\aes_hw_impl\aes_hw_impl_hls"><\/item>
<item  id="74" filename="../aes_main.cpp" linenumber="74" name="keyarr_10" contextFuncName="bigIntToArr" moduleName="aes_encrypt_impl" rtlName="keyarr_10_reg_849" latency="0" BRAM="-1" DSP="-1" FF="-1" LUT="-1" fileDirectory="C:\Users\briasco-stewart.a\Desktop\aes_hw_impl\aes_hw_impl\aes_hw_impl_hls"><\/item>
<item  id="75" filename="../aes_main.cpp" linenumber="74" name="keyarr_9" contextFuncName="bigIntToArr" moduleName="aes_encrypt_impl" rtlName="keyarr_9_reg_854" latency="0" BRAM="-1" DSP="-1" FF="-1" LUT="-1" fileDirectory="C:\Users\briasco-stewart.a\Desktop\aes_hw_impl\aes_hw_impl\aes_hw_impl_hls"><\/item>
<item  id="76" filename="../aes_main.cpp" linenumber="74" name="keyarr_8" contextFuncName="bigIntToArr" moduleName="aes_encrypt_impl" rtlName="keyarr_8_reg_859" latency="0" BRAM="-1" DSP="-1" FF="-1" LUT="-1" fileDirectory="C:\Users\briasco-stewart.a\Desktop\aes_hw_impl\aes_hw_impl\aes_hw_impl_hls"><\/item>
<item  id="77" filename="../aes_main.cpp" linenumber="74" name="keyarr_7" contextFuncName="bigIntToArr" moduleName="aes_encrypt_impl" rtlName="keyarr_7_reg_864" latency="0" BRAM="-1" DSP="-1" FF="-1" LUT="-1" fileDirectory="C:\Users\briasco-stewart.a\Desktop\aes_hw_impl\aes_hw_impl\aes_hw_impl_hls"><\/item>
<item  id="78" filename="../aes_main.cpp" linenumber="74" name="keyarr_6" contextFuncName="bigIntToArr" moduleName="aes_encrypt_impl" rtlName="keyarr_6_reg_869" latency="0" BRAM="-1" DSP="-1" FF="-1" LUT="-1" fileDirectory="C:\Users\briasco-stewart.a\Desktop\aes_hw_impl\aes_hw_impl\aes_hw_impl_hls"><\/item>
<item  id="79" filename="../aes_main.cpp" linenumber="74" name="keyarr_5" contextFuncName="bigIntToArr" moduleName="aes_encrypt_impl" rtlName="keyarr_5_reg_874" latency="0" BRAM="-1" DSP="-1" FF="-1" LUT="-1" fileDirectory="C:\Users\briasco-stewart.a\Desktop\aes_hw_impl\aes_hw_impl\aes_hw_impl_hls"><\/item>
<item  id="80" filename="../aes_main.cpp" linenumber="74" name="keyarr_4" contextFuncName="bigIntToArr" moduleName="aes_encrypt_impl" rtlName="keyarr_4_reg_879" latency="0" BRAM="-1" DSP="-1" FF="-1" LUT="-1" fileDirectory="C:\Users\briasco-stewart.a\Desktop\aes_hw_impl\aes_hw_impl\aes_hw_impl_hls"><\/item>
<item  id="81" filename="../aes_main.cpp" linenumber="74" name="keyarr_3" contextFuncName="bigIntToArr" moduleName="aes_encrypt_impl" rtlName="keyarr_3_reg_884" latency="0" BRAM="-1" DSP="-1" FF="-1" LUT="-1" fileDirectory="C:\Users\briasco-stewart.a\Desktop\aes_hw_impl\aes_hw_impl\aes_hw_impl_hls"><\/item>
<item  id="82" filename="../aes_main.cpp" linenumber="74" name="keyarr_2" contextFuncName="bigIntToArr" moduleName="aes_encrypt_impl" rtlName="keyarr_2_reg_889" latency="0" BRAM="-1" DSP="-1" FF="-1" LUT="-1" fileDirectory="C:\Users\briasco-stewart.a\Desktop\aes_hw_impl\aes_hw_impl\aes_hw_impl_hls"><\/item>
<item  id="83" filename="../aes_main.cpp" linenumber="74" name="keyarr_1" contextFuncName="bigIntToArr" moduleName="aes_encrypt_impl" rtlName="keyarr_1_reg_894" latency="0" BRAM="-1" DSP="-1" FF="-1" LUT="-1" fileDirectory="C:\Users\briasco-stewart.a\Desktop\aes_hw_impl\aes_hw_impl\aes_hw_impl_hls"><\/item>
<item  id="84" filename="../aes_main.cpp" linenumber="74" name="keyarr_0" contextFuncName="bigIntToArr" moduleName="aes_encrypt_impl" rtlName="keyarr_0_reg_899" latency="0" BRAM="-1" DSP="-1" FF="-1" LUT="-1" fileDirectory="C:\Users\briasco-stewart.a\Desktop\aes_hw_impl\aes_hw_impl\aes_hw_impl_hls"><\/item>
<item  id="85" filename="../aes_main.cpp" linenumber="99" name="call_ret" contextFuncName="aes_encrypt_impl" moduleName="aes_encrypt_impl" rtlName="grp_aes_encrypt_fu_185" latency="1" BRAM="-1" DSP="-1" FF="-1" LUT="-1" fileDirectory="C:\Users\briasco-stewart.a\Desktop\aes_hw_impl\aes_hw_impl\aes_hw_impl_hls"><\/item>
<item  id="102" filename="../aes_main.cpp" linenumber="82" name="tmp" contextFuncName="arrToBigInt" moduleName="aes_encrypt_impl" rtlName="tmp_fu_661_p12" latency="0" BRAM="-1" DSP="-1" FF="-1" LUT="-1" fileDirectory="C:\Users\briasco-stewart.a\Desktop\aes_hw_impl\aes_hw_impl\aes_hw_impl_hls"><\/item>
<item  id="103" filename="../aes_main.cpp" linenumber="82" name="tmp2" contextFuncName="arrToBigInt" moduleName="aes_encrypt_impl" rtlName="tmp2_fu_687_p7" latency="0" BRAM="-1" DSP="-1" FF="-1" LUT="-1" fileDirectory="C:\Users\briasco-stewart.a\Desktop\aes_hw_impl\aes_hw_impl\aes_hw_impl_hls"><\/item>
<item  id="104" filename="../aes_main.cpp" linenumber="82" name="zext_ln719" contextFuncName="arrToBigInt" moduleName="aes_encrypt_impl" rtlName="zext_ln719_fu_703_p1" latency="0" BRAM="-1" DSP="-1" FF="-1" LUT="-1" fileDirectory="C:\Users\briasco-stewart.a\Desktop\aes_hw_impl\aes_hw_impl\aes_hw_impl_hls"><\/item>
<item  id="105" filename="../aes_main.cpp" linenumber="82" name="ansEncrypt_V" contextFuncName="arrToBigInt" moduleName="aes_encrypt_impl" rtlName="encrypted_TDATA_int" latency="0" BRAM="-1" DSP="-1" FF="0" LUT="128" fileDirectory="C:\Users\briasco-stewart.a\Desktop\aes_hw_impl\aes_hw_impl\aes_hw_impl_hls"><\/item>
<\/annotationInfo>
</annotationInfo>
