<stg><name>aes_encrypt_impl</name>


<trans_list>

<trans id="90" from="1" to="2">
<condition id="-1">
<or_exp><and_exp></and_exp></or_exp>
</condition>
</trans>

<trans id="91" from="2" to="3">
<condition id="-1">
<or_exp><and_exp></and_exp></or_exp>
</condition>
</trans>
</trans_list>



<state_list>

<state id="1" st_id="1">

<operation id="4" st_id="1" stage="1" lat="1">
<core>s_axilite</core>
<MemPortIdVec></MemPortIdVec>
<condition id="-1">
<or_exp><and_exp></and_exp></or_exp>
</condition>

<Node id="24" bw="128" op_0_bw="128" op_1_bw="128">
<![CDATA[
:0  %key_const_V_read = call i128 @_ssdm_op_Read.s_axilite.i128(i128 %key_const_V)

]]></Node>
<StgValue><ssdm name="key_const_V_read"/></StgValue>
</operation>

<operation id="5" st_id="1" stage="1" lat="1">
<core>AXI4Stream</core>
<MemPortIdVec></MemPortIdVec>
<condition id="-1">
<or_exp><and_exp></and_exp></or_exp>
</condition>

<Node id="45" bw="164" op_0_bw="164" op_1_bw="128" op_2_bw="16" op_3_bw="16" op_4_bw="1" op_5_bw="1" op_6_bw="1" op_7_bw="1">
<![CDATA[
:21  %empty = call { i128, i16, i16, i1, i1, i1, i1 } @_ssdm_op_Read.axis.volatile.i128P.i16P.i16P.i1P.i1P.i1P.i1P(i128* %block_data_V, i16* %block_keep_V, i16* %block_strb_V, i1* %block_user_V, i1* %block_last_V, i1* %block_id_V, i1* %block_dest_V)

]]></Node>
<StgValue><ssdm name="empty"/></StgValue>
</operation>

<operation id="6" st_id="1" stage="1" lat="1">
<core>NULL</core>
<MemPortIdVec></MemPortIdVec>
<condition id="-1">
<or_exp><and_exp></and_exp></or_exp>
</condition>

<Node id="46" bw="128" op_0_bw="164">
<![CDATA[
:22  %block_data_V_tmp = extractvalue { i128, i16, i16, i1, i1, i1, i1 } %empty, 0

]]></Node>
<StgValue><ssdm name="block_data_V_tmp"/></StgValue>
</operation>

<operation id="7" st_id="1" stage="1" lat="1">
<core>NULL</core>
<MemPortIdVec></MemPortIdVec>
<condition id="-1">
<or_exp><and_exp></and_exp></or_exp>
</condition>

<Node id="47" bw="16" op_0_bw="164">
<![CDATA[
:23  %block_keep_V_tmp = extractvalue { i128, i16, i16, i1, i1, i1, i1 } %empty, 1

]]></Node>
<StgValue><ssdm name="block_keep_V_tmp"/></StgValue>
</operation>

<operation id="8" st_id="1" stage="1" lat="1">
<core>NULL</core>
<MemPortIdVec></MemPortIdVec>
<condition id="-1">
<or_exp><and_exp></and_exp></or_exp>
</condition>

<Node id="48" bw="16" op_0_bw="164">
<![CDATA[
:24  %block_strb_V_tmp = extractvalue { i128, i16, i16, i1, i1, i1, i1 } %empty, 2

]]></Node>
<StgValue><ssdm name="block_strb_V_tmp"/></StgValue>
</operation>

<operation id="9" st_id="1" stage="1" lat="1">
<core>NULL</core>
<MemPortIdVec></MemPortIdVec>
<condition id="-1">
<or_exp><and_exp></and_exp></or_exp>
</condition>

<Node id="49" bw="1" op_0_bw="164">
<![CDATA[
:25  %block_user_V_tmp = extractvalue { i128, i16, i16, i1, i1, i1, i1 } %empty, 3

]]></Node>
<StgValue><ssdm name="block_user_V_tmp"/></StgValue>
</operation>

<operation id="10" st_id="1" stage="1" lat="1">
<core>NULL</core>
<MemPortIdVec></MemPortIdVec>
<condition id="-1">
<or_exp><and_exp></and_exp></or_exp>
</condition>

<Node id="50" bw="1" op_0_bw="164">
<![CDATA[
:26  %block_last_V_tmp = extractvalue { i128, i16, i16, i1, i1, i1, i1 } %empty, 4

]]></Node>
<StgValue><ssdm name="block_last_V_tmp"/></StgValue>
</operation>

<operation id="11" st_id="1" stage="1" lat="1">
<core>NULL</core>
<MemPortIdVec></MemPortIdVec>
<condition id="-1">
<or_exp><and_exp></and_exp></or_exp>
</condition>

<Node id="51" bw="1" op_0_bw="164">
<![CDATA[
:27  %block_id_V_tmp = extractvalue { i128, i16, i16, i1, i1, i1, i1 } %empty, 5

]]></Node>
<StgValue><ssdm name="block_id_V_tmp"/></StgValue>
</operation>

<operation id="12" st_id="1" stage="1" lat="1">
<core>NULL</core>
<MemPortIdVec></MemPortIdVec>
<condition id="-1">
<or_exp><and_exp></and_exp></or_exp>
</condition>

<Node id="52" bw="1" op_0_bw="164">
<![CDATA[
:28  %block_dest_V_tmp = extractvalue { i128, i16, i16, i1, i1, i1, i1 } %empty, 6

]]></Node>
<StgValue><ssdm name="block_dest_V_tmp"/></StgValue>
</operation>

<operation id="13" st_id="1" stage="1" lat="1">
<core>NULL</core>
<MemPortIdVec></MemPortIdVec>
<condition id="-1">
<or_exp><and_exp></and_exp></or_exp>
</condition>

<Node id="53" bw="8" op_0_bw="128">
<![CDATA[
:29  %blockarr_15 = trunc i128 %block_data_V_tmp to i8

]]></Node>
<StgValue><ssdm name="blockarr_15"/></StgValue>
</operation>

<operation id="14" st_id="1" stage="1" lat="1">
<core>NULL</core>
<MemPortIdVec></MemPortIdVec>
<condition id="-1">
<or_exp><and_exp></and_exp></or_exp>
</condition>

<Node id="54" bw="8" op_0_bw="8" op_1_bw="128" op_2_bw="32" op_3_bw="32">
<![CDATA[
:30  %blockarr_14 = call i8 @_ssdm_op_PartSelect.i8.i128.i32.i32(i128 %block_data_V_tmp, i32 8, i32 15)

]]></Node>
<StgValue><ssdm name="blockarr_14"/></StgValue>
</operation>

<operation id="15" st_id="1" stage="1" lat="1">
<core>NULL</core>
<MemPortIdVec></MemPortIdVec>
<condition id="-1">
<or_exp><and_exp></and_exp></or_exp>
</condition>

<Node id="55" bw="8" op_0_bw="8" op_1_bw="128" op_2_bw="32" op_3_bw="32">
<![CDATA[
:31  %blockarr_13 = call i8 @_ssdm_op_PartSelect.i8.i128.i32.i32(i128 %block_data_V_tmp, i32 16, i32 23)

]]></Node>
<StgValue><ssdm name="blockarr_13"/></StgValue>
</operation>

<operation id="16" st_id="1" stage="1" lat="1">
<core>NULL</core>
<MemPortIdVec></MemPortIdVec>
<condition id="-1">
<or_exp><and_exp></and_exp></or_exp>
</condition>

<Node id="56" bw="8" op_0_bw="8" op_1_bw="128" op_2_bw="32" op_3_bw="32">
<![CDATA[
:32  %blockarr_12 = call i8 @_ssdm_op_PartSelect.i8.i128.i32.i32(i128 %block_data_V_tmp, i32 24, i32 31)

]]></Node>
<StgValue><ssdm name="blockarr_12"/></StgValue>
</operation>

<operation id="17" st_id="1" stage="1" lat="1">
<core>NULL</core>
<MemPortIdVec></MemPortIdVec>
<condition id="-1">
<or_exp><and_exp></and_exp></or_exp>
</condition>

<Node id="57" bw="8" op_0_bw="8" op_1_bw="128" op_2_bw="32" op_3_bw="32">
<![CDATA[
:33  %blockarr_11 = call i8 @_ssdm_op_PartSelect.i8.i128.i32.i32(i128 %block_data_V_tmp, i32 32, i32 39)

]]></Node>
<StgValue><ssdm name="blockarr_11"/></StgValue>
</operation>

<operation id="18" st_id="1" stage="1" lat="1">
<core>NULL</core>
<MemPortIdVec></MemPortIdVec>
<condition id="-1">
<or_exp><and_exp></and_exp></or_exp>
</condition>

<Node id="58" bw="8" op_0_bw="8" op_1_bw="128" op_2_bw="32" op_3_bw="32">
<![CDATA[
:34  %blockarr_10 = call i8 @_ssdm_op_PartSelect.i8.i128.i32.i32(i128 %block_data_V_tmp, i32 40, i32 47)

]]></Node>
<StgValue><ssdm name="blockarr_10"/></StgValue>
</operation>

<operation id="19" st_id="1" stage="1" lat="1">
<core>NULL</core>
<MemPortIdVec></MemPortIdVec>
<condition id="-1">
<or_exp><and_exp></and_exp></or_exp>
</condition>

<Node id="59" bw="8" op_0_bw="8" op_1_bw="128" op_2_bw="32" op_3_bw="32">
<![CDATA[
:35  %blockarr_9 = call i8 @_ssdm_op_PartSelect.i8.i128.i32.i32(i128 %block_data_V_tmp, i32 48, i32 55)

]]></Node>
<StgValue><ssdm name="blockarr_9"/></StgValue>
</operation>

<operation id="20" st_id="1" stage="1" lat="1">
<core>NULL</core>
<MemPortIdVec></MemPortIdVec>
<condition id="-1">
<or_exp><and_exp></and_exp></or_exp>
</condition>

<Node id="60" bw="8" op_0_bw="8" op_1_bw="128" op_2_bw="32" op_3_bw="32">
<![CDATA[
:36  %blockarr_8 = call i8 @_ssdm_op_PartSelect.i8.i128.i32.i32(i128 %block_data_V_tmp, i32 56, i32 63)

]]></Node>
<StgValue><ssdm name="blockarr_8"/></StgValue>
</operation>

<operation id="21" st_id="1" stage="1" lat="1">
<core>NULL</core>
<MemPortIdVec></MemPortIdVec>
<condition id="-1">
<or_exp><and_exp></and_exp></or_exp>
</condition>

<Node id="61" bw="8" op_0_bw="8" op_1_bw="128" op_2_bw="32" op_3_bw="32">
<![CDATA[
:37  %blockarr_7 = call i8 @_ssdm_op_PartSelect.i8.i128.i32.i32(i128 %block_data_V_tmp, i32 64, i32 71)

]]></Node>
<StgValue><ssdm name="blockarr_7"/></StgValue>
</operation>

<operation id="22" st_id="1" stage="1" lat="1">
<core>NULL</core>
<MemPortIdVec></MemPortIdVec>
<condition id="-1">
<or_exp><and_exp></and_exp></or_exp>
</condition>

<Node id="62" bw="8" op_0_bw="8" op_1_bw="128" op_2_bw="32" op_3_bw="32">
<![CDATA[
:38  %blockarr_6 = call i8 @_ssdm_op_PartSelect.i8.i128.i32.i32(i128 %block_data_V_tmp, i32 72, i32 79)

]]></Node>
<StgValue><ssdm name="blockarr_6"/></StgValue>
</operation>

<operation id="23" st_id="1" stage="1" lat="1">
<core>NULL</core>
<MemPortIdVec></MemPortIdVec>
<condition id="-1">
<or_exp><and_exp></and_exp></or_exp>
</condition>

<Node id="63" bw="8" op_0_bw="8" op_1_bw="128" op_2_bw="32" op_3_bw="32">
<![CDATA[
:39  %blockarr_5 = call i8 @_ssdm_op_PartSelect.i8.i128.i32.i32(i128 %block_data_V_tmp, i32 80, i32 87)

]]></Node>
<StgValue><ssdm name="blockarr_5"/></StgValue>
</operation>

<operation id="24" st_id="1" stage="1" lat="1">
<core>NULL</core>
<MemPortIdVec></MemPortIdVec>
<condition id="-1">
<or_exp><and_exp></and_exp></or_exp>
</condition>

<Node id="64" bw="8" op_0_bw="8" op_1_bw="128" op_2_bw="32" op_3_bw="32">
<![CDATA[
:40  %blockarr_4 = call i8 @_ssdm_op_PartSelect.i8.i128.i32.i32(i128 %block_data_V_tmp, i32 88, i32 95)

]]></Node>
<StgValue><ssdm name="blockarr_4"/></StgValue>
</operation>

<operation id="25" st_id="1" stage="1" lat="1">
<core>NULL</core>
<MemPortIdVec></MemPortIdVec>
<condition id="-1">
<or_exp><and_exp></and_exp></or_exp>
</condition>

<Node id="65" bw="8" op_0_bw="8" op_1_bw="128" op_2_bw="32" op_3_bw="32">
<![CDATA[
:41  %blockarr_3 = call i8 @_ssdm_op_PartSelect.i8.i128.i32.i32(i128 %block_data_V_tmp, i32 96, i32 103)

]]></Node>
<StgValue><ssdm name="blockarr_3"/></StgValue>
</operation>

<operation id="26" st_id="1" stage="1" lat="1">
<core>NULL</core>
<MemPortIdVec></MemPortIdVec>
<condition id="-1">
<or_exp><and_exp></and_exp></or_exp>
</condition>

<Node id="66" bw="8" op_0_bw="8" op_1_bw="128" op_2_bw="32" op_3_bw="32">
<![CDATA[
:42  %blockarr_2 = call i8 @_ssdm_op_PartSelect.i8.i128.i32.i32(i128 %block_data_V_tmp, i32 104, i32 111)

]]></Node>
<StgValue><ssdm name="blockarr_2"/></StgValue>
</operation>

<operation id="27" st_id="1" stage="1" lat="1">
<core>NULL</core>
<MemPortIdVec></MemPortIdVec>
<condition id="-1">
<or_exp><and_exp></and_exp></or_exp>
</condition>

<Node id="67" bw="8" op_0_bw="8" op_1_bw="128" op_2_bw="32" op_3_bw="32">
<![CDATA[
:43  %blockarr_1 = call i8 @_ssdm_op_PartSelect.i8.i128.i32.i32(i128 %block_data_V_tmp, i32 112, i32 119)

]]></Node>
<StgValue><ssdm name="blockarr_1"/></StgValue>
</operation>

<operation id="28" st_id="1" stage="1" lat="1">
<core>NULL</core>
<MemPortIdVec></MemPortIdVec>
<condition id="-1">
<or_exp><and_exp></and_exp></or_exp>
</condition>

<Node id="68" bw="8" op_0_bw="8" op_1_bw="128" op_2_bw="32" op_3_bw="32">
<![CDATA[
:44  %blockarr_0 = call i8 @_ssdm_op_PartSelect.i8.i128.i32.i32(i128 %block_data_V_tmp, i32 120, i32 127)

]]></Node>
<StgValue><ssdm name="blockarr_0"/></StgValue>
</operation>

<operation id="29" st_id="1" stage="1" lat="1">
<core>NULL</core>
<MemPortIdVec></MemPortIdVec>
<condition id="-1">
<or_exp><and_exp></and_exp></or_exp>
</condition>

<Node id="69" bw="8" op_0_bw="128">
<![CDATA[
:45  %keyarr_15 = trunc i128 %key_const_V_read to i8

]]></Node>
<StgValue><ssdm name="keyarr_15"/></StgValue>
</operation>

<operation id="30" st_id="1" stage="1" lat="1">
<core>NULL</core>
<MemPortIdVec></MemPortIdVec>
<condition id="-1">
<or_exp><and_exp></and_exp></or_exp>
</condition>

<Node id="70" bw="8" op_0_bw="8" op_1_bw="128" op_2_bw="32" op_3_bw="32">
<![CDATA[
:46  %keyarr_14 = call i8 @_ssdm_op_PartSelect.i8.i128.i32.i32(i128 %key_const_V_read, i32 8, i32 15)

]]></Node>
<StgValue><ssdm name="keyarr_14"/></StgValue>
</operation>

<operation id="31" st_id="1" stage="1" lat="1">
<core>NULL</core>
<MemPortIdVec></MemPortIdVec>
<condition id="-1">
<or_exp><and_exp></and_exp></or_exp>
</condition>

<Node id="71" bw="8" op_0_bw="8" op_1_bw="128" op_2_bw="32" op_3_bw="32">
<![CDATA[
:47  %keyarr_13 = call i8 @_ssdm_op_PartSelect.i8.i128.i32.i32(i128 %key_const_V_read, i32 16, i32 23)

]]></Node>
<StgValue><ssdm name="keyarr_13"/></StgValue>
</operation>

<operation id="32" st_id="1" stage="1" lat="1">
<core>NULL</core>
<MemPortIdVec></MemPortIdVec>
<condition id="-1">
<or_exp><and_exp></and_exp></or_exp>
</condition>

<Node id="72" bw="8" op_0_bw="8" op_1_bw="128" op_2_bw="32" op_3_bw="32">
<![CDATA[
:48  %keyarr_12 = call i8 @_ssdm_op_PartSelect.i8.i128.i32.i32(i128 %key_const_V_read, i32 24, i32 31)

]]></Node>
<StgValue><ssdm name="keyarr_12"/></StgValue>
</operation>

<operation id="33" st_id="1" stage="1" lat="1">
<core>NULL</core>
<MemPortIdVec></MemPortIdVec>
<condition id="-1">
<or_exp><and_exp></and_exp></or_exp>
</condition>

<Node id="73" bw="8" op_0_bw="8" op_1_bw="128" op_2_bw="32" op_3_bw="32">
<![CDATA[
:49  %keyarr_11 = call i8 @_ssdm_op_PartSelect.i8.i128.i32.i32(i128 %key_const_V_read, i32 32, i32 39)

]]></Node>
<StgValue><ssdm name="keyarr_11"/></StgValue>
</operation>

<operation id="34" st_id="1" stage="1" lat="1">
<core>NULL</core>
<MemPortIdVec></MemPortIdVec>
<condition id="-1">
<or_exp><and_exp></and_exp></or_exp>
</condition>

<Node id="74" bw="8" op_0_bw="8" op_1_bw="128" op_2_bw="32" op_3_bw="32">
<![CDATA[
:50  %keyarr_10 = call i8 @_ssdm_op_PartSelect.i8.i128.i32.i32(i128 %key_const_V_read, i32 40, i32 47)

]]></Node>
<StgValue><ssdm name="keyarr_10"/></StgValue>
</operation>

<operation id="35" st_id="1" stage="1" lat="1">
<core>NULL</core>
<MemPortIdVec></MemPortIdVec>
<condition id="-1">
<or_exp><and_exp></and_exp></or_exp>
</condition>

<Node id="75" bw="8" op_0_bw="8" op_1_bw="128" op_2_bw="32" op_3_bw="32">
<![CDATA[
:51  %keyarr_9 = call i8 @_ssdm_op_PartSelect.i8.i128.i32.i32(i128 %key_const_V_read, i32 48, i32 55)

]]></Node>
<StgValue><ssdm name="keyarr_9"/></StgValue>
</operation>

<operation id="36" st_id="1" stage="1" lat="1">
<core>NULL</core>
<MemPortIdVec></MemPortIdVec>
<condition id="-1">
<or_exp><and_exp></and_exp></or_exp>
</condition>

<Node id="76" bw="8" op_0_bw="8" op_1_bw="128" op_2_bw="32" op_3_bw="32">
<![CDATA[
:52  %keyarr_8 = call i8 @_ssdm_op_PartSelect.i8.i128.i32.i32(i128 %key_const_V_read, i32 56, i32 63)

]]></Node>
<StgValue><ssdm name="keyarr_8"/></StgValue>
</operation>

<operation id="37" st_id="1" stage="1" lat="1">
<core>NULL</core>
<MemPortIdVec></MemPortIdVec>
<condition id="-1">
<or_exp><and_exp></and_exp></or_exp>
</condition>

<Node id="77" bw="8" op_0_bw="8" op_1_bw="128" op_2_bw="32" op_3_bw="32">
<![CDATA[
:53  %keyarr_7 = call i8 @_ssdm_op_PartSelect.i8.i128.i32.i32(i128 %key_const_V_read, i32 64, i32 71)

]]></Node>
<StgValue><ssdm name="keyarr_7"/></StgValue>
</operation>

<operation id="38" st_id="1" stage="1" lat="1">
<core>NULL</core>
<MemPortIdVec></MemPortIdVec>
<condition id="-1">
<or_exp><and_exp></and_exp></or_exp>
</condition>

<Node id="78" bw="8" op_0_bw="8" op_1_bw="128" op_2_bw="32" op_3_bw="32">
<![CDATA[
:54  %keyarr_6 = call i8 @_ssdm_op_PartSelect.i8.i128.i32.i32(i128 %key_const_V_read, i32 72, i32 79)

]]></Node>
<StgValue><ssdm name="keyarr_6"/></StgValue>
</operation>

<operation id="39" st_id="1" stage="1" lat="1">
<core>NULL</core>
<MemPortIdVec></MemPortIdVec>
<condition id="-1">
<or_exp><and_exp></and_exp></or_exp>
</condition>

<Node id="79" bw="8" op_0_bw="8" op_1_bw="128" op_2_bw="32" op_3_bw="32">
<![CDATA[
:55  %keyarr_5 = call i8 @_ssdm_op_PartSelect.i8.i128.i32.i32(i128 %key_const_V_read, i32 80, i32 87)

]]></Node>
<StgValue><ssdm name="keyarr_5"/></StgValue>
</operation>

<operation id="40" st_id="1" stage="1" lat="1">
<core>NULL</core>
<MemPortIdVec></MemPortIdVec>
<condition id="-1">
<or_exp><and_exp></and_exp></or_exp>
</condition>

<Node id="80" bw="8" op_0_bw="8" op_1_bw="128" op_2_bw="32" op_3_bw="32">
<![CDATA[
:56  %keyarr_4 = call i8 @_ssdm_op_PartSelect.i8.i128.i32.i32(i128 %key_const_V_read, i32 88, i32 95)

]]></Node>
<StgValue><ssdm name="keyarr_4"/></StgValue>
</operation>

<operation id="41" st_id="1" stage="1" lat="1">
<core>NULL</core>
<MemPortIdVec></MemPortIdVec>
<condition id="-1">
<or_exp><and_exp></and_exp></or_exp>
</condition>

<Node id="81" bw="8" op_0_bw="8" op_1_bw="128" op_2_bw="32" op_3_bw="32">
<![CDATA[
:57  %keyarr_3 = call i8 @_ssdm_op_PartSelect.i8.i128.i32.i32(i128 %key_const_V_read, i32 96, i32 103)

]]></Node>
<StgValue><ssdm name="keyarr_3"/></StgValue>
</operation>

<operation id="42" st_id="1" stage="1" lat="1">
<core>NULL</core>
<MemPortIdVec></MemPortIdVec>
<condition id="-1">
<or_exp><and_exp></and_exp></or_exp>
</condition>

<Node id="82" bw="8" op_0_bw="8" op_1_bw="128" op_2_bw="32" op_3_bw="32">
<![CDATA[
:58  %keyarr_2 = call i8 @_ssdm_op_PartSelect.i8.i128.i32.i32(i128 %key_const_V_read, i32 104, i32 111)

]]></Node>
<StgValue><ssdm name="keyarr_2"/></StgValue>
</operation>

<operation id="43" st_id="1" stage="1" lat="1">
<core>NULL</core>
<MemPortIdVec></MemPortIdVec>
<condition id="-1">
<or_exp><and_exp></and_exp></or_exp>
</condition>

<Node id="83" bw="8" op_0_bw="8" op_1_bw="128" op_2_bw="32" op_3_bw="32">
<![CDATA[
:59  %keyarr_1 = call i8 @_ssdm_op_PartSelect.i8.i128.i32.i32(i128 %key_const_V_read, i32 112, i32 119)

]]></Node>
<StgValue><ssdm name="keyarr_1"/></StgValue>
</operation>

<operation id="44" st_id="1" stage="1" lat="1">
<core>NULL</core>
<MemPortIdVec></MemPortIdVec>
<condition id="-1">
<or_exp><and_exp></and_exp></or_exp>
</condition>

<Node id="84" bw="8" op_0_bw="8" op_1_bw="128" op_2_bw="32" op_3_bw="32">
<![CDATA[
:60  %keyarr_0 = call i8 @_ssdm_op_PartSelect.i8.i128.i32.i32(i128 %key_const_V_read, i32 120, i32 127)

]]></Node>
<StgValue><ssdm name="keyarr_0"/></StgValue>
</operation>

<operation id="45" st_id="1" stage="2" lat="2">
<core></core>
<MemPortIdVec></MemPortIdVec>
<condition id="-1">
<or_exp><and_exp></and_exp></or_exp>
</condition>

<Node id="85" bw="128" op_0_bw="128" op_1_bw="8" op_2_bw="8" op_3_bw="8" op_4_bw="8" op_5_bw="8" op_6_bw="8" op_7_bw="8" op_8_bw="8" op_9_bw="8" op_10_bw="8" op_11_bw="8" op_12_bw="8" op_13_bw="8" op_14_bw="8" op_15_bw="8" op_16_bw="8" op_17_bw="8" op_18_bw="8" op_19_bw="8" op_20_bw="8" op_21_bw="8" op_22_bw="8" op_23_bw="8" op_24_bw="8" op_25_bw="8" op_26_bw="8" op_27_bw="8" op_28_bw="8" op_29_bw="8" op_30_bw="8" op_31_bw="8" op_32_bw="8" op_33_bw="8" op_34_bw="32" op_35_bw="8" op_36_bw="8">
<![CDATA[
:61  %call_ret = call fastcc { i8, i8, i8, i8, i8, i8, i8, i8, i8, i8, i8, i8, i8, i8, i8, i8 } @aes_encrypt(i8 %blockarr_0, i8 %blockarr_1, i8 %blockarr_2, i8 %blockarr_3, i8 %blockarr_4, i8 %blockarr_5, i8 %blockarr_6, i8 %blockarr_7, i8 %blockarr_8, i8 %blockarr_9, i8 %blockarr_10, i8 %blockarr_11, i8 %blockarr_12, i8 %blockarr_13, i8 %blockarr_14, i8 %blockarr_15, i8 %keyarr_0, i8 %keyarr_1, i8 %keyarr_2, i8 %keyarr_3, i8 %keyarr_4, i8 %keyarr_5, i8 %keyarr_6, i8 %keyarr_7, i8 %keyarr_8, i8 %keyarr_9, i8 %keyarr_10, i8 %keyarr_11, i8 %keyarr_12, i8 %keyarr_13, i8 %keyarr_14, i8 %keyarr_15)

]]></Node>
<StgValue><ssdm name="call_ret"/></StgValue>
</operation>
</state>

<state id="2" st_id="2">

<operation id="46" st_id="2" stage="1" lat="2">
<core></core>
<MemPortIdVec></MemPortIdVec>
<condition id="-1">
<or_exp><and_exp></and_exp></or_exp>
</condition>

<Node id="85" bw="128" op_0_bw="128" op_1_bw="8" op_2_bw="8" op_3_bw="8" op_4_bw="8" op_5_bw="8" op_6_bw="8" op_7_bw="8" op_8_bw="8" op_9_bw="8" op_10_bw="8" op_11_bw="8" op_12_bw="8" op_13_bw="8" op_14_bw="8" op_15_bw="8" op_16_bw="8" op_17_bw="8" op_18_bw="8" op_19_bw="8" op_20_bw="8" op_21_bw="8" op_22_bw="8" op_23_bw="8" op_24_bw="8" op_25_bw="8" op_26_bw="8" op_27_bw="8" op_28_bw="8" op_29_bw="8" op_30_bw="8" op_31_bw="8" op_32_bw="8" op_33_bw="8" op_34_bw="32" op_35_bw="8" op_36_bw="8">
<![CDATA[
:61  %call_ret = call fastcc { i8, i8, i8, i8, i8, i8, i8, i8, i8, i8, i8, i8, i8, i8, i8, i8 } @aes_encrypt(i8 %blockarr_0, i8 %blockarr_1, i8 %blockarr_2, i8 %blockarr_3, i8 %blockarr_4, i8 %blockarr_5, i8 %blockarr_6, i8 %blockarr_7, i8 %blockarr_8, i8 %blockarr_9, i8 %blockarr_10, i8 %blockarr_11, i8 %blockarr_12, i8 %blockarr_13, i8 %blockarr_14, i8 %blockarr_15, i8 %keyarr_0, i8 %keyarr_1, i8 %keyarr_2, i8 %keyarr_3, i8 %keyarr_4, i8 %keyarr_5, i8 %keyarr_6, i8 %keyarr_7, i8 %keyarr_8, i8 %keyarr_9, i8 %keyarr_10, i8 %keyarr_11, i8 %keyarr_12, i8 %keyarr_13, i8 %keyarr_14, i8 %keyarr_15)

]]></Node>
<StgValue><ssdm name="call_ret"/></StgValue>
</operation>

<operation id="47" st_id="2" stage="1" lat="1">
<core>NULL</core>
<MemPortIdVec></MemPortIdVec>
<condition id="-1">
<or_exp><and_exp></and_exp></or_exp>
</condition>

<Node id="86" bw="8" op_0_bw="128">
<![CDATA[
:62  %ansarr_0 = extractvalue { i8, i8, i8, i8, i8, i8, i8, i8, i8, i8, i8, i8, i8, i8, i8, i8 } %call_ret, 0

]]></Node>
<StgValue><ssdm name="ansarr_0"/></StgValue>
</operation>

<operation id="48" st_id="2" stage="1" lat="1">
<core>NULL</core>
<MemPortIdVec></MemPortIdVec>
<condition id="-1">
<or_exp><and_exp></and_exp></or_exp>
</condition>

<Node id="87" bw="8" op_0_bw="128">
<![CDATA[
:63  %ansarr_1 = extractvalue { i8, i8, i8, i8, i8, i8, i8, i8, i8, i8, i8, i8, i8, i8, i8, i8 } %call_ret, 1

]]></Node>
<StgValue><ssdm name="ansarr_1"/></StgValue>
</operation>

<operation id="49" st_id="2" stage="1" lat="1">
<core>NULL</core>
<MemPortIdVec></MemPortIdVec>
<condition id="-1">
<or_exp><and_exp></and_exp></or_exp>
</condition>

<Node id="88" bw="8" op_0_bw="128">
<![CDATA[
:64  %ansarr_2 = extractvalue { i8, i8, i8, i8, i8, i8, i8, i8, i8, i8, i8, i8, i8, i8, i8, i8 } %call_ret, 2

]]></Node>
<StgValue><ssdm name="ansarr_2"/></StgValue>
</operation>

<operation id="50" st_id="2" stage="1" lat="1">
<core>NULL</core>
<MemPortIdVec></MemPortIdVec>
<condition id="-1">
<or_exp><and_exp></and_exp></or_exp>
</condition>

<Node id="89" bw="8" op_0_bw="128">
<![CDATA[
:65  %ansarr_3 = extractvalue { i8, i8, i8, i8, i8, i8, i8, i8, i8, i8, i8, i8, i8, i8, i8, i8 } %call_ret, 3

]]></Node>
<StgValue><ssdm name="ansarr_3"/></StgValue>
</operation>

<operation id="51" st_id="2" stage="1" lat="1">
<core>NULL</core>
<MemPortIdVec></MemPortIdVec>
<condition id="-1">
<or_exp><and_exp></and_exp></or_exp>
</condition>

<Node id="90" bw="8" op_0_bw="128">
<![CDATA[
:66  %ansarr_4 = extractvalue { i8, i8, i8, i8, i8, i8, i8, i8, i8, i8, i8, i8, i8, i8, i8, i8 } %call_ret, 4

]]></Node>
<StgValue><ssdm name="ansarr_4"/></StgValue>
</operation>

<operation id="52" st_id="2" stage="1" lat="1">
<core>NULL</core>
<MemPortIdVec></MemPortIdVec>
<condition id="-1">
<or_exp><and_exp></and_exp></or_exp>
</condition>

<Node id="91" bw="8" op_0_bw="128">
<![CDATA[
:67  %ansarr_5 = extractvalue { i8, i8, i8, i8, i8, i8, i8, i8, i8, i8, i8, i8, i8, i8, i8, i8 } %call_ret, 5

]]></Node>
<StgValue><ssdm name="ansarr_5"/></StgValue>
</operation>

<operation id="53" st_id="2" stage="1" lat="1">
<core>NULL</core>
<MemPortIdVec></MemPortIdVec>
<condition id="-1">
<or_exp><and_exp></and_exp></or_exp>
</condition>

<Node id="92" bw="8" op_0_bw="128">
<![CDATA[
:68  %ansarr_6 = extractvalue { i8, i8, i8, i8, i8, i8, i8, i8, i8, i8, i8, i8, i8, i8, i8, i8 } %call_ret, 6

]]></Node>
<StgValue><ssdm name="ansarr_6"/></StgValue>
</operation>

<operation id="54" st_id="2" stage="1" lat="1">
<core>NULL</core>
<MemPortIdVec></MemPortIdVec>
<condition id="-1">
<or_exp><and_exp></and_exp></or_exp>
</condition>

<Node id="93" bw="8" op_0_bw="128">
<![CDATA[
:69  %ansarr_7 = extractvalue { i8, i8, i8, i8, i8, i8, i8, i8, i8, i8, i8, i8, i8, i8, i8, i8 } %call_ret, 7

]]></Node>
<StgValue><ssdm name="ansarr_7"/></StgValue>
</operation>

<operation id="55" st_id="2" stage="1" lat="1">
<core>NULL</core>
<MemPortIdVec></MemPortIdVec>
<condition id="-1">
<or_exp><and_exp></and_exp></or_exp>
</condition>

<Node id="94" bw="8" op_0_bw="128">
<![CDATA[
:70  %ansarr_8 = extractvalue { i8, i8, i8, i8, i8, i8, i8, i8, i8, i8, i8, i8, i8, i8, i8, i8 } %call_ret, 8

]]></Node>
<StgValue><ssdm name="ansarr_8"/></StgValue>
</operation>

<operation id="56" st_id="2" stage="1" lat="1">
<core>NULL</core>
<MemPortIdVec></MemPortIdVec>
<condition id="-1">
<or_exp><and_exp></and_exp></or_exp>
</condition>

<Node id="95" bw="8" op_0_bw="128">
<![CDATA[
:71  %ansarr_9 = extractvalue { i8, i8, i8, i8, i8, i8, i8, i8, i8, i8, i8, i8, i8, i8, i8, i8 } %call_ret, 9

]]></Node>
<StgValue><ssdm name="ansarr_9"/></StgValue>
</operation>

<operation id="57" st_id="2" stage="1" lat="1">
<core>NULL</core>
<MemPortIdVec></MemPortIdVec>
<condition id="-1">
<or_exp><and_exp></and_exp></or_exp>
</condition>

<Node id="96" bw="8" op_0_bw="128">
<![CDATA[
:72  %ansarr_10 = extractvalue { i8, i8, i8, i8, i8, i8, i8, i8, i8, i8, i8, i8, i8, i8, i8, i8 } %call_ret, 10

]]></Node>
<StgValue><ssdm name="ansarr_10"/></StgValue>
</operation>

<operation id="58" st_id="2" stage="1" lat="1">
<core>NULL</core>
<MemPortIdVec></MemPortIdVec>
<condition id="-1">
<or_exp><and_exp></and_exp></or_exp>
</condition>

<Node id="97" bw="8" op_0_bw="128">
<![CDATA[
:73  %ansarr_11 = extractvalue { i8, i8, i8, i8, i8, i8, i8, i8, i8, i8, i8, i8, i8, i8, i8, i8 } %call_ret, 11

]]></Node>
<StgValue><ssdm name="ansarr_11"/></StgValue>
</operation>

<operation id="59" st_id="2" stage="1" lat="1">
<core>NULL</core>
<MemPortIdVec></MemPortIdVec>
<condition id="-1">
<or_exp><and_exp></and_exp></or_exp>
</condition>

<Node id="98" bw="8" op_0_bw="128">
<![CDATA[
:74  %ansarr_12 = extractvalue { i8, i8, i8, i8, i8, i8, i8, i8, i8, i8, i8, i8, i8, i8, i8, i8 } %call_ret, 12

]]></Node>
<StgValue><ssdm name="ansarr_12"/></StgValue>
</operation>

<operation id="60" st_id="2" stage="1" lat="1">
<core>NULL</core>
<MemPortIdVec></MemPortIdVec>
<condition id="-1">
<or_exp><and_exp></and_exp></or_exp>
</condition>

<Node id="99" bw="8" op_0_bw="128">
<![CDATA[
:75  %ansarr_13 = extractvalue { i8, i8, i8, i8, i8, i8, i8, i8, i8, i8, i8, i8, i8, i8, i8, i8 } %call_ret, 13

]]></Node>
<StgValue><ssdm name="ansarr_13"/></StgValue>
</operation>

<operation id="61" st_id="2" stage="1" lat="1">
<core>NULL</core>
<MemPortIdVec></MemPortIdVec>
<condition id="-1">
<or_exp><and_exp></and_exp></or_exp>
</condition>

<Node id="100" bw="8" op_0_bw="128">
<![CDATA[
:76  %ansarr_14 = extractvalue { i8, i8, i8, i8, i8, i8, i8, i8, i8, i8, i8, i8, i8, i8, i8, i8 } %call_ret, 14

]]></Node>
<StgValue><ssdm name="ansarr_14"/></StgValue>
</operation>

<operation id="62" st_id="2" stage="1" lat="1">
<core>NULL</core>
<MemPortIdVec></MemPortIdVec>
<condition id="-1">
<or_exp><and_exp></and_exp></or_exp>
</condition>

<Node id="101" bw="8" op_0_bw="128">
<![CDATA[
:77  %ansarr_15 = extractvalue { i8, i8, i8, i8, i8, i8, i8, i8, i8, i8, i8, i8, i8, i8, i8, i8 } %call_ret, 15

]]></Node>
<StgValue><ssdm name="ansarr_15"/></StgValue>
</operation>

<operation id="63" st_id="2" stage="1" lat="1">
<core>NULL</core>
<MemPortIdVec></MemPortIdVec>
<condition id="-1">
<or_exp><and_exp></and_exp></or_exp>
</condition>

<Node id="102" bw="128" op_0_bw="128" op_1_bw="8" op_2_bw="8" op_3_bw="8" op_4_bw="8" op_5_bw="8" op_6_bw="8" op_7_bw="8" op_8_bw="8" op_9_bw="8" op_10_bw="8" op_11_bw="48">
<![CDATA[
:78  %tmp = call i128 @_ssdm_op_BitConcatenate.i128.i8.i8.i8.i8.i8.i8.i8.i8.i8.i8.i48(i8 %ansarr_0, i8 %ansarr_1, i8 %ansarr_2, i8 %ansarr_3, i8 %ansarr_4, i8 %ansarr_5, i8 %ansarr_6, i8 %ansarr_7, i8 %ansarr_8, i8 %ansarr_9, i48 0)

]]></Node>
<StgValue><ssdm name="tmp"/></StgValue>
</operation>

<operation id="64" st_id="2" stage="1" lat="1">
<core>NULL</core>
<MemPortIdVec></MemPortIdVec>
<condition id="-1">
<or_exp><and_exp></and_exp></or_exp>
</condition>

<Node id="103" bw="48" op_0_bw="48" op_1_bw="8" op_2_bw="8" op_3_bw="8" op_4_bw="8" op_5_bw="8" op_6_bw="8">
<![CDATA[
:79  %tmp2 = call i48 @_ssdm_op_BitConcatenate.i48.i8.i8.i8.i8.i8.i8(i8 %ansarr_10, i8 %ansarr_11, i8 %ansarr_12, i8 %ansarr_13, i8 %ansarr_14, i8 %ansarr_15)

]]></Node>
<StgValue><ssdm name="tmp2"/></StgValue>
</operation>

<operation id="65" st_id="2" stage="1" lat="1">
<core>NULL</core>
<MemPortIdVec></MemPortIdVec>
<condition id="-1">
<or_exp><and_exp></and_exp></or_exp>
</condition>

<Node id="104" bw="128" op_0_bw="48">
<![CDATA[
:80  %zext_ln719 = zext i48 %tmp2 to i128

]]></Node>
<StgValue><ssdm name="zext_ln719"/></StgValue>
</operation>

<operation id="66" st_id="2" stage="1" lat="1">
<core>LogicGate</core>
<MemPortIdVec></MemPortIdVec>
<condition id="-1">
<or_exp><and_exp></and_exp></or_exp>
</condition>

<Node id="105" bw="128" op_0_bw="128" op_1_bw="128">
<![CDATA[
:81  %ansEncrypt_V = xor i128 %zext_ln719, %tmp

]]></Node>
<StgValue><ssdm name="ansEncrypt_V"/></StgValue>
</operation>

<operation id="67" st_id="2" stage="2" lat="2">
<core>AXI4Stream</core>
<MemPortIdVec></MemPortIdVec>
<condition id="-1">
<or_exp><and_exp></and_exp></or_exp>
</condition>

<Node id="106" bw="0" op_0_bw="0" op_1_bw="128" op_2_bw="16" op_3_bw="16" op_4_bw="1" op_5_bw="1" op_6_bw="1" op_7_bw="1" op_8_bw="128" op_9_bw="16" op_10_bw="16" op_11_bw="1" op_12_bw="1" op_13_bw="1" op_14_bw="1">
<![CDATA[
:82  call void @_ssdm_op_Write.axis.volatile.i128P.i16P.i16P.i1P.i1P.i1P.i1P(i128* %encrypted_data_V, i16* %encrypted_keep_V, i16* %encrypted_strb_V, i1* %encrypted_user_V, i1* %encrypted_last_V, i1* %encrypted_id_V, i1* %encrypted_dest_V, i128 %ansEncrypt_V, i16 %block_keep_V_tmp, i16 %block_strb_V_tmp, i1 %block_user_V_tmp, i1 %block_last_V_tmp, i1 %block_id_V_tmp, i1 %block_dest_V_tmp)

]]></Node>
<StgValue><ssdm name="write_ln87"/></StgValue>
</operation>
</state>

<state id="3" st_id="3">

<operation id="68" st_id="3" stage="1" lat="1">
<core>NULL</core>
<MemPortIdVec></MemPortIdVec>
<condition id="-1">
<or_exp><and_exp></and_exp></or_exp>
</condition>

<Node id="25" bw="0" op_0_bw="0" op_1_bw="128">
<![CDATA[
:1  call void (...)* @_ssdm_op_SpecBitsMap(i128* %block_data_V), !map !107

]]></Node>
<StgValue><ssdm name="specbitsmap_ln0"/></StgValue>
</operation>

<operation id="69" st_id="3" stage="1" lat="1">
<core>NULL</core>
<MemPortIdVec></MemPortIdVec>
<condition id="-1">
<or_exp><and_exp></and_exp></or_exp>
</condition>

<Node id="26" bw="0" op_0_bw="0" op_1_bw="16">
<![CDATA[
:2  call void (...)* @_ssdm_op_SpecBitsMap(i16* %block_keep_V), !map !113

]]></Node>
<StgValue><ssdm name="specbitsmap_ln0"/></StgValue>
</operation>

<operation id="70" st_id="3" stage="1" lat="1">
<core>NULL</core>
<MemPortIdVec></MemPortIdVec>
<condition id="-1">
<or_exp><and_exp></and_exp></or_exp>
</condition>

<Node id="27" bw="0" op_0_bw="0" op_1_bw="16">
<![CDATA[
:3  call void (...)* @_ssdm_op_SpecBitsMap(i16* %block_strb_V), !map !117

]]></Node>
<StgValue><ssdm name="specbitsmap_ln0"/></StgValue>
</operation>

<operation id="71" st_id="3" stage="1" lat="1">
<core>NULL</core>
<MemPortIdVec></MemPortIdVec>
<condition id="-1">
<or_exp><and_exp></and_exp></or_exp>
</condition>

<Node id="28" bw="0" op_0_bw="0" op_1_bw="1">
<![CDATA[
:4  call void (...)* @_ssdm_op_SpecBitsMap(i1* %block_user_V), !map !121

]]></Node>
<StgValue><ssdm name="specbitsmap_ln0"/></StgValue>
</operation>

<operation id="72" st_id="3" stage="1" lat="1">
<core>NULL</core>
<MemPortIdVec></MemPortIdVec>
<condition id="-1">
<or_exp><and_exp></and_exp></or_exp>
</condition>

<Node id="29" bw="0" op_0_bw="0" op_1_bw="1">
<![CDATA[
:5  call void (...)* @_ssdm_op_SpecBitsMap(i1* %block_last_V), !map !125

]]></Node>
<StgValue><ssdm name="specbitsmap_ln0"/></StgValue>
</operation>

<operation id="73" st_id="3" stage="1" lat="1">
<core>NULL</core>
<MemPortIdVec></MemPortIdVec>
<condition id="-1">
<or_exp><and_exp></and_exp></or_exp>
</condition>

<Node id="30" bw="0" op_0_bw="0" op_1_bw="1">
<![CDATA[
:6  call void (...)* @_ssdm_op_SpecBitsMap(i1* %block_id_V), !map !129

]]></Node>
<StgValue><ssdm name="specbitsmap_ln0"/></StgValue>
</operation>

<operation id="74" st_id="3" stage="1" lat="1">
<core>NULL</core>
<MemPortIdVec></MemPortIdVec>
<condition id="-1">
<or_exp><and_exp></and_exp></or_exp>
</condition>

<Node id="31" bw="0" op_0_bw="0" op_1_bw="1">
<![CDATA[
:7  call void (...)* @_ssdm_op_SpecBitsMap(i1* %block_dest_V), !map !133

]]></Node>
<StgValue><ssdm name="specbitsmap_ln0"/></StgValue>
</operation>

<operation id="75" st_id="3" stage="1" lat="1">
<core>NULL</core>
<MemPortIdVec></MemPortIdVec>
<condition id="-1">
<or_exp><and_exp></and_exp></or_exp>
</condition>

<Node id="32" bw="0" op_0_bw="0" op_1_bw="128">
<![CDATA[
:8  call void (...)* @_ssdm_op_SpecBitsMap(i128* %encrypted_data_V), !map !137

]]></Node>
<StgValue><ssdm name="specbitsmap_ln0"/></StgValue>
</operation>

<operation id="76" st_id="3" stage="1" lat="1">
<core>NULL</core>
<MemPortIdVec></MemPortIdVec>
<condition id="-1">
<or_exp><and_exp></and_exp></or_exp>
</condition>

<Node id="33" bw="0" op_0_bw="0" op_1_bw="16">
<![CDATA[
:9  call void (...)* @_ssdm_op_SpecBitsMap(i16* %encrypted_keep_V), !map !141

]]></Node>
<StgValue><ssdm name="specbitsmap_ln0"/></StgValue>
</operation>

<operation id="77" st_id="3" stage="1" lat="1">
<core>NULL</core>
<MemPortIdVec></MemPortIdVec>
<condition id="-1">
<or_exp><and_exp></and_exp></or_exp>
</condition>

<Node id="34" bw="0" op_0_bw="0" op_1_bw="16">
<![CDATA[
:10  call void (...)* @_ssdm_op_SpecBitsMap(i16* %encrypted_strb_V), !map !145

]]></Node>
<StgValue><ssdm name="specbitsmap_ln0"/></StgValue>
</operation>

<operation id="78" st_id="3" stage="1" lat="1">
<core>NULL</core>
<MemPortIdVec></MemPortIdVec>
<condition id="-1">
<or_exp><and_exp></and_exp></or_exp>
</condition>

<Node id="35" bw="0" op_0_bw="0" op_1_bw="1">
<![CDATA[
:11  call void (...)* @_ssdm_op_SpecBitsMap(i1* %encrypted_user_V), !map !149

]]></Node>
<StgValue><ssdm name="specbitsmap_ln0"/></StgValue>
</operation>

<operation id="79" st_id="3" stage="1" lat="1">
<core>NULL</core>
<MemPortIdVec></MemPortIdVec>
<condition id="-1">
<or_exp><and_exp></and_exp></or_exp>
</condition>

<Node id="36" bw="0" op_0_bw="0" op_1_bw="1">
<![CDATA[
:12  call void (...)* @_ssdm_op_SpecBitsMap(i1* %encrypted_last_V), !map !153

]]></Node>
<StgValue><ssdm name="specbitsmap_ln0"/></StgValue>
</operation>

<operation id="80" st_id="3" stage="1" lat="1">
<core>NULL</core>
<MemPortIdVec></MemPortIdVec>
<condition id="-1">
<or_exp><and_exp></and_exp></or_exp>
</condition>

<Node id="37" bw="0" op_0_bw="0" op_1_bw="1">
<![CDATA[
:13  call void (...)* @_ssdm_op_SpecBitsMap(i1* %encrypted_id_V), !map !157

]]></Node>
<StgValue><ssdm name="specbitsmap_ln0"/></StgValue>
</operation>

<operation id="81" st_id="3" stage="1" lat="1">
<core>NULL</core>
<MemPortIdVec></MemPortIdVec>
<condition id="-1">
<or_exp><and_exp></and_exp></or_exp>
</condition>

<Node id="38" bw="0" op_0_bw="0" op_1_bw="1">
<![CDATA[
:14  call void (...)* @_ssdm_op_SpecBitsMap(i1* %encrypted_dest_V), !map !161

]]></Node>
<StgValue><ssdm name="specbitsmap_ln0"/></StgValue>
</operation>

<operation id="82" st_id="3" stage="1" lat="1">
<core>NULL</core>
<MemPortIdVec></MemPortIdVec>
<condition id="-1">
<or_exp><and_exp></and_exp></or_exp>
</condition>

<Node id="39" bw="0" op_0_bw="0" op_1_bw="128">
<![CDATA[
:15  call void (...)* @_ssdm_op_SpecBitsMap(i128 %key_const_V), !map !165

]]></Node>
<StgValue><ssdm name="specbitsmap_ln0"/></StgValue>
</operation>

<operation id="83" st_id="3" stage="1" lat="1">
<core>NULL</core>
<MemPortIdVec></MemPortIdVec>
<condition id="-1">
<or_exp><and_exp></and_exp></or_exp>
</condition>

<Node id="40" bw="0" op_0_bw="0" op_1_bw="0">
<![CDATA[
:16  call void (...)* @_ssdm_op_SpecTopModule([17 x i8]* @aes_encrypt_impl_str) nounwind

]]></Node>
<StgValue><ssdm name="spectopmodule_ln0"/></StgValue>
</operation>

<operation id="84" st_id="3" stage="1" lat="1">
<core>NULL</core>
<MemPortIdVec></MemPortIdVec>
<condition id="-1">
<or_exp><and_exp></and_exp></or_exp>
</condition>

<Node id="41" bw="0" op_0_bw="0" op_1_bw="128" op_2_bw="16" op_3_bw="16" op_4_bw="1" op_5_bw="1" op_6_bw="1" op_7_bw="1" op_8_bw="0" op_9_bw="32" op_10_bw="32" op_11_bw="0" op_12_bw="32" op_13_bw="32" op_14_bw="0" op_15_bw="0" op_16_bw="0" op_17_bw="32" op_18_bw="32" op_19_bw="32" op_20_bw="32" op_21_bw="0" op_22_bw="0">
<![CDATA[
:17  call void (...)* @_ssdm_op_SpecInterface(i128* %encrypted_data_V, i16* %encrypted_keep_V, i16* %encrypted_strb_V, i1* %encrypted_user_V, i1* %encrypted_last_V, i1* %encrypted_id_V, i1* %encrypted_dest_V, [5 x i8]* @p_str6, i32 1, i32 1, [5 x i8]* @p_str7, i32 0, i32 0, [1 x i8]* @p_str1, [1 x i8]* @p_str1, [1 x i8]* @p_str1, i32 0, i32 0, i32 0, i32 0, [1 x i8]* @p_str1, [1 x i8]* @p_str1) nounwind

]]></Node>
<StgValue><ssdm name="specinterface_ln88"/></StgValue>
</operation>

<operation id="85" st_id="3" stage="1" lat="1">
<core>NULL</core>
<MemPortIdVec></MemPortIdVec>
<condition id="-1">
<or_exp><and_exp></and_exp></or_exp>
</condition>

<Node id="42" bw="0" op_0_bw="0" op_1_bw="128" op_2_bw="16" op_3_bw="16" op_4_bw="1" op_5_bw="1" op_6_bw="1" op_7_bw="1" op_8_bw="0" op_9_bw="32" op_10_bw="32" op_11_bw="0" op_12_bw="32" op_13_bw="32" op_14_bw="0" op_15_bw="0" op_16_bw="0" op_17_bw="32" op_18_bw="32" op_19_bw="32" op_20_bw="32" op_21_bw="0" op_22_bw="0">
<![CDATA[
:18  call void (...)* @_ssdm_op_SpecInterface(i128* %block_data_V, i16* %block_keep_V, i16* %block_strb_V, i1* %block_user_V, i1* %block_last_V, i1* %block_id_V, i1* %block_dest_V, [5 x i8]* @p_str6, i32 1, i32 1, [5 x i8]* @p_str7, i32 0, i32 0, [1 x i8]* @p_str1, [1 x i8]* @p_str1, [1 x i8]* @p_str1, i32 0, i32 0, i32 0, i32 0, [1 x i8]* @p_str1, [1 x i8]* @p_str1) nounwind

]]></Node>
<StgValue><ssdm name="specinterface_ln89"/></StgValue>
</operation>

<operation id="86" st_id="3" stage="1" lat="1">
<core>NULL</core>
<MemPortIdVec></MemPortIdVec>
<condition id="-1">
<or_exp><and_exp></and_exp></or_exp>
</condition>

<Node id="43" bw="0" op_0_bw="0" op_1_bw="128" op_2_bw="0" op_3_bw="32" op_4_bw="32" op_5_bw="0" op_6_bw="32" op_7_bw="32" op_8_bw="0" op_9_bw="0" op_10_bw="0" op_11_bw="32" op_12_bw="32" op_13_bw="32" op_14_bw="32" op_15_bw="0" op_16_bw="0">
<![CDATA[
:19  call void (...)* @_ssdm_op_SpecInterface(i128 %key_const_V, [10 x i8]* @p_str8, i32 0, i32 0, [1 x i8]* @p_str1, i32 0, i32 0, [1 x i8]* @p_str1, [1 x i8]* @p_str1, [1 x i8]* @p_str1, i32 0, i32 0, i32 0, i32 0, [1 x i8]* @p_str1, [1 x i8]* @p_str1) nounwind

]]></Node>
<StgValue><ssdm name="specinterface_ln90"/></StgValue>
</operation>

<operation id="87" st_id="3" stage="1" lat="1">
<core>NULL</core>
<MemPortIdVec></MemPortIdVec>
<condition id="-1">
<or_exp><and_exp></and_exp></or_exp>
</condition>

<Node id="44" bw="0" op_0_bw="0" op_1_bw="32" op_2_bw="0" op_3_bw="32" op_4_bw="32" op_5_bw="0" op_6_bw="32" op_7_bw="32" op_8_bw="0" op_9_bw="0" op_10_bw="0" op_11_bw="32" op_12_bw="32" op_13_bw="32" op_14_bw="32" op_15_bw="0" op_16_bw="0">
<![CDATA[
:20  call void (...)* @_ssdm_op_SpecInterface(i32 0, [13 x i8]* @p_str9, i32 0, i32 0, [1 x i8]* @p_str1, i32 0, i32 0, [1 x i8]* @p_str1, [1 x i8]* @p_str1, [1 x i8]* @p_str1, i32 0, i32 0, i32 0, i32 0, [1 x i8]* @p_str1, [1 x i8]* @p_str1) nounwind

]]></Node>
<StgValue><ssdm name="specinterface_ln91"/></StgValue>
</operation>

<operation id="88" st_id="3" stage="1" lat="2">
<core>AXI4Stream</core>
<MemPortIdVec></MemPortIdVec>
<condition id="-1">
<or_exp><and_exp></and_exp></or_exp>
</condition>

<Node id="106" bw="0" op_0_bw="0" op_1_bw="128" op_2_bw="16" op_3_bw="16" op_4_bw="1" op_5_bw="1" op_6_bw="1" op_7_bw="1" op_8_bw="128" op_9_bw="16" op_10_bw="16" op_11_bw="1" op_12_bw="1" op_13_bw="1" op_14_bw="1">
<![CDATA[
:82  call void @_ssdm_op_Write.axis.volatile.i128P.i16P.i16P.i1P.i1P.i1P.i1P(i128* %encrypted_data_V, i16* %encrypted_keep_V, i16* %encrypted_strb_V, i1* %encrypted_user_V, i1* %encrypted_last_V, i1* %encrypted_id_V, i1* %encrypted_dest_V, i128 %ansEncrypt_V, i16 %block_keep_V_tmp, i16 %block_strb_V_tmp, i1 %block_user_V_tmp, i1 %block_last_V_tmp, i1 %block_id_V_tmp, i1 %block_dest_V_tmp)

]]></Node>
<StgValue><ssdm name="write_ln87"/></StgValue>
</operation>

<operation id="89" st_id="3" stage="1" lat="1">
<core>NULL</core>
<MemPortIdVec></MemPortIdVec>
<condition id="-1">
<or_exp><and_exp></and_exp></or_exp>
</condition>

<Node id="107" bw="0">
<![CDATA[
:83  ret void

]]></Node>
<StgValue><ssdm name="ret_ln113"/></StgValue>
</operation>
</state>
</state_list>


<ports>
</ports>


<dataflows>
</dataflows>


</stg>
