<profile>

<section name = "Vivado HLS Report for 'aes_encrypt'" level="0">
<item name = "Date">Wed Apr 13 14:14:06 2022
</item>
<item name = "Version">2020.1 (Build 2897737 on Wed May 27 20:21:37 MDT 2020)</item>
<item name = "Project">aes_hw_impl_hls</item>
<item name = "Solution">solution3</item>
<item name = "Product family">zynq</item>
<item name = "Target device">xc7z020-clg400-1</item>
</section>

<section name = "Performance Estimates" level="0">
<item name = "Timing">
<section name = "" level="1">
<item name = "Summary"><table name="" hasTotal="0">
<keys size="4">Clock, Target, Estimated, Uncertainty</keys>
<column name="ap_clk">10.00 ns, 7.501 ns, 1.25 ns</column>
</table>
</item>
</section>
</item>
<item name = "Latency">
<section name = "" level="1">
<item name = "Summary"><table name="" hasTotal="0">
<keys size="8">, min, max, min, max, min, max, Type</keys>
<column name="">1727, 1727, 17.270 us, 17.270 us, 1727, 1727, none</column>
</table>
</item>
<item name = "Detail">
<section name = "" level="1">
<item name = "Instance"><table name="" hasTotal="0">
<keys size="9">Instance, Module, min, max, min, max, min, max, Type</keys>
<column name="grp_keyExpand_fu_600">keyExpand, 258, 258, 2.580 us, 2.580 us, 258, 258, none</column>
<column name="grp_mixColViaLUT_fu_641">mixColViaLUT, 11, 11, 0.110 us, 0.110 us, 11, 11, none</column>
<column name="grp_addRoundKey_fu_652">addRoundKey, 33, 33, 0.330 us, 0.330 us, 33, 33, none</column>
</table>
</item>
<item name = "Loop"><table name="" hasTotal="0">
<keys size="8">Loop Name, min, max, Latency, achieved, target, Count, Pipelined</keys>
<column name="- aes_round_loop">1323, 1323, 147, -, -, 9, no</column>
<column name=" + aes_round_loop.1">48, 48, 3, -, -, 16, no</column>
<column name=" + aes_round_loop.2">52, 52, 13, -, -, 4, no</column>
<column name="- Loop 2">48, 48, 3, -, -, 16, no</column>
</table>
</item>
</section>
</item>
</section>
</item>
</section>

<section name = "Utilization Estimates" level="0">
<item name = "Summary"><table name="" hasTotal="1">
<keys size="6">Name, BRAM_18K, DSP48E, FF, LUT, URAM</keys>
<column name="DSP">-, -, -, -, -</column>
<column name="Expression">-, -, 0, 125, -</column>
<column name="FIFO">-, -, -, -, -</column>
<column name="Instance">8, -, 203, 831, 0</column>
<column name="Memory">4, -, 0, 0, 0</column>
<column name="Multiplexer">-, -, -, 1012, -</column>
<column name="Register">-, -, 350, -, -</column>
<specialColumn name="Available">280, 220, 106400, 53200, 0</specialColumn>
<specialColumn name="Utilization (%)">4, 0, ~0, 3, 0</specialColumn>
</table>
</item>
<item name = "Detail">
<section name = "" level="1">
<item name = "Instance"><table name="" hasTotal="1">
<keys size="7">Instance, Module, BRAM_18K, DSP48E, FF, LUT, URAM</keys>
<column name="grp_addRoundKey_fu_652">addRoundKey, 0, 0, 25, 94, 0</column>
<column name="grp_keyExpand_fu_600">keyExpand, 4, 0, 113, 452, 0</column>
<column name="grp_mixColViaLUT_fu_641">mixColViaLUT, 4, 0, 65, 285, 0</column>
</table>
</item>
<item name = "DSP48E"><table name="" hasTotal="0">
<keys size="3">Instance, Module, Expression</keys>
</table>
</item>
<item name = "Memory"><table name="" hasTotal="1">
<keys size="10">Memory, Module, BRAM_18K, FF, LUT, URAM, Words, Bits, Banks, W*Bits*Banks</keys>
<column name="iencrypted_U">aes_encrypt_iencrcud, 1, 0, 0, 0, 16, 8, 1, 128</column>
<column name="roundKeys_U">aes_encrypt_rounddEe, 1, 0, 0, 0, 176, 8, 1, 1408</column>
<column name="sbox_U">keyExpand_sbox, 2, 0, 0, 0, 256, 8, 1, 2048</column>
</table>
</item>
<item name = "FIFO"><table name="" hasTotal="1">
<keys size="8">Name, BRAM_18K, FF, LUT, URAM, Depth, Bits, Size:D*B</keys>
</table>
</item>
<item name = "Expression"><table name="" hasTotal="1">
<keys size="7">Variable Name, Operation, DSP48E, FF, LUT, Bitwidth P0, Bitwidth P1</keys>
<column name="add_ln164_fu_754_p2">+, 0, 0, 15, 5, 3</column>
<column name="add_ln54_fu_768_p2">+, 0, 0, 15, 8, 5</column>
<column name="i_2_fu_726_p2">+, 0, 0, 15, 5, 1</column>
<column name="i_3_fu_714_p2">+, 0, 0, 13, 4, 1</column>
<column name="i_4_fu_748_p2">+, 0, 0, 12, 3, 1</column>
<column name="i_fu_785_p2">+, 0, 0, 15, 5, 1</column>
<column name="icmp_ln161_fu_742_p2">icmp, 0, 0, 9, 3, 4</column>
<column name="icmp_ln50_fu_708_p2">icmp, 0, 0, 9, 4, 4</column>
<column name="icmp_ln66_1_fu_720_p2">icmp, 0, 0, 11, 5, 6</column>
<column name="icmp_ln66_fu_779_p2">icmp, 0, 0, 11, 5, 6</column>
</table>
</item>
<item name = "Multiplexer"><table name="" hasTotal="1">
<keys size="5">Name, LUT, Input Size, Bits, Total Bits</keys>
<column name="ap_NS_fsm">225, 52, 1, 52</column>
<column name="ap_return_0">9, 2, 8, 16</column>
<column name="ap_return_1">9, 2, 8, 16</column>
<column name="ap_return_10">9, 2, 8, 16</column>
<column name="ap_return_11">9, 2, 8, 16</column>
<column name="ap_return_12">9, 2, 8, 16</column>
<column name="ap_return_13">9, 2, 8, 16</column>
<column name="ap_return_14">9, 2, 8, 16</column>
<column name="ap_return_15">9, 2, 8, 16</column>
<column name="ap_return_2">9, 2, 8, 16</column>
<column name="ap_return_3">9, 2, 8, 16</column>
<column name="ap_return_4">9, 2, 8, 16</column>
<column name="ap_return_5">9, 2, 8, 16</column>
<column name="ap_return_6">9, 2, 8, 16</column>
<column name="ap_return_7">9, 2, 8, 16</column>
<column name="ap_return_8">9, 2, 8, 16</column>
<column name="ap_return_9">9, 2, 8, 16</column>
<column name="grp_addRoundKey_fu_652_roundKey_offset">21, 4, 10, 40</column>
<column name="i1_0_reg_543">9, 2, 4, 8</column>
<column name="i_0_i1_reg_578">9, 2, 3, 6</column>
<column name="i_0_i3_reg_589">9, 2, 5, 10</column>
<column name="i_0_i_reg_555">9, 2, 5, 10</column>
<column name="iencrypted_address0">125, 27, 4, 108</column>
<column name="iencrypted_address1">109, 23, 4, 92</column>
<column name="iencrypted_ce0">21, 4, 1, 4</column>
<column name="iencrypted_ce1">15, 3, 1, 3</column>
<column name="iencrypted_d0">65, 16, 8, 128</column>
<column name="iencrypted_d1">65, 16, 8, 128</column>
<column name="iencrypted_we0">21, 4, 1, 4</column>
<column name="iencrypted_we1">15, 3, 1, 3</column>
<column name="ptr_0_rec_i_reg_566">9, 2, 5, 10</column>
<column name="reg_661">9, 2, 8, 16</column>
<column name="reg_667">9, 2, 8, 16</column>
<column name="reg_673">9, 2, 8, 16</column>
<column name="reg_679">9, 2, 8, 16</column>
<column name="reg_685">9, 2, 8, 16</column>
<column name="reg_691">9, 2, 8, 16</column>
<column name="reg_697">9, 2, 8, 16</column>
<column name="roundKeys_address0">15, 3, 8, 24</column>
<column name="roundKeys_ce0">15, 3, 1, 3</column>
<column name="roundKeys_ce1">9, 2, 1, 2</column>
<column name="roundKeys_we0">9, 2, 1, 2</column>
<column name="roundKeys_we1">9, 2, 1, 2</column>
<column name="sbox_address0">21, 4, 8, 32</column>
</table>
</item>
<item name = "Register"><table name="" hasTotal="1">
<keys size="5">Name, FF, LUT, Bits, Const Bits</keys>
<column name="add_ln164_reg_1095">5, 0, 5, 0</column>
<column name="ap_CS_fsm">51, 0, 51, 0</column>
<column name="ap_return_0_preg">8, 0, 8, 0</column>
<column name="ap_return_10_preg">8, 0, 8, 0</column>
<column name="ap_return_11_preg">8, 0, 8, 0</column>
<column name="ap_return_12_preg">8, 0, 8, 0</column>
<column name="ap_return_13_preg">8, 0, 8, 0</column>
<column name="ap_return_14_preg">8, 0, 8, 0</column>
<column name="ap_return_15_preg">8, 0, 8, 0</column>
<column name="ap_return_1_preg">8, 0, 8, 0</column>
<column name="ap_return_2_preg">8, 0, 8, 0</column>
<column name="ap_return_3_preg">8, 0, 8, 0</column>
<column name="ap_return_4_preg">8, 0, 8, 0</column>
<column name="ap_return_5_preg">8, 0, 8, 0</column>
<column name="ap_return_6_preg">8, 0, 8, 0</column>
<column name="ap_return_7_preg">8, 0, 8, 0</column>
<column name="ap_return_8_preg">8, 0, 8, 0</column>
<column name="ap_return_9_preg">8, 0, 8, 0</column>
<column name="grp_addRoundKey_fu_652_ap_start_reg">1, 0, 1, 0</column>
<column name="grp_keyExpand_fu_600_ap_start_reg">1, 0, 1, 0</column>
<column name="grp_mixColViaLUT_fu_641_ap_start_reg">1, 0, 1, 0</column>
<column name="i1_0_reg_543">4, 0, 4, 0</column>
<column name="i_0_i1_reg_578">3, 0, 3, 0</column>
<column name="i_0_i3_reg_589">5, 0, 5, 0</column>
<column name="i_0_i_reg_555">5, 0, 5, 0</column>
<column name="i_2_reg_1071">5, 0, 5, 0</column>
<column name="i_3_reg_1063">4, 0, 4, 0</column>
<column name="i_4_reg_1090">3, 0, 3, 0</column>
<column name="i_reg_1108">5, 0, 5, 0</column>
<column name="iencrypted_addr_16_reg_1113">4, 0, 4, 0</column>
<column name="iencrypted_load_10_reg_1133">8, 0, 8, 0</column>
<column name="iencrypted_load_11_reg_1138">8, 0, 8, 0</column>
<column name="iencrypted_load_12_reg_1143">8, 0, 8, 0</column>
<column name="iencrypted_load_13_reg_1148">8, 0, 8, 0</column>
<column name="iencrypted_load_8_reg_1123">8, 0, 8, 0</column>
<column name="iencrypted_load_9_reg_1128">8, 0, 8, 0</column>
<column name="ptr_0_rec_i_reg_566">5, 0, 5, 0</column>
<column name="ptr_addr_reg_1076">4, 0, 4, 0</column>
<column name="reg_661">8, 0, 8, 0</column>
<column name="reg_667">8, 0, 8, 0</column>
<column name="reg_673">8, 0, 8, 0</column>
<column name="reg_679">8, 0, 8, 0</column>
<column name="reg_685">8, 0, 8, 0</column>
<column name="reg_691">8, 0, 8, 0</column>
<column name="reg_697">8, 0, 8, 0</column>
<column name="reg_703">8, 0, 8, 0</column>
<column name="zext_ln54_reg_1100">4, 0, 10, 6</column>
</table>
</item>
</section>
</item>
</section>

<section name = "Interface" level="0">
<item name = "Summary"><table name="" hasTotal="0">
<keys size="6">RTL Ports, Dir, Bits, Protocol, Source Object, C Type</keys>
<column name="ap_clk">in, 1, ap_ctrl_hs, aes_encrypt, return value</column>
<column name="ap_rst">in, 1, ap_ctrl_hs, aes_encrypt, return value</column>
<column name="ap_start">in, 1, ap_ctrl_hs, aes_encrypt, return value</column>
<column name="ap_done">out, 1, ap_ctrl_hs, aes_encrypt, return value</column>
<column name="ap_idle">out, 1, ap_ctrl_hs, aes_encrypt, return value</column>
<column name="ap_ready">out, 1, ap_ctrl_hs, aes_encrypt, return value</column>
<column name="ap_return_0">out, 8, ap_ctrl_hs, aes_encrypt, return value</column>
<column name="ap_return_1">out, 8, ap_ctrl_hs, aes_encrypt, return value</column>
<column name="ap_return_2">out, 8, ap_ctrl_hs, aes_encrypt, return value</column>
<column name="ap_return_3">out, 8, ap_ctrl_hs, aes_encrypt, return value</column>
<column name="ap_return_4">out, 8, ap_ctrl_hs, aes_encrypt, return value</column>
<column name="ap_return_5">out, 8, ap_ctrl_hs, aes_encrypt, return value</column>
<column name="ap_return_6">out, 8, ap_ctrl_hs, aes_encrypt, return value</column>
<column name="ap_return_7">out, 8, ap_ctrl_hs, aes_encrypt, return value</column>
<column name="ap_return_8">out, 8, ap_ctrl_hs, aes_encrypt, return value</column>
<column name="ap_return_9">out, 8, ap_ctrl_hs, aes_encrypt, return value</column>
<column name="ap_return_10">out, 8, ap_ctrl_hs, aes_encrypt, return value</column>
<column name="ap_return_11">out, 8, ap_ctrl_hs, aes_encrypt, return value</column>
<column name="ap_return_12">out, 8, ap_ctrl_hs, aes_encrypt, return value</column>
<column name="ap_return_13">out, 8, ap_ctrl_hs, aes_encrypt, return value</column>
<column name="ap_return_14">out, 8, ap_ctrl_hs, aes_encrypt, return value</column>
<column name="ap_return_15">out, 8, ap_ctrl_hs, aes_encrypt, return value</column>
<column name="p_read">in, 8, ap_none, p_read, scalar</column>
<column name="p_read1">in, 8, ap_none, p_read1, scalar</column>
<column name="p_read2">in, 8, ap_none, p_read2, scalar</column>
<column name="p_read3">in, 8, ap_none, p_read3, scalar</column>
<column name="p_read4">in, 8, ap_none, p_read4, scalar</column>
<column name="p_read5">in, 8, ap_none, p_read5, scalar</column>
<column name="p_read6">in, 8, ap_none, p_read6, scalar</column>
<column name="p_read7">in, 8, ap_none, p_read7, scalar</column>
<column name="p_read8">in, 8, ap_none, p_read8, scalar</column>
<column name="p_read9">in, 8, ap_none, p_read9, scalar</column>
<column name="p_read10">in, 8, ap_none, p_read10, scalar</column>
<column name="p_read11">in, 8, ap_none, p_read11, scalar</column>
<column name="p_read12">in, 8, ap_none, p_read12, scalar</column>
<column name="p_read13">in, 8, ap_none, p_read13, scalar</column>
<column name="p_read14">in, 8, ap_none, p_read14, scalar</column>
<column name="p_read15">in, 8, ap_none, p_read15, scalar</column>
<column name="p_read16">in, 8, ap_none, p_read16, scalar</column>
<column name="p_read17">in, 8, ap_none, p_read17, scalar</column>
<column name="p_read18">in, 8, ap_none, p_read18, scalar</column>
<column name="p_read19">in, 8, ap_none, p_read19, scalar</column>
<column name="p_read20">in, 8, ap_none, p_read20, scalar</column>
<column name="p_read21">in, 8, ap_none, p_read21, scalar</column>
<column name="p_read22">in, 8, ap_none, p_read22, scalar</column>
<column name="p_read23">in, 8, ap_none, p_read23, scalar</column>
<column name="p_read24">in, 8, ap_none, p_read24, scalar</column>
<column name="p_read25">in, 8, ap_none, p_read25, scalar</column>
<column name="p_read26">in, 8, ap_none, p_read26, scalar</column>
<column name="p_read27">in, 8, ap_none, p_read27, scalar</column>
<column name="p_read28">in, 8, ap_none, p_read28, scalar</column>
<column name="p_read29">in, 8, ap_none, p_read29, scalar</column>
<column name="p_read30">in, 8, ap_none, p_read30, scalar</column>
<column name="p_read31">in, 8, ap_none, p_read31, scalar</column>
</table>
</item>
</section>
</profile>
