{"sourceFile": [{
      "name": "",
      "directive": [
        {
          "functionName": "aes_encrypt",
          "label": "aes_encrypt_label0",
          "functionLabel": "",
          "pragma": {"name": "UNROLL"}
        },
        {
          "functionName": "arrToBigInt",
          "label": "arr_to_int_loop",
          "functionLabel": "",
          "pragma": {"name": "UNROLL"}
        },
        {
          "functionName": "bigIntToArr",
          "label": "int_to_arr_loop",
          "functionLabel": "",
          "pragma": {"name": "UNROLL"}
        },
        {
          "functionName": "aes_encrypt",
          "label": "aes_input_loop",
          "functionLabel": "",
          "pragma": {"name": "UNROLL"}
        },
        {
          "functionName": "aes_encrypt",
          "label": "aes_output_loop",
          "functionLabel": "",
          "pragma": {"name": "UNROLL"}
        }
      ]
    }]}
