<stg><name>keyExpand</name>


<trans_list>

<trans id="128" from="1" to="2">
<condition id="-1">
<or_exp><and_exp></and_exp></or_exp>
</condition>
</trans>

<trans id="129" from="2" to="3">
<condition id="-1">
<or_exp><and_exp></and_exp></or_exp>
</condition>
</trans>

<trans id="130" from="3" to="4">
<condition id="-1">
<or_exp><and_exp><literal name="icmp_ln68" val="0"/>
</and_exp></or_exp>
</condition>
</trans>

<trans id="136" from="3" to="6">
<condition id="-1">
<or_exp><and_exp><literal name="icmp_ln68" val="1"/>
</and_exp></or_exp>
</condition>
</trans>

<trans id="132" from="4" to="5">
<condition id="-1">
<or_exp><and_exp></and_exp></or_exp>
</condition>
</trans>

<trans id="135" from="5" to="3">
<condition id="-1">
<or_exp><and_exp></and_exp></or_exp>
</condition>
</trans>

<trans id="137" from="6" to="7">
<condition id="-1">
<or_exp><and_exp><literal name="icmp_ln79" val="0"/>
</and_exp></or_exp>
</condition>
</trans>

<trans id="139" from="7" to="8">
<condition id="-1">
<or_exp><and_exp></and_exp></or_exp>
</condition>
</trans>

<trans id="140" from="8" to="6">
<condition id="-1">
<or_exp><and_exp></and_exp></or_exp>
</condition>
</trans>
</trans_list>



<state_list>

<state id="1" st_id="1">

<operation id="9" st_id="1" stage="1" lat="1">
<core>NULL</core>
<MemPortIdVec></MemPortIdVec>
<condition id="-1">
<or_exp><and_exp></and_exp></or_exp>
</condition>

<Node id="22" bw="8" op_0_bw="8" op_1_bw="8">
<![CDATA[
:0  %p_read_1 = call i8 @_ssdm_op_Read.ap_auto.i8(i8 %p_read15)

]]></Node>
<StgValue><ssdm name="p_read_1"/></StgValue>
</operation>

<operation id="10" st_id="1" stage="1" lat="1">
<core>NULL</core>
<MemPortIdVec></MemPortIdVec>
<condition id="-1">
<or_exp><and_exp></and_exp></or_exp>
</condition>

<Node id="23" bw="8" op_0_bw="8" op_1_bw="8">
<![CDATA[
:1  %p_read_2 = call i8 @_ssdm_op_Read.ap_auto.i8(i8 %p_read14)

]]></Node>
<StgValue><ssdm name="p_read_2"/></StgValue>
</operation>

<operation id="11" st_id="1" stage="1" lat="1">
<core>NULL</core>
<MemPortIdVec></MemPortIdVec>
<condition id="-1">
<or_exp><and_exp></and_exp></or_exp>
</condition>

<Node id="24" bw="8" op_0_bw="8" op_1_bw="8">
<![CDATA[
:2  %p_read_3 = call i8 @_ssdm_op_Read.ap_auto.i8(i8 %p_read13)

]]></Node>
<StgValue><ssdm name="p_read_3"/></StgValue>
</operation>

<operation id="12" st_id="1" stage="1" lat="1">
<core>NULL</core>
<MemPortIdVec></MemPortIdVec>
<condition id="-1">
<or_exp><and_exp></and_exp></or_exp>
</condition>

<Node id="25" bw="8" op_0_bw="8" op_1_bw="8">
<![CDATA[
:3  %p_read_4 = call i8 @_ssdm_op_Read.ap_auto.i8(i8 %p_read12)

]]></Node>
<StgValue><ssdm name="p_read_4"/></StgValue>
</operation>

<operation id="13" st_id="1" stage="1" lat="1">
<core>NULL</core>
<MemPortIdVec></MemPortIdVec>
<condition id="-1">
<or_exp><and_exp></and_exp></or_exp>
</condition>

<Node id="26" bw="8" op_0_bw="8" op_1_bw="8">
<![CDATA[
:4  %p_read_5 = call i8 @_ssdm_op_Read.ap_auto.i8(i8 %p_read11)

]]></Node>
<StgValue><ssdm name="p_read_5"/></StgValue>
</operation>

<operation id="14" st_id="1" stage="1" lat="1">
<core>NULL</core>
<MemPortIdVec></MemPortIdVec>
<condition id="-1">
<or_exp><and_exp></and_exp></or_exp>
</condition>

<Node id="27" bw="8" op_0_bw="8" op_1_bw="8">
<![CDATA[
:5  %p_read_6 = call i8 @_ssdm_op_Read.ap_auto.i8(i8 %p_read10)

]]></Node>
<StgValue><ssdm name="p_read_6"/></StgValue>
</operation>

<operation id="15" st_id="1" stage="1" lat="1">
<core>NULL</core>
<MemPortIdVec></MemPortIdVec>
<condition id="-1">
<or_exp><and_exp></and_exp></or_exp>
</condition>

<Node id="28" bw="8" op_0_bw="8" op_1_bw="8">
<![CDATA[
:6  %p_read_7 = call i8 @_ssdm_op_Read.ap_auto.i8(i8 %p_read9)

]]></Node>
<StgValue><ssdm name="p_read_7"/></StgValue>
</operation>

<operation id="16" st_id="1" stage="1" lat="1">
<core>NULL</core>
<MemPortIdVec></MemPortIdVec>
<condition id="-1">
<or_exp><and_exp></and_exp></or_exp>
</condition>

<Node id="29" bw="8" op_0_bw="8" op_1_bw="8">
<![CDATA[
:7  %p_read_8 = call i8 @_ssdm_op_Read.ap_auto.i8(i8 %p_read8)

]]></Node>
<StgValue><ssdm name="p_read_8"/></StgValue>
</operation>

<operation id="17" st_id="1" stage="1" lat="1">
<core>RAM</core>
<MemPortIdVec></MemPortIdVec>
<condition id="-1">
<or_exp><and_exp></and_exp></or_exp>
</condition>

<Node id="38" bw="32" op_0_bw="64">
<![CDATA[
:16  %k = alloca [44 x i32], align 16

]]></Node>
<StgValue><ssdm name="k"/></StgValue>
</operation>

<operation id="18" st_id="1" stage="1" lat="1">
<core>NULL</core>
<MemPortIdVec></MemPortIdVec>
<condition id="-1">
<or_exp><and_exp></and_exp></or_exp>
</condition>

<Node id="39" bw="32" op_0_bw="32" op_1_bw="8" op_2_bw="8" op_3_bw="8" op_4_bw="8">
<![CDATA[
:17  %or_ln63_2 = call i32 @_ssdm_op_BitConcatenate.i32.i8.i8.i8.i8(i8 %p_read_4, i8 %p_read_3, i8 %p_read_2, i8 %p_read_1)

]]></Node>
<StgValue><ssdm name="or_ln63_2"/></StgValue>
</operation>

<operation id="19" st_id="1" stage="1" lat="1">
<core>NULL</core>
<MemPortIdVec></MemPortIdVec>
<condition id="-1">
<or_exp><and_exp></and_exp></or_exp>
</condition>

<Node id="40" bw="6" op_0_bw="32" op_1_bw="64" op_2_bw="64">
<![CDATA[
:18  %k_addr = getelementptr inbounds [44 x i32]* %k, i64 0, i64 3

]]></Node>
<StgValue><ssdm name="k_addr"/></StgValue>
</operation>

<operation id="20" st_id="1" stage="1" lat="1">
<core>RAM</core>
<MemPortIdVec></MemPortIdVec>
<condition id="-1">
<or_exp><and_exp></and_exp></or_exp>
</condition>

<Node id="41" bw="0" op_0_bw="32" op_1_bw="6">
<![CDATA[
:19  store i32 %or_ln63_2, i32* %k_addr, align 4

]]></Node>
<StgValue><ssdm name="store_ln63"/></StgValue>
</operation>

<operation id="21" st_id="1" stage="1" lat="1">
<core>NULL</core>
<MemPortIdVec></MemPortIdVec>
<condition id="-1">
<or_exp><and_exp></and_exp></or_exp>
</condition>

<Node id="42" bw="32" op_0_bw="32" op_1_bw="8" op_2_bw="8" op_3_bw="8" op_4_bw="8">
<![CDATA[
:20  %or_ln64_2 = call i32 @_ssdm_op_BitConcatenate.i32.i8.i8.i8.i8(i8 %p_read_8, i8 %p_read_7, i8 %p_read_6, i8 %p_read_5)

]]></Node>
<StgValue><ssdm name="or_ln64_2"/></StgValue>
</operation>

<operation id="22" st_id="1" stage="1" lat="1">
<core>NULL</core>
<MemPortIdVec></MemPortIdVec>
<condition id="-1">
<or_exp><and_exp></and_exp></or_exp>
</condition>

<Node id="43" bw="6" op_0_bw="32" op_1_bw="64" op_2_bw="64">
<![CDATA[
:21  %k_addr_1 = getelementptr inbounds [44 x i32]* %k, i64 0, i64 2

]]></Node>
<StgValue><ssdm name="k_addr_1"/></StgValue>
</operation>

<operation id="23" st_id="1" stage="1" lat="1">
<core>RAM</core>
<MemPortIdVec></MemPortIdVec>
<condition id="-1">
<or_exp><and_exp></and_exp></or_exp>
</condition>

<Node id="44" bw="0" op_0_bw="32" op_1_bw="6">
<![CDATA[
:22  store i32 %or_ln64_2, i32* %k_addr_1, align 8

]]></Node>
<StgValue><ssdm name="store_ln64"/></StgValue>
</operation>
</state>

<state id="2" st_id="2">

<operation id="24" st_id="2" stage="1" lat="1">
<core>NULL</core>
<MemPortIdVec></MemPortIdVec>
<condition id="-1">
<or_exp><and_exp></and_exp></or_exp>
</condition>

<Node id="30" bw="8" op_0_bw="8" op_1_bw="8">
<![CDATA[
:8  %p_read_9 = call i8 @_ssdm_op_Read.ap_auto.i8(i8 %p_read7)

]]></Node>
<StgValue><ssdm name="p_read_9"/></StgValue>
</operation>

<operation id="25" st_id="2" stage="1" lat="1">
<core>NULL</core>
<MemPortIdVec></MemPortIdVec>
<condition id="-1">
<or_exp><and_exp></and_exp></or_exp>
</condition>

<Node id="31" bw="8" op_0_bw="8" op_1_bw="8">
<![CDATA[
:9  %p_read_10 = call i8 @_ssdm_op_Read.ap_auto.i8(i8 %p_read6)

]]></Node>
<StgValue><ssdm name="p_read_10"/></StgValue>
</operation>

<operation id="26" st_id="2" stage="1" lat="1">
<core>NULL</core>
<MemPortIdVec></MemPortIdVec>
<condition id="-1">
<or_exp><and_exp></and_exp></or_exp>
</condition>

<Node id="32" bw="8" op_0_bw="8" op_1_bw="8">
<![CDATA[
:10  %p_read_11 = call i8 @_ssdm_op_Read.ap_auto.i8(i8 %p_read5)

]]></Node>
<StgValue><ssdm name="p_read_11"/></StgValue>
</operation>

<operation id="27" st_id="2" stage="1" lat="1">
<core>NULL</core>
<MemPortIdVec></MemPortIdVec>
<condition id="-1">
<or_exp><and_exp></and_exp></or_exp>
</condition>

<Node id="33" bw="8" op_0_bw="8" op_1_bw="8">
<![CDATA[
:11  %p_read_12 = call i8 @_ssdm_op_Read.ap_auto.i8(i8 %p_read4)

]]></Node>
<StgValue><ssdm name="p_read_12"/></StgValue>
</operation>

<operation id="28" st_id="2" stage="1" lat="1">
<core>NULL</core>
<MemPortIdVec></MemPortIdVec>
<condition id="-1">
<or_exp><and_exp></and_exp></or_exp>
</condition>

<Node id="34" bw="8" op_0_bw="8" op_1_bw="8">
<![CDATA[
:12  %p_read_13 = call i8 @_ssdm_op_Read.ap_auto.i8(i8 %p_read3)

]]></Node>
<StgValue><ssdm name="p_read_13"/></StgValue>
</operation>

<operation id="29" st_id="2" stage="1" lat="1">
<core>NULL</core>
<MemPortIdVec></MemPortIdVec>
<condition id="-1">
<or_exp><and_exp></and_exp></or_exp>
</condition>

<Node id="35" bw="8" op_0_bw="8" op_1_bw="8">
<![CDATA[
:13  %p_read_14 = call i8 @_ssdm_op_Read.ap_auto.i8(i8 %p_read2)

]]></Node>
<StgValue><ssdm name="p_read_14"/></StgValue>
</operation>

<operation id="30" st_id="2" stage="1" lat="1">
<core>NULL</core>
<MemPortIdVec></MemPortIdVec>
<condition id="-1">
<or_exp><and_exp></and_exp></or_exp>
</condition>

<Node id="36" bw="8" op_0_bw="8" op_1_bw="8">
<![CDATA[
:14  %p_read_15 = call i8 @_ssdm_op_Read.ap_auto.i8(i8 %p_read1)

]]></Node>
<StgValue><ssdm name="p_read_15"/></StgValue>
</operation>

<operation id="31" st_id="2" stage="1" lat="1">
<core>NULL</core>
<MemPortIdVec></MemPortIdVec>
<condition id="-1">
<or_exp><and_exp></and_exp></or_exp>
</condition>

<Node id="37" bw="8" op_0_bw="8" op_1_bw="8">
<![CDATA[
:15  %p_read16 = call i8 @_ssdm_op_Read.ap_auto.i8(i8 %p_read)

]]></Node>
<StgValue><ssdm name="p_read16"/></StgValue>
</operation>

<operation id="32" st_id="2" stage="1" lat="1">
<core>NULL</core>
<MemPortIdVec></MemPortIdVec>
<condition id="-1">
<or_exp><and_exp></and_exp></or_exp>
</condition>

<Node id="45" bw="32" op_0_bw="32" op_1_bw="8" op_2_bw="8" op_3_bw="8" op_4_bw="8">
<![CDATA[
:23  %or_ln65_2 = call i32 @_ssdm_op_BitConcatenate.i32.i8.i8.i8.i8(i8 %p_read_12, i8 %p_read_11, i8 %p_read_10, i8 %p_read_9)

]]></Node>
<StgValue><ssdm name="or_ln65_2"/></StgValue>
</operation>

<operation id="33" st_id="2" stage="1" lat="1">
<core>NULL</core>
<MemPortIdVec></MemPortIdVec>
<condition id="-1">
<or_exp><and_exp></and_exp></or_exp>
</condition>

<Node id="46" bw="6" op_0_bw="32" op_1_bw="64" op_2_bw="64">
<![CDATA[
:24  %k_addr_2 = getelementptr inbounds [44 x i32]* %k, i64 0, i64 1

]]></Node>
<StgValue><ssdm name="k_addr_2"/></StgValue>
</operation>

<operation id="34" st_id="2" stage="1" lat="1">
<core>RAM</core>
<MemPortIdVec></MemPortIdVec>
<condition id="-1">
<or_exp><and_exp></and_exp></or_exp>
</condition>

<Node id="47" bw="0" op_0_bw="32" op_1_bw="6">
<![CDATA[
:25  store i32 %or_ln65_2, i32* %k_addr_2, align 4

]]></Node>
<StgValue><ssdm name="store_ln65"/></StgValue>
</operation>

<operation id="35" st_id="2" stage="1" lat="1">
<core>NULL</core>
<MemPortIdVec></MemPortIdVec>
<condition id="-1">
<or_exp><and_exp></and_exp></or_exp>
</condition>

<Node id="48" bw="32" op_0_bw="32" op_1_bw="8" op_2_bw="8" op_3_bw="8" op_4_bw="8">
<![CDATA[
:26  %or_ln66_2 = call i32 @_ssdm_op_BitConcatenate.i32.i8.i8.i8.i8(i8 %p_read16, i8 %p_read_15, i8 %p_read_14, i8 %p_read_13)

]]></Node>
<StgValue><ssdm name="or_ln66_2"/></StgValue>
</operation>

<operation id="36" st_id="2" stage="1" lat="1">
<core>NULL</core>
<MemPortIdVec></MemPortIdVec>
<condition id="-1">
<or_exp><and_exp></and_exp></or_exp>
</condition>

<Node id="49" bw="6" op_0_bw="32" op_1_bw="64" op_2_bw="64">
<![CDATA[
:27  %k_addr_3 = getelementptr inbounds [44 x i32]* %k, i64 0, i64 0

]]></Node>
<StgValue><ssdm name="k_addr_3"/></StgValue>
</operation>

<operation id="37" st_id="2" stage="1" lat="1">
<core>RAM</core>
<MemPortIdVec></MemPortIdVec>
<condition id="-1">
<or_exp><and_exp></and_exp></or_exp>
</condition>

<Node id="50" bw="0" op_0_bw="32" op_1_bw="6">
<![CDATA[
:28  store i32 %or_ln66_2, i32* %k_addr_3, align 16

]]></Node>
<StgValue><ssdm name="store_ln66"/></StgValue>
</operation>

<operation id="38" st_id="2" stage="1" lat="1">
<core>NULL</core>
<MemPortIdVec></MemPortIdVec>
<condition id="-1">
<or_exp><and_exp></and_exp></or_exp>
</condition>

<Node id="51" bw="0" op_0_bw="0">
<![CDATA[
:29  br label %1

]]></Node>
<StgValue><ssdm name="br_ln68"/></StgValue>
</operation>
</state>

<state id="3" st_id="3">

<operation id="39" st_id="3" stage="1" lat="1">
<core>NULL</core>
<MemPortIdVec></MemPortIdVec>
<condition id="-1">
<or_exp><and_exp></and_exp></or_exp>
</condition>

<Node id="53" bw="6" op_0_bw="6" op_1_bw="0" op_2_bw="6" op_3_bw="0">
<![CDATA[
:0  %i_0 = phi i6 [ 4, %0 ], [ %i_1, %5 ]

]]></Node>
<StgValue><ssdm name="i_0"/></StgValue>
</operation>

<operation id="40" st_id="3" stage="1" lat="1">
<core>Cmp</core>
<MemPortIdVec></MemPortIdVec>
<condition id="-1">
<or_exp><and_exp></and_exp></or_exp>
</condition>

<Node id="54" bw="1" op_0_bw="6" op_1_bw="6">
<![CDATA[
:1  %icmp_ln68 = icmp eq i6 %i_0, -19

]]></Node>
<StgValue><ssdm name="icmp_ln68"/></StgValue>
</operation>

<operation id="41" st_id="3" stage="1" lat="1">
<core>NULL</core>
<MemPortIdVec></MemPortIdVec>
<condition id="-1">
<or_exp><and_exp></and_exp></or_exp>
</condition>

<Node id="55" bw="32" op_0_bw="32" op_1_bw="64" op_2_bw="64" op_3_bw="64">
<![CDATA[
:2  %empty = call i32 (...)* @_ssdm_op_SpecLoopTripCount(i64 41, i64 41, i64 41)

]]></Node>
<StgValue><ssdm name="empty"/></StgValue>
</operation>

<operation id="42" st_id="3" stage="1" lat="1">
<core>NULL</core>
<MemPortIdVec></MemPortIdVec>
<condition id="-1">
<or_exp><and_exp></and_exp></or_exp>
</condition>

<Node id="56" bw="0" op_0_bw="1" op_1_bw="0" op_2_bw="0">
<![CDATA[
:3  br i1 %icmp_ln68, label %.preheader.preheader, label %2

]]></Node>
<StgValue><ssdm name="br_ln68"/></StgValue>
</operation>

<operation id="43" st_id="3" stage="1" lat="1">
<core>AddSub</core>
<MemPortIdVec></MemPortIdVec>
<condition id="-1">
<or_exp><and_exp><literal name="icmp_ln68" val="0"/>
</and_exp></or_exp>
</condition>

<Node id="60" bw="6" op_0_bw="6" op_1_bw="6">
<![CDATA[
:2  %add_ln70 = add i6 -4, %i_0

]]></Node>
<StgValue><ssdm name="add_ln70"/></StgValue>
</operation>

<operation id="44" st_id="3" stage="1" lat="1">
<core>NULL</core>
<MemPortIdVec></MemPortIdVec>
<condition id="-1">
<or_exp><and_exp><literal name="icmp_ln68" val="0"/>
</and_exp></or_exp>
</condition>

<Node id="61" bw="64" op_0_bw="6">
<![CDATA[
:3  %zext_ln70 = zext i6 %add_ln70 to i64

]]></Node>
<StgValue><ssdm name="zext_ln70"/></StgValue>
</operation>

<operation id="45" st_id="3" stage="1" lat="1">
<core>NULL</core>
<MemPortIdVec></MemPortIdVec>
<condition id="-1">
<or_exp><and_exp><literal name="icmp_ln68" val="0"/>
</and_exp></or_exp>
</condition>

<Node id="62" bw="6" op_0_bw="32" op_1_bw="64" op_2_bw="64">
<![CDATA[
:4  %k_addr_4 = getelementptr inbounds [44 x i32]* %k, i64 0, i64 %zext_ln70

]]></Node>
<StgValue><ssdm name="k_addr_4"/></StgValue>
</operation>

<operation id="46" st_id="3" stage="2" lat="2">
<core>RAM</core>
<MemPortIdVec></MemPortIdVec>
<condition id="-1">
<or_exp><and_exp><literal name="icmp_ln68" val="0"/>
</and_exp></or_exp>
</condition>

<Node id="63" bw="32" op_0_bw="6">
<![CDATA[
:5  %k_load = load i32* %k_addr_4, align 4

]]></Node>
<StgValue><ssdm name="k_load"/></StgValue>
</operation>

<operation id="47" st_id="3" stage="1" lat="1">
<core>AddSub</core>
<MemPortIdVec></MemPortIdVec>
<condition id="-1">
<or_exp><and_exp><literal name="icmp_ln68" val="0"/>
</and_exp></or_exp>
</condition>

<Node id="64" bw="6" op_0_bw="6" op_1_bw="6">
<![CDATA[
:6  %add_ln70_1 = add i6 -1, %i_0

]]></Node>
<StgValue><ssdm name="add_ln70_1"/></StgValue>
</operation>

<operation id="48" st_id="3" stage="1" lat="1">
<core>NULL</core>
<MemPortIdVec></MemPortIdVec>
<condition id="-1">
<or_exp><and_exp><literal name="icmp_ln68" val="0"/>
</and_exp></or_exp>
</condition>

<Node id="65" bw="64" op_0_bw="6">
<![CDATA[
:7  %zext_ln70_1 = zext i6 %add_ln70_1 to i64

]]></Node>
<StgValue><ssdm name="zext_ln70_1"/></StgValue>
</operation>

<operation id="49" st_id="3" stage="1" lat="1">
<core>NULL</core>
<MemPortIdVec></MemPortIdVec>
<condition id="-1">
<or_exp><and_exp><literal name="icmp_ln68" val="0"/>
</and_exp></or_exp>
</condition>

<Node id="66" bw="6" op_0_bw="32" op_1_bw="64" op_2_bw="64">
<![CDATA[
:8  %k_addr_5 = getelementptr inbounds [44 x i32]* %k, i64 0, i64 %zext_ln70_1

]]></Node>
<StgValue><ssdm name="k_addr_5"/></StgValue>
</operation>

<operation id="50" st_id="3" stage="2" lat="2">
<core>RAM</core>
<MemPortIdVec></MemPortIdVec>
<condition id="-1">
<or_exp><and_exp><literal name="icmp_ln68" val="0"/>
</and_exp></or_exp>
</condition>

<Node id="67" bw="32" op_0_bw="6">
<![CDATA[
:9  %k_load_1 = load i32* %k_addr_5, align 4

]]></Node>
<StgValue><ssdm name="k_load_1"/></StgValue>
</operation>

<operation id="51" st_id="3" stage="1" lat="1">
<core>NULL</core>
<MemPortIdVec></MemPortIdVec>
<condition id="-1">
<or_exp><and_exp><literal name="icmp_ln68" val="1"/>
</and_exp></or_exp>
</condition>

<Node id="108" bw="0" op_0_bw="0">
<![CDATA[
.preheader.preheader:0  br label %.preheader

]]></Node>
<StgValue><ssdm name="br_ln79"/></StgValue>
</operation>
</state>

<state id="4" st_id="4">

<operation id="52" st_id="4" stage="1" lat="1">
<core>NULL</core>
<MemPortIdVec></MemPortIdVec>
<condition id="-1">
<or_exp><and_exp></and_exp></or_exp>
</condition>

<Node id="58" bw="2" op_0_bw="6">
<![CDATA[
:0  %trunc_ln68 = trunc i6 %i_0 to i2

]]></Node>
<StgValue><ssdm name="trunc_ln68"/></StgValue>
</operation>

<operation id="53" st_id="4" stage="1" lat="1">
<core>Cmp</core>
<MemPortIdVec></MemPortIdVec>
<condition id="-1">
<or_exp><and_exp></and_exp></or_exp>
</condition>

<Node id="59" bw="1" op_0_bw="2" op_1_bw="2">
<![CDATA[
:1  %icmp_ln69 = icmp eq i2 %trunc_ln68, 0

]]></Node>
<StgValue><ssdm name="icmp_ln69"/></StgValue>
</operation>

<operation id="54" st_id="4" stage="1" lat="2">
<core>RAM</core>
<MemPortIdVec></MemPortIdVec>
<condition id="-1">
<or_exp><and_exp></and_exp></or_exp>
</condition>

<Node id="63" bw="32" op_0_bw="6">
<![CDATA[
:5  %k_load = load i32* %k_addr_4, align 4

]]></Node>
<StgValue><ssdm name="k_load"/></StgValue>
</operation>

<operation id="55" st_id="4" stage="1" lat="2">
<core>RAM</core>
<MemPortIdVec></MemPortIdVec>
<condition id="-1">
<or_exp><and_exp></and_exp></or_exp>
</condition>

<Node id="67" bw="32" op_0_bw="6">
<![CDATA[
:9  %k_load_1 = load i32* %k_addr_5, align 4

]]></Node>
<StgValue><ssdm name="k_load_1"/></StgValue>
</operation>

<operation id="56" st_id="4" stage="1" lat="1">
<core>NULL</core>
<MemPortIdVec></MemPortIdVec>
<condition id="-1">
<or_exp><and_exp></and_exp></or_exp>
</condition>

<Node id="68" bw="0" op_0_bw="1" op_1_bw="0" op_2_bw="0">
<![CDATA[
:10  br i1 %icmp_ln69, label %3, label %4

]]></Node>
<StgValue><ssdm name="br_ln69"/></StgValue>
</operation>

<operation id="57" st_id="4" stage="1" lat="1">
<core>LogicGate</core>
<MemPortIdVec></MemPortIdVec>
<condition id="-1">
<or_exp><and_exp><literal name="icmp_ln69" val="0"/>
</and_exp></or_exp>
</condition>

<Node id="70" bw="32" op_0_bw="32" op_1_bw="32">
<![CDATA[
:0  %xor_ln72 = xor i32 %k_load_1, %k_load

]]></Node>
<StgValue><ssdm name="xor_ln72"/></StgValue>
</operation>

<operation id="58" st_id="4" stage="1" lat="1">
<core>NULL</core>
<MemPortIdVec></MemPortIdVec>
<condition id="-1">
<or_exp><and_exp><literal name="icmp_ln69" val="0"/>
</and_exp></or_exp>
</condition>

<Node id="71" bw="64" op_0_bw="6">
<![CDATA[
:1  %zext_ln72 = zext i6 %i_0 to i64

]]></Node>
<StgValue><ssdm name="zext_ln72"/></StgValue>
</operation>

<operation id="59" st_id="4" stage="1" lat="1">
<core>NULL</core>
<MemPortIdVec></MemPortIdVec>
<condition id="-1">
<or_exp><and_exp><literal name="icmp_ln69" val="0"/>
</and_exp></or_exp>
</condition>

<Node id="72" bw="6" op_0_bw="32" op_1_bw="64" op_2_bw="64">
<![CDATA[
:2  %k_addr_8 = getelementptr inbounds [44 x i32]* %k, i64 0, i64 %zext_ln72

]]></Node>
<StgValue><ssdm name="k_addr_8"/></StgValue>
</operation>

<operation id="60" st_id="4" stage="1" lat="1">
<core>RAM</core>
<MemPortIdVec></MemPortIdVec>
<condition id="-1">
<or_exp><and_exp><literal name="icmp_ln69" val="0"/>
</and_exp></or_exp>
</condition>

<Node id="73" bw="0" op_0_bw="32" op_1_bw="6">
<![CDATA[
:3  store i32 %xor_ln72, i32* %k_addr_8, align 4

]]></Node>
<StgValue><ssdm name="store_ln72"/></StgValue>
</operation>

<operation id="61" st_id="4" stage="1" lat="1">
<core>NULL</core>
<MemPortIdVec></MemPortIdVec>
<condition id="-1">
<or_exp><and_exp><literal name="icmp_ln69" val="0"/>
</and_exp></or_exp>
</condition>

<Node id="74" bw="0" op_0_bw="0">
<![CDATA[
:4  br label %5

]]></Node>
<StgValue><ssdm name="br_ln0"/></StgValue>
</operation>

<operation id="62" st_id="4" stage="1" lat="1">
<core>NULL</core>
<MemPortIdVec></MemPortIdVec>
<condition id="-1">
<or_exp><and_exp><literal name="icmp_ln69" val="1"/>
</and_exp></or_exp>
</condition>

<Node id="76" bw="8" op_0_bw="8" op_1_bw="32" op_2_bw="32" op_3_bw="32">
<![CDATA[
:0  %a_write_assign_2 = call i8 @_ssdm_op_PartSelect.i8.i32.i32.i32(i32 %k_load_1, i32 24, i32 31)

]]></Node>
<StgValue><ssdm name="a_write_assign_2"/></StgValue>
</operation>

<operation id="63" st_id="4" stage="1" lat="1">
<core>NULL</core>
<MemPortIdVec></MemPortIdVec>
<condition id="-1">
<or_exp><and_exp><literal name="icmp_ln69" val="1"/>
</and_exp></or_exp>
</condition>

<Node id="77" bw="8" op_0_bw="8" op_1_bw="32" op_2_bw="32" op_3_bw="32">
<![CDATA[
:1  %b_write_assign_2 = call i8 @_ssdm_op_PartSelect.i8.i32.i32.i32(i32 %k_load_1, i32 16, i32 23)

]]></Node>
<StgValue><ssdm name="b_write_assign_2"/></StgValue>
</operation>

<operation id="64" st_id="4" stage="1" lat="1">
<core>NULL</core>
<MemPortIdVec></MemPortIdVec>
<condition id="-1">
<or_exp><and_exp><literal name="icmp_ln69" val="1"/>
</and_exp></or_exp>
</condition>

<Node id="78" bw="8" op_0_bw="8" op_1_bw="32" op_2_bw="32" op_3_bw="32">
<![CDATA[
:2  %tmp = call i8 @_ssdm_op_PartSelect.i8.i32.i32.i32(i32 %k_load_1, i32 8, i32 15)

]]></Node>
<StgValue><ssdm name="tmp"/></StgValue>
</operation>

<operation id="65" st_id="4" stage="1" lat="1">
<core>NULL</core>
<MemPortIdVec></MemPortIdVec>
<condition id="-1">
<or_exp><and_exp><literal name="icmp_ln69" val="1"/>
</and_exp></or_exp>
</condition>

<Node id="79" bw="8" op_0_bw="32">
<![CDATA[
:3  %trunc_ln23 = trunc i32 %k_load_1 to i8

]]></Node>
<StgValue><ssdm name="trunc_ln23"/></StgValue>
</operation>

<operation id="66" st_id="4" stage="1" lat="1">
<core>NULL</core>
<MemPortIdVec></MemPortIdVec>
<condition id="-1">
<or_exp><and_exp><literal name="icmp_ln69" val="1"/>
</and_exp></or_exp>
</condition>

<Node id="80" bw="64" op_0_bw="8">
<![CDATA[
:4  %zext_ln49 = zext i8 %b_write_assign_2 to i64

]]></Node>
<StgValue><ssdm name="zext_ln49"/></StgValue>
</operation>

<operation id="67" st_id="4" stage="1" lat="1">
<core>NULL</core>
<MemPortIdVec></MemPortIdVec>
<condition id="-1">
<or_exp><and_exp><literal name="icmp_ln69" val="1"/>
</and_exp></or_exp>
</condition>

<Node id="81" bw="8" op_0_bw="8" op_1_bw="64" op_2_bw="64">
<![CDATA[
:5  %sbox_addr = getelementptr inbounds [256 x i8]* @sbox, i64 0, i64 %zext_ln49

]]></Node>
<StgValue><ssdm name="sbox_addr"/></StgValue>
</operation>

<operation id="68" st_id="4" stage="2" lat="2">
<core>ROM_nP</core>
<MemPortIdVec></MemPortIdVec>
<condition id="-1">
<or_exp><and_exp><literal name="icmp_ln69" val="1"/>
</and_exp></or_exp>
</condition>

<Node id="82" bw="8" op_0_bw="8">
<![CDATA[
:6  %sbox_load = load i8* %sbox_addr, align 1

]]></Node>
<StgValue><ssdm name="sbox_load"/></StgValue>
</operation>

<operation id="69" st_id="4" stage="1" lat="1">
<core>NULL</core>
<MemPortIdVec></MemPortIdVec>
<condition id="-1">
<or_exp><and_exp><literal name="icmp_ln69" val="1"/>
</and_exp></or_exp>
</condition>

<Node id="83" bw="64" op_0_bw="8">
<![CDATA[
:7  %zext_ln49_1 = zext i8 %tmp to i64

]]></Node>
<StgValue><ssdm name="zext_ln49_1"/></StgValue>
</operation>

<operation id="70" st_id="4" stage="1" lat="1">
<core>NULL</core>
<MemPortIdVec></MemPortIdVec>
<condition id="-1">
<or_exp><and_exp><literal name="icmp_ln69" val="1"/>
</and_exp></or_exp>
</condition>

<Node id="84" bw="8" op_0_bw="8" op_1_bw="64" op_2_bw="64">
<![CDATA[
:8  %sbox_addr_1 = getelementptr inbounds [256 x i8]* @sbox, i64 0, i64 %zext_ln49_1

]]></Node>
<StgValue><ssdm name="sbox_addr_1"/></StgValue>
</operation>

<operation id="71" st_id="4" stage="2" lat="2">
<core>ROM_nP</core>
<MemPortIdVec></MemPortIdVec>
<condition id="-1">
<or_exp><and_exp><literal name="icmp_ln69" val="1"/>
</and_exp></or_exp>
</condition>

<Node id="85" bw="8" op_0_bw="8">
<![CDATA[
:9  %sbox_load_1 = load i8* %sbox_addr_1, align 1

]]></Node>
<StgValue><ssdm name="sbox_load_1"/></StgValue>
</operation>

<operation id="72" st_id="4" stage="1" lat="1">
<core>NULL</core>
<MemPortIdVec></MemPortIdVec>
<condition id="-1">
<or_exp><and_exp><literal name="icmp_ln69" val="1"/>
</and_exp></or_exp>
</condition>

<Node id="86" bw="64" op_0_bw="8">
<![CDATA[
:10  %zext_ln49_2 = zext i8 %trunc_ln23 to i64

]]></Node>
<StgValue><ssdm name="zext_ln49_2"/></StgValue>
</operation>

<operation id="73" st_id="4" stage="1" lat="1">
<core>NULL</core>
<MemPortIdVec></MemPortIdVec>
<condition id="-1">
<or_exp><and_exp><literal name="icmp_ln69" val="1"/>
</and_exp></or_exp>
</condition>

<Node id="87" bw="8" op_0_bw="8" op_1_bw="64" op_2_bw="64">
<![CDATA[
:11  %sbox_addr_2 = getelementptr inbounds [256 x i8]* @sbox, i64 0, i64 %zext_ln49_2

]]></Node>
<StgValue><ssdm name="sbox_addr_2"/></StgValue>
</operation>

<operation id="74" st_id="4" stage="2" lat="2">
<core>ROM_nP</core>
<MemPortIdVec></MemPortIdVec>
<condition id="-1">
<or_exp><and_exp><literal name="icmp_ln69" val="1"/>
</and_exp></or_exp>
</condition>

<Node id="88" bw="8" op_0_bw="8">
<![CDATA[
:12  %sbox_load_2 = load i8* %sbox_addr_2, align 1

]]></Node>
<StgValue><ssdm name="sbox_load_2"/></StgValue>
</operation>

<operation id="75" st_id="4" stage="1" lat="1">
<core>NULL</core>
<MemPortIdVec></MemPortIdVec>
<condition id="-1">
<or_exp><and_exp><literal name="icmp_ln69" val="1"/>
</and_exp></or_exp>
</condition>

<Node id="89" bw="64" op_0_bw="8">
<![CDATA[
:13  %zext_ln49_3 = zext i8 %a_write_assign_2 to i64

]]></Node>
<StgValue><ssdm name="zext_ln49_3"/></StgValue>
</operation>

<operation id="76" st_id="4" stage="1" lat="1">
<core>NULL</core>
<MemPortIdVec></MemPortIdVec>
<condition id="-1">
<or_exp><and_exp><literal name="icmp_ln69" val="1"/>
</and_exp></or_exp>
</condition>

<Node id="90" bw="8" op_0_bw="8" op_1_bw="64" op_2_bw="64">
<![CDATA[
:14  %sbox_addr_3 = getelementptr inbounds [256 x i8]* @sbox, i64 0, i64 %zext_ln49_3

]]></Node>
<StgValue><ssdm name="sbox_addr_3"/></StgValue>
</operation>

<operation id="77" st_id="4" stage="2" lat="2">
<core>ROM_nP</core>
<MemPortIdVec></MemPortIdVec>
<condition id="-1">
<or_exp><and_exp><literal name="icmp_ln69" val="1"/>
</and_exp></or_exp>
</condition>

<Node id="91" bw="8" op_0_bw="8">
<![CDATA[
:15  %sbox_load_3 = load i8* %sbox_addr_3, align 1

]]></Node>
<StgValue><ssdm name="sbox_load_3"/></StgValue>
</operation>

<operation id="78" st_id="4" stage="1" lat="1">
<core>NULL</core>
<MemPortIdVec></MemPortIdVec>
<condition id="-1">
<or_exp><and_exp><literal name="icmp_ln69" val="1"/>
</and_exp></or_exp>
</condition>

<Node id="93" bw="4" op_0_bw="4" op_1_bw="6" op_2_bw="32" op_3_bw="32">
<![CDATA[
:17  %trunc_ln1 = call i4 @_ssdm_op_PartSelect.i4.i6.i32.i32(i6 %i_0, i32 2, i32 5)

]]></Node>
<StgValue><ssdm name="trunc_ln1"/></StgValue>
</operation>

<operation id="79" st_id="4" stage="1" lat="1">
<core>AddSub</core>
<MemPortIdVec></MemPortIdVec>
<condition id="-1">
<or_exp><and_exp><literal name="icmp_ln69" val="1"/>
</and_exp></or_exp>
</condition>

<Node id="94" bw="4" op_0_bw="4" op_1_bw="4">
<![CDATA[
:18  %add_ln70_2 = add i4 -1, %trunc_ln1

]]></Node>
<StgValue><ssdm name="add_ln70_2"/></StgValue>
</operation>

<operation id="80" st_id="4" stage="1" lat="1">
<core>NULL</core>
<MemPortIdVec></MemPortIdVec>
<condition id="-1">
<or_exp><and_exp><literal name="icmp_ln69" val="1"/>
</and_exp></or_exp>
</condition>

<Node id="95" bw="64" op_0_bw="4">
<![CDATA[
:19  %zext_ln70_2 = zext i4 %add_ln70_2 to i64

]]></Node>
<StgValue><ssdm name="zext_ln70_2"/></StgValue>
</operation>

<operation id="81" st_id="4" stage="1" lat="1">
<core>NULL</core>
<MemPortIdVec></MemPortIdVec>
<condition id="-1">
<or_exp><and_exp><literal name="icmp_ln69" val="1"/>
</and_exp></or_exp>
</condition>

<Node id="96" bw="4" op_0_bw="32" op_1_bw="64" op_2_bw="64">
<![CDATA[
:20  %ROUND_CONSTANT_addr = getelementptr inbounds [10 x i32]* @ROUND_CONSTANT, i64 0, i64 %zext_ln70_2

]]></Node>
<StgValue><ssdm name="ROUND_CONSTANT_addr"/></StgValue>
</operation>

<operation id="82" st_id="4" stage="2" lat="2">
<core>ROM_nP</core>
<MemPortIdVec></MemPortIdVec>
<condition id="-1">
<or_exp><and_exp><literal name="icmp_ln69" val="1"/>
</and_exp></or_exp>
</condition>

<Node id="97" bw="32" op_0_bw="4">
<![CDATA[
:21  %ROUND_CONSTANT_load = load i32* %ROUND_CONSTANT_addr, align 4

]]></Node>
<StgValue><ssdm name="ROUND_CONSTANT_load"/></StgValue>
</operation>
</state>

<state id="5" st_id="5">

<operation id="83" st_id="5" stage="1" lat="2">
<core>ROM_nP</core>
<MemPortIdVec></MemPortIdVec>
<condition id="-1">
<or_exp><and_exp><literal name="icmp_ln69" val="1"/>
</and_exp></or_exp>
</condition>

<Node id="82" bw="8" op_0_bw="8">
<![CDATA[
:6  %sbox_load = load i8* %sbox_addr, align 1

]]></Node>
<StgValue><ssdm name="sbox_load"/></StgValue>
</operation>

<operation id="84" st_id="5" stage="1" lat="2">
<core>ROM_nP</core>
<MemPortIdVec></MemPortIdVec>
<condition id="-1">
<or_exp><and_exp><literal name="icmp_ln69" val="1"/>
</and_exp></or_exp>
</condition>

<Node id="85" bw="8" op_0_bw="8">
<![CDATA[
:9  %sbox_load_1 = load i8* %sbox_addr_1, align 1

]]></Node>
<StgValue><ssdm name="sbox_load_1"/></StgValue>
</operation>

<operation id="85" st_id="5" stage="1" lat="2">
<core>ROM_nP</core>
<MemPortIdVec></MemPortIdVec>
<condition id="-1">
<or_exp><and_exp><literal name="icmp_ln69" val="1"/>
</and_exp></or_exp>
</condition>

<Node id="88" bw="8" op_0_bw="8">
<![CDATA[
:12  %sbox_load_2 = load i8* %sbox_addr_2, align 1

]]></Node>
<StgValue><ssdm name="sbox_load_2"/></StgValue>
</operation>

<operation id="86" st_id="5" stage="1" lat="2">
<core>ROM_nP</core>
<MemPortIdVec></MemPortIdVec>
<condition id="-1">
<or_exp><and_exp><literal name="icmp_ln69" val="1"/>
</and_exp></or_exp>
</condition>

<Node id="91" bw="8" op_0_bw="8">
<![CDATA[
:15  %sbox_load_3 = load i8* %sbox_addr_3, align 1

]]></Node>
<StgValue><ssdm name="sbox_load_3"/></StgValue>
</operation>

<operation id="87" st_id="5" stage="1" lat="1">
<core>NULL</core>
<MemPortIdVec></MemPortIdVec>
<condition id="-1">
<or_exp><and_exp><literal name="icmp_ln69" val="1"/>
</and_exp></or_exp>
</condition>

<Node id="92" bw="32" op_0_bw="32" op_1_bw="8" op_2_bw="8" op_3_bw="8" op_4_bw="8">
<![CDATA[
:16  %or_ln50_1_i = call i32 @_ssdm_op_BitConcatenate.i32.i8.i8.i8.i8(i8 %sbox_load, i8 %sbox_load_1, i8 %sbox_load_2, i8 %sbox_load_3)

]]></Node>
<StgValue><ssdm name="or_ln50_1_i"/></StgValue>
</operation>

<operation id="88" st_id="5" stage="1" lat="2">
<core>ROM_nP</core>
<MemPortIdVec></MemPortIdVec>
<condition id="-1">
<or_exp><and_exp><literal name="icmp_ln69" val="1"/>
</and_exp></or_exp>
</condition>

<Node id="97" bw="32" op_0_bw="4">
<![CDATA[
:21  %ROUND_CONSTANT_load = load i32* %ROUND_CONSTANT_addr, align 4

]]></Node>
<StgValue><ssdm name="ROUND_CONSTANT_load"/></StgValue>
</operation>

<operation id="89" st_id="5" stage="1" lat="1">
<core>LogicGate</core>
<MemPortIdVec></MemPortIdVec>
<condition id="-1">
<or_exp><and_exp><literal name="icmp_ln69" val="1"/>
</and_exp></or_exp>
</condition>

<Node id="98" bw="32" op_0_bw="32" op_1_bw="32">
<![CDATA[
:22  %xor_ln70 = xor i32 %ROUND_CONSTANT_load, %or_ln50_1_i

]]></Node>
<StgValue><ssdm name="xor_ln70"/></StgValue>
</operation>

<operation id="90" st_id="5" stage="1" lat="1">
<core>LogicGate</core>
<MemPortIdVec></MemPortIdVec>
<condition id="-1">
<or_exp><and_exp><literal name="icmp_ln69" val="1"/>
</and_exp></or_exp>
</condition>

<Node id="99" bw="32" op_0_bw="32" op_1_bw="32">
<![CDATA[
:23  %xor_ln70_1 = xor i32 %xor_ln70, %k_load

]]></Node>
<StgValue><ssdm name="xor_ln70_1"/></StgValue>
</operation>

<operation id="91" st_id="5" stage="1" lat="1">
<core>NULL</core>
<MemPortIdVec></MemPortIdVec>
<condition id="-1">
<or_exp><and_exp><literal name="icmp_ln69" val="1"/>
</and_exp></or_exp>
</condition>

<Node id="100" bw="64" op_0_bw="6">
<![CDATA[
:24  %zext_ln70_3 = zext i6 %i_0 to i64

]]></Node>
<StgValue><ssdm name="zext_ln70_3"/></StgValue>
</operation>

<operation id="92" st_id="5" stage="1" lat="1">
<core>NULL</core>
<MemPortIdVec></MemPortIdVec>
<condition id="-1">
<or_exp><and_exp><literal name="icmp_ln69" val="1"/>
</and_exp></or_exp>
</condition>

<Node id="101" bw="6" op_0_bw="32" op_1_bw="64" op_2_bw="64">
<![CDATA[
:25  %k_addr_6 = getelementptr inbounds [44 x i32]* %k, i64 0, i64 %zext_ln70_3

]]></Node>
<StgValue><ssdm name="k_addr_6"/></StgValue>
</operation>

<operation id="93" st_id="5" stage="1" lat="1">
<core>RAM</core>
<MemPortIdVec></MemPortIdVec>
<condition id="-1">
<or_exp><and_exp><literal name="icmp_ln69" val="1"/>
</and_exp></or_exp>
</condition>

<Node id="102" bw="0" op_0_bw="32" op_1_bw="6">
<![CDATA[
:26  store i32 %xor_ln70_1, i32* %k_addr_6, align 4

]]></Node>
<StgValue><ssdm name="store_ln70"/></StgValue>
</operation>

<operation id="94" st_id="5" stage="1" lat="1">
<core>NULL</core>
<MemPortIdVec></MemPortIdVec>
<condition id="-1">
<or_exp><and_exp><literal name="icmp_ln69" val="1"/>
</and_exp></or_exp>
</condition>

<Node id="103" bw="0" op_0_bw="0">
<![CDATA[
:27  br label %5

]]></Node>
<StgValue><ssdm name="br_ln71"/></StgValue>
</operation>

<operation id="95" st_id="5" stage="1" lat="1">
<core>AddSub</core>
<MemPortIdVec></MemPortIdVec>
<condition id="-1">
<or_exp><and_exp></and_exp></or_exp>
</condition>

<Node id="105" bw="6" op_0_bw="6" op_1_bw="6">
<![CDATA[
:0  %i_1 = add i6 %i_0, 1

]]></Node>
<StgValue><ssdm name="i_1"/></StgValue>
</operation>

<operation id="96" st_id="5" stage="1" lat="1">
<core>NULL</core>
<MemPortIdVec></MemPortIdVec>
<condition id="-1">
<or_exp><and_exp></and_exp></or_exp>
</condition>

<Node id="106" bw="0" op_0_bw="0">
<![CDATA[
:1  br label %1

]]></Node>
<StgValue><ssdm name="br_ln68"/></StgValue>
</operation>
</state>

<state id="6" st_id="6">

<operation id="97" st_id="6" stage="1" lat="1">
<core>NULL</core>
<MemPortIdVec></MemPortIdVec>
<condition id="-1">
<or_exp><and_exp></and_exp></or_exp>
</condition>

<Node id="110" bw="6" op_0_bw="6" op_1_bw="0" op_2_bw="6" op_3_bw="0">
<![CDATA[
.preheader:0  %i1_0 = phi i6 [ %i, %6 ], [ 0, %.preheader.preheader ]

]]></Node>
<StgValue><ssdm name="i1_0"/></StgValue>
</operation>

<operation id="98" st_id="6" stage="1" lat="1">
<core>Cmp</core>
<MemPortIdVec></MemPortIdVec>
<condition id="-1">
<or_exp><and_exp></and_exp></or_exp>
</condition>

<Node id="111" bw="1" op_0_bw="6" op_1_bw="6">
<![CDATA[
.preheader:1  %icmp_ln79 = icmp eq i6 %i1_0, -20

]]></Node>
<StgValue><ssdm name="icmp_ln79"/></StgValue>
</operation>

<operation id="99" st_id="6" stage="1" lat="1">
<core>NULL</core>
<MemPortIdVec></MemPortIdVec>
<condition id="-1">
<or_exp><and_exp></and_exp></or_exp>
</condition>

<Node id="112" bw="32" op_0_bw="32" op_1_bw="64" op_2_bw="64" op_3_bw="64">
<![CDATA[
.preheader:2  %empty_9 = call i32 (...)* @_ssdm_op_SpecLoopTripCount(i64 44, i64 44, i64 44)

]]></Node>
<StgValue><ssdm name="empty_9"/></StgValue>
</operation>

<operation id="100" st_id="6" stage="1" lat="1">
<core>AddSub</core>
<MemPortIdVec></MemPortIdVec>
<condition id="-1">
<or_exp><and_exp></and_exp></or_exp>
</condition>

<Node id="113" bw="6" op_0_bw="6" op_1_bw="6">
<![CDATA[
.preheader:3  %i = add i6 %i1_0, 1

]]></Node>
<StgValue><ssdm name="i"/></StgValue>
</operation>

<operation id="101" st_id="6" stage="1" lat="1">
<core>NULL</core>
<MemPortIdVec></MemPortIdVec>
<condition id="-1">
<or_exp><and_exp></and_exp></or_exp>
</condition>

<Node id="114" bw="0" op_0_bw="1" op_1_bw="0" op_2_bw="0">
<![CDATA[
.preheader:4  br i1 %icmp_ln79, label %7, label %6

]]></Node>
<StgValue><ssdm name="br_ln79"/></StgValue>
</operation>

<operation id="102" st_id="6" stage="1" lat="1">
<core>NULL</core>
<MemPortIdVec></MemPortIdVec>
<condition id="-1">
<or_exp><and_exp><literal name="icmp_ln79" val="0"/>
</and_exp></or_exp>
</condition>

<Node id="116" bw="64" op_0_bw="6">
<![CDATA[
:0  %zext_ln80 = zext i6 %i1_0 to i64

]]></Node>
<StgValue><ssdm name="zext_ln80"/></StgValue>
</operation>

<operation id="103" st_id="6" stage="1" lat="1">
<core>NULL</core>
<MemPortIdVec></MemPortIdVec>
<condition id="-1">
<or_exp><and_exp><literal name="icmp_ln79" val="0"/>
</and_exp></or_exp>
</condition>

<Node id="117" bw="6" op_0_bw="32" op_1_bw="64" op_2_bw="64">
<![CDATA[
:1  %k_addr_7 = getelementptr inbounds [44 x i32]* %k, i64 0, i64 %zext_ln80

]]></Node>
<StgValue><ssdm name="k_addr_7"/></StgValue>
</operation>

<operation id="104" st_id="6" stage="2" lat="2">
<core>RAM</core>
<MemPortIdVec></MemPortIdVec>
<condition id="-1">
<or_exp><and_exp><literal name="icmp_ln79" val="0"/>
</and_exp></or_exp>
</condition>

<Node id="118" bw="32" op_0_bw="6">
<![CDATA[
:2  %k_load_2 = load i32* %k_addr_7, align 4

]]></Node>
<StgValue><ssdm name="k_load_2"/></StgValue>
</operation>

<operation id="105" st_id="6" stage="1" lat="1">
<core>NULL</core>
<MemPortIdVec></MemPortIdVec>
<condition id="-1">
<or_exp><and_exp><literal name="icmp_ln79" val="1"/>
</and_exp></or_exp>
</condition>

<Node id="141" bw="0">
<![CDATA[
:0  ret void

]]></Node>
<StgValue><ssdm name="ret_ln83"/></StgValue>
</operation>
</state>

<state id="7" st_id="7">

<operation id="106" st_id="7" stage="1" lat="2">
<core>RAM</core>
<MemPortIdVec></MemPortIdVec>
<condition id="-1">
<or_exp><and_exp></and_exp></or_exp>
</condition>

<Node id="118" bw="32" op_0_bw="6">
<![CDATA[
:2  %k_load_2 = load i32* %k_addr_7, align 4

]]></Node>
<StgValue><ssdm name="k_load_2"/></StgValue>
</operation>

<operation id="107" st_id="7" stage="1" lat="1">
<core>NULL</core>
<MemPortIdVec></MemPortIdVec>
<condition id="-1">
<or_exp><and_exp></and_exp></or_exp>
</condition>

<Node id="119" bw="8" op_0_bw="8" op_1_bw="6" op_2_bw="2">
<![CDATA[
:3  %shl_ln = call i8 @_ssdm_op_BitConcatenate.i8.i6.i2(i6 %i1_0, i2 0)

]]></Node>
<StgValue><ssdm name="shl_ln"/></StgValue>
</operation>

<operation id="108" st_id="7" stage="1" lat="1">
<core>NULL</core>
<MemPortIdVec></MemPortIdVec>
<condition id="-1">
<or_exp><and_exp></and_exp></or_exp>
</condition>

<Node id="120" bw="64" op_0_bw="8">
<![CDATA[
:4  %zext_ln80_1 = zext i8 %shl_ln to i64

]]></Node>
<StgValue><ssdm name="zext_ln80_1"/></StgValue>
</operation>

<operation id="109" st_id="7" stage="1" lat="1">
<core>NULL</core>
<MemPortIdVec></MemPortIdVec>
<condition id="-1">
<or_exp><and_exp></and_exp></or_exp>
</condition>

<Node id="121" bw="8" op_0_bw="8" op_1_bw="64" op_2_bw="64">
<![CDATA[
:5  %keys_addr = getelementptr [176 x i8]* %keys, i64 0, i64 %zext_ln80_1

]]></Node>
<StgValue><ssdm name="keys_addr"/></StgValue>
</operation>

<operation id="110" st_id="7" stage="1" lat="1">
<core>NULL</core>
<MemPortIdVec></MemPortIdVec>
<condition id="-1">
<or_exp><and_exp></and_exp></or_exp>
</condition>

<Node id="122" bw="8" op_0_bw="8" op_1_bw="8">
<![CDATA[
:6  %or_ln80 = or i8 %shl_ln, 1

]]></Node>
<StgValue><ssdm name="or_ln80"/></StgValue>
</operation>

<operation id="111" st_id="7" stage="1" lat="1">
<core>NULL</core>
<MemPortIdVec></MemPortIdVec>
<condition id="-1">
<or_exp><and_exp></and_exp></or_exp>
</condition>

<Node id="123" bw="64" op_0_bw="8">
<![CDATA[
:7  %zext_ln80_2 = zext i8 %or_ln80 to i64

]]></Node>
<StgValue><ssdm name="zext_ln80_2"/></StgValue>
</operation>

<operation id="112" st_id="7" stage="1" lat="1">
<core>NULL</core>
<MemPortIdVec></MemPortIdVec>
<condition id="-1">
<or_exp><and_exp></and_exp></or_exp>
</condition>

<Node id="124" bw="8" op_0_bw="8" op_1_bw="64" op_2_bw="64">
<![CDATA[
:8  %keys_addr_1 = getelementptr [176 x i8]* %keys, i64 0, i64 %zext_ln80_2

]]></Node>
<StgValue><ssdm name="keys_addr_1"/></StgValue>
</operation>

<operation id="113" st_id="7" stage="1" lat="1">
<core>NULL</core>
<MemPortIdVec></MemPortIdVec>
<condition id="-1">
<or_exp><and_exp></and_exp></or_exp>
</condition>

<Node id="131" bw="8" op_0_bw="8" op_1_bw="32" op_2_bw="32" op_3_bw="32">
<![CDATA[
:15  %a_write_assign = call i8 @_ssdm_op_PartSelect.i8.i32.i32.i32(i32 %k_load_2, i32 24, i32 31)

]]></Node>
<StgValue><ssdm name="a_write_assign"/></StgValue>
</operation>

<operation id="114" st_id="7" stage="1" lat="1">
<core>NULL</core>
<MemPortIdVec></MemPortIdVec>
<condition id="-1">
<or_exp><and_exp></and_exp></or_exp>
</condition>

<Node id="132" bw="8" op_0_bw="8" op_1_bw="32" op_2_bw="32" op_3_bw="32">
<![CDATA[
:16  %b_write_assign = call i8 @_ssdm_op_PartSelect.i8.i32.i32.i32(i32 %k_load_2, i32 16, i32 23)

]]></Node>
<StgValue><ssdm name="b_write_assign"/></StgValue>
</operation>

<operation id="115" st_id="7" stage="1" lat="1">
<core>NULL</core>
<MemPortIdVec></MemPortIdVec>
<condition id="-1">
<or_exp><and_exp></and_exp></or_exp>
</condition>

<Node id="133" bw="8" op_0_bw="8" op_1_bw="32" op_2_bw="32" op_3_bw="32">
<![CDATA[
:17  %c_write_assign = call i8 @_ssdm_op_PartSelect.i8.i32.i32.i32(i32 %k_load_2, i32 8, i32 15)

]]></Node>
<StgValue><ssdm name="c_write_assign"/></StgValue>
</operation>

<operation id="116" st_id="7" stage="1" lat="1">
<core>NULL</core>
<MemPortIdVec></MemPortIdVec>
<condition id="-1">
<or_exp><and_exp></and_exp></or_exp>
</condition>

<Node id="134" bw="8" op_0_bw="32">
<![CDATA[
:18  %trunc_ln19 = trunc i32 %k_load_2 to i8

]]></Node>
<StgValue><ssdm name="trunc_ln19"/></StgValue>
</operation>

<operation id="117" st_id="7" stage="1" lat="1">
<core>RAM</core>
<MemPortIdVec></MemPortIdVec>
<condition id="-1">
<or_exp><and_exp></and_exp></or_exp>
</condition>

<Node id="135" bw="0" op_0_bw="8" op_1_bw="8">
<![CDATA[
:19  store i8 %a_write_assign, i8* %keys_addr, align 1

]]></Node>
<StgValue><ssdm name="store_ln80"/></StgValue>
</operation>

<operation id="118" st_id="7" stage="1" lat="1">
<core>RAM</core>
<MemPortIdVec></MemPortIdVec>
<condition id="-1">
<or_exp><and_exp></and_exp></or_exp>
</condition>

<Node id="136" bw="0" op_0_bw="8" op_1_bw="8">
<![CDATA[
:20  store i8 %b_write_assign, i8* %keys_addr_1, align 1

]]></Node>
<StgValue><ssdm name="store_ln80"/></StgValue>
</operation>
</state>

<state id="8" st_id="8">

<operation id="119" st_id="8" stage="1" lat="1">
<core>NULL</core>
<MemPortIdVec></MemPortIdVec>
<condition id="-1">
<or_exp><and_exp></and_exp></or_exp>
</condition>

<Node id="125" bw="8" op_0_bw="8" op_1_bw="8">
<![CDATA[
:9  %or_ln80_1 = or i8 %shl_ln, 2

]]></Node>
<StgValue><ssdm name="or_ln80_1"/></StgValue>
</operation>

<operation id="120" st_id="8" stage="1" lat="1">
<core>NULL</core>
<MemPortIdVec></MemPortIdVec>
<condition id="-1">
<or_exp><and_exp></and_exp></or_exp>
</condition>

<Node id="126" bw="64" op_0_bw="8">
<![CDATA[
:10  %zext_ln80_3 = zext i8 %or_ln80_1 to i64

]]></Node>
<StgValue><ssdm name="zext_ln80_3"/></StgValue>
</operation>

<operation id="121" st_id="8" stage="1" lat="1">
<core>NULL</core>
<MemPortIdVec></MemPortIdVec>
<condition id="-1">
<or_exp><and_exp></and_exp></or_exp>
</condition>

<Node id="127" bw="8" op_0_bw="8" op_1_bw="64" op_2_bw="64">
<![CDATA[
:11  %keys_addr_2 = getelementptr [176 x i8]* %keys, i64 0, i64 %zext_ln80_3

]]></Node>
<StgValue><ssdm name="keys_addr_2"/></StgValue>
</operation>

<operation id="122" st_id="8" stage="1" lat="1">
<core>NULL</core>
<MemPortIdVec></MemPortIdVec>
<condition id="-1">
<or_exp><and_exp></and_exp></or_exp>
</condition>

<Node id="128" bw="8" op_0_bw="8" op_1_bw="8">
<![CDATA[
:12  %or_ln80_2 = or i8 %shl_ln, 3

]]></Node>
<StgValue><ssdm name="or_ln80_2"/></StgValue>
</operation>

<operation id="123" st_id="8" stage="1" lat="1">
<core>NULL</core>
<MemPortIdVec></MemPortIdVec>
<condition id="-1">
<or_exp><and_exp></and_exp></or_exp>
</condition>

<Node id="129" bw="64" op_0_bw="8">
<![CDATA[
:13  %zext_ln80_4 = zext i8 %or_ln80_2 to i64

]]></Node>
<StgValue><ssdm name="zext_ln80_4"/></StgValue>
</operation>

<operation id="124" st_id="8" stage="1" lat="1">
<core>NULL</core>
<MemPortIdVec></MemPortIdVec>
<condition id="-1">
<or_exp><and_exp></and_exp></or_exp>
</condition>

<Node id="130" bw="8" op_0_bw="8" op_1_bw="64" op_2_bw="64">
<![CDATA[
:14  %keys_addr_3 = getelementptr [176 x i8]* %keys, i64 0, i64 %zext_ln80_4

]]></Node>
<StgValue><ssdm name="keys_addr_3"/></StgValue>
</operation>

<operation id="125" st_id="8" stage="1" lat="1">
<core>RAM</core>
<MemPortIdVec></MemPortIdVec>
<condition id="-1">
<or_exp><and_exp></and_exp></or_exp>
</condition>

<Node id="137" bw="0" op_0_bw="8" op_1_bw="8">
<![CDATA[
:21  store i8 %c_write_assign, i8* %keys_addr_2, align 1

]]></Node>
<StgValue><ssdm name="store_ln80"/></StgValue>
</operation>

<operation id="126" st_id="8" stage="1" lat="1">
<core>RAM</core>
<MemPortIdVec></MemPortIdVec>
<condition id="-1">
<or_exp><and_exp></and_exp></or_exp>
</condition>

<Node id="138" bw="0" op_0_bw="8" op_1_bw="8">
<![CDATA[
:22  store i8 %trunc_ln19, i8* %keys_addr_3, align 1

]]></Node>
<StgValue><ssdm name="store_ln80"/></StgValue>
</operation>

<operation id="127" st_id="8" stage="1" lat="1">
<core>NULL</core>
<MemPortIdVec></MemPortIdVec>
<condition id="-1">
<or_exp><and_exp></and_exp></or_exp>
</condition>

<Node id="139" bw="0" op_0_bw="0">
<![CDATA[
:23  br label %.preheader

]]></Node>
<StgValue><ssdm name="br_ln79"/></StgValue>
</operation>
</state>
</state_list>


<ports>
</ports>


<dataflows>
</dataflows>


</stg>
