<profile>

<section name = "Vivado HLS Report for 'keyExpand'" level="0">
<item name = "Date">Wed Apr 13 14:14:05 2022
</item>
<item name = "Version">2020.1 (Build 2897737 on Wed May 27 20:21:37 MDT 2020)</item>
<item name = "Project">aes_hw_impl_hls</item>
<item name = "Solution">solution3</item>
<item name = "Product family">zynq</item>
<item name = "Target device">xc7z020-clg400-1</item>
</section>

<section name = "Performance Estimates" level="0">
<item name = "Timing">
<section name = "" level="1">
<item name = "Summary"><table name="" hasTotal="0">
<keys size="4">Clock, Target, Estimated, Uncertainty</keys>
<column name="ap_clk">10.00 ns, 7.501 ns, 1.25 ns</column>
</table>
</item>
</section>
</item>
<item name = "Latency">
<section name = "" level="1">
<item name = "Summary"><table name="" hasTotal="0">
<keys size="8">, min, max, min, max, min, max, Type</keys>
<column name="">258, 258, 2.580 us, 2.580 us, 258, 258, none</column>
</table>
</item>
<item name = "Detail">
<section name = "" level="1">
<item name = "Instance"><table name="" hasTotal="0">
<keys size="9">Instance, Module, min, max, min, max, min, max, Type</keys>
</table>
</item>
<item name = "Loop"><table name="" hasTotal="0">
<keys size="8">Loop Name, min, max, Latency, achieved, target, Count, Pipelined</keys>
<column name="- Loop 1">123, 123, 3, -, -, 41, no</column>
<column name="- Loop 2">132, 132, 3, -, -, 44, no</column>
</table>
</item>
</section>
</item>
</section>
</item>
</section>

<section name = "Utilization Estimates" level="0">
<item name = "Summary"><table name="" hasTotal="1">
<keys size="6">Name, BRAM_18K, DSP48E, FF, LUT, URAM</keys>
<column name="DSP">-, -, -, -, -</column>
<column name="Expression">-, -, 0, 223, -</column>
<column name="FIFO">-, -, -, -, -</column>
<column name="Instance">-, -, -, -, -</column>
<column name="Memory">4, -, 32, 5, 0</column>
<column name="Multiplexer">-, -, -, 224, -</column>
<column name="Register">-, -, 81, -, -</column>
<specialColumn name="Available">280, 220, 106400, 53200, 0</specialColumn>
<specialColumn name="Utilization (%)">1, 0, ~0, ~0, 0</specialColumn>
</table>
</item>
<item name = "Detail">
<section name = "" level="1">
<item name = "Instance"><table name="" hasTotal="1">
<keys size="7">Instance, Module, BRAM_18K, DSP48E, FF, LUT, URAM</keys>
</table>
</item>
<item name = "DSP48E"><table name="" hasTotal="0">
<keys size="3">Instance, Module, Expression</keys>
</table>
</item>
<item name = "Memory"><table name="" hasTotal="1">
<keys size="10">Memory, Module, BRAM_18K, FF, LUT, URAM, Words, Bits, Banks, W*Bits*Banks</keys>
<column name="ROUND_CONSTANT_U">keyExpand_ROUND_Cbkb, 0, 32, 5, 0, 10, 32, 1, 320</column>
<column name="k_U">keyExpand_k, 2, 0, 0, 0, 44, 32, 1, 1408</column>
<column name="sbox_U">keyExpand_sbox, 2, 0, 0, 0, 256, 8, 1, 2048</column>
</table>
</item>
<item name = "FIFO"><table name="" hasTotal="1">
<keys size="8">Name, BRAM_18K, FF, LUT, URAM, Depth, Bits, Size:D*B</keys>
</table>
</item>
<item name = "Expression"><table name="" hasTotal="1">
<keys size="7">Variable Name, Operation, DSP48E, FF, LUT, Bitwidth P0, Bitwidth P1</keys>
<column name="add_ln70_1_fu_476_p2">+, 0, 0, 15, 2, 6</column>
<column name="add_ln70_2_fu_573_p2">+, 0, 0, 13, 2, 4</column>
<column name="add_ln70_fu_465_p2">+, 0, 0, 15, 4, 6</column>
<column name="i_1_fu_613_p2">+, 0, 0, 15, 6, 1</column>
<column name="i_fu_625_p2">+, 0, 0, 15, 6, 1</column>
<column name="icmp_ln68_fu_459_p2">icmp, 0, 0, 11, 6, 6</column>
<column name="icmp_ln69_fu_491_p2">icmp, 0, 0, 8, 2, 1</column>
<column name="icmp_ln79_fu_619_p2">icmp, 0, 0, 11, 6, 6</column>
<column name="or_ln80_1_fu_696_p2">or, 0, 0, 8, 8, 2</column>
<column name="or_ln80_2_fu_706_p2">or, 0, 0, 8, 8, 2</column>
<column name="or_ln80_fu_649_p2">or, 0, 0, 8, 8, 1</column>
<column name="xor_ln70_1_fu_602_p2">xor, 0, 0, 32, 32, 32</column>
<column name="xor_ln70_fu_596_p2">xor, 0, 0, 32, 32, 32</column>
<column name="xor_ln72_fu_497_p2">xor, 0, 0, 32, 32, 32</column>
</table>
</item>
<item name = "Multiplexer"><table name="" hasTotal="1">
<keys size="5">Name, LUT, Input Size, Bits, Total Bits</keys>
<column name="ap_NS_fsm">44, 9, 1, 9</column>
<column name="i1_0_reg_395">9, 2, 6, 12</column>
<column name="i_0_reg_383">9, 2, 6, 12</column>
<column name="k_address0">33, 6, 6, 36</column>
<column name="k_address1">27, 5, 6, 30</column>
<column name="k_d0">21, 4, 32, 128</column>
<column name="k_d1">21, 4, 32, 128</column>
<column name="keys_address0">15, 3, 8, 24</column>
<column name="keys_address1">15, 3, 8, 24</column>
<column name="keys_d0">15, 3, 8, 24</column>
<column name="keys_d1">15, 3, 8, 24</column>
</table>
</item>
<item name = "Register"><table name="" hasTotal="1">
<keys size="5">Name, FF, LUT, Bits, Const Bits</keys>
<column name="ap_CS_fsm">8, 0, 8, 0</column>
<column name="c_write_assign_reg_787">8, 0, 8, 0</column>
<column name="i1_0_reg_395">6, 0, 6, 0</column>
<column name="i_0_reg_383">6, 0, 6, 0</column>
<column name="i_reg_771">6, 0, 6, 0</column>
<column name="icmp_ln69_reg_729">1, 0, 1, 0</column>
<column name="k_load_reg_733">32, 0, 32, 0</column>
<column name="shl_ln_reg_781">6, 0, 8, 2</column>
<column name="trunc_ln19_reg_792">8, 0, 8, 0</column>
</table>
</item>
</section>
</item>
</section>

<section name = "Interface" level="0">
<item name = "Summary"><table name="" hasTotal="0">
<keys size="6">RTL Ports, Dir, Bits, Protocol, Source Object, C Type</keys>
<column name="ap_clk">in, 1, ap_ctrl_hs, keyExpand, return value</column>
<column name="ap_rst">in, 1, ap_ctrl_hs, keyExpand, return value</column>
<column name="ap_start">in, 1, ap_ctrl_hs, keyExpand, return value</column>
<column name="ap_done">out, 1, ap_ctrl_hs, keyExpand, return value</column>
<column name="ap_idle">out, 1, ap_ctrl_hs, keyExpand, return value</column>
<column name="ap_ready">out, 1, ap_ctrl_hs, keyExpand, return value</column>
<column name="p_read">in, 8, ap_none, p_read, scalar</column>
<column name="p_read1">in, 8, ap_none, p_read1, scalar</column>
<column name="p_read2">in, 8, ap_none, p_read2, scalar</column>
<column name="p_read3">in, 8, ap_none, p_read3, scalar</column>
<column name="p_read4">in, 8, ap_none, p_read4, scalar</column>
<column name="p_read5">in, 8, ap_none, p_read5, scalar</column>
<column name="p_read6">in, 8, ap_none, p_read6, scalar</column>
<column name="p_read7">in, 8, ap_none, p_read7, scalar</column>
<column name="p_read8">in, 8, ap_none, p_read8, scalar</column>
<column name="p_read9">in, 8, ap_none, p_read9, scalar</column>
<column name="p_read10">in, 8, ap_none, p_read10, scalar</column>
<column name="p_read11">in, 8, ap_none, p_read11, scalar</column>
<column name="p_read12">in, 8, ap_none, p_read12, scalar</column>
<column name="p_read13">in, 8, ap_none, p_read13, scalar</column>
<column name="p_read14">in, 8, ap_none, p_read14, scalar</column>
<column name="p_read15">in, 8, ap_none, p_read15, scalar</column>
<column name="keys_address0">out, 8, ap_memory, keys, array</column>
<column name="keys_ce0">out, 1, ap_memory, keys, array</column>
<column name="keys_we0">out, 1, ap_memory, keys, array</column>
<column name="keys_d0">out, 8, ap_memory, keys, array</column>
<column name="keys_address1">out, 8, ap_memory, keys, array</column>
<column name="keys_ce1">out, 1, ap_memory, keys, array</column>
<column name="keys_we1">out, 1, ap_memory, keys, array</column>
<column name="keys_d1">out, 8, ap_memory, keys, array</column>
</table>
</item>
</section>
</profile>
