<stg><name>keyExpand</name>


<trans_list>

<trans id="128" from="1" to="2">
<condition id="-1">
<or_exp><and_exp></and_exp></or_exp>
</condition>
</trans>

<trans id="129" from="2" to="3">
<condition id="-1">
<or_exp><and_exp></and_exp></or_exp>
</condition>
</trans>

<trans id="130" from="3" to="4">
<condition id="-1">
<or_exp><and_exp><literal name="icmp_ln68" val="0"/>
</and_exp></or_exp>
</condition>
</trans>

<trans id="136" from="3" to="6">
<condition id="-1">
<or_exp><and_exp><literal name="icmp_ln68" val="1"/>
</and_exp></or_exp>
</condition>
</trans>

<trans id="132" from="4" to="5">
<condition id="-1">
<or_exp><and_exp></and_exp></or_exp>
</condition>
</trans>

<trans id="135" from="5" to="3">
<condition id="-1">
<or_exp><and_exp></and_exp></or_exp>
</condition>
</trans>

<trans id="137" from="6" to="7">
<condition id="-1">
<or_exp><and_exp><literal name="icmp_ln79" val="0"/>
</and_exp></or_exp>
</condition>
</trans>

<trans id="139" from="7" to="8">
<condition id="-1">
<or_exp><and_exp></and_exp></or_exp>
</condition>
</trans>

<trans id="140" from="8" to="6">
<condition id="-1">
<or_exp><and_exp></and_exp></or_exp>
</condition>
</trans>
</trans_list>



<state_list>

<state id="1" st_id="1">

<operation id="9" st_id="1" stage="1" lat="1">
<core>NULL</core>
<MemPortIdVec></MemPortIdVec>
<condition id="-1">
<or_exp><and_exp></and_exp></or_exp>
</condition>

<Node id="22" bw="8" op_0_bw="8" op_1_bw="8">
<![CDATA[
:0  %p_read_1 = call i8 @_ssdm_op_Read.ap_auto.i8(i8 %p_read15)

]]></Node>
<StgValue><ssdm name="p_read_1"/></StgValue>
</operation>

<operation id="10" st_id="1" stage="1" lat="1">
<core>NULL</core>
<MemPortIdVec></MemPortIdVec>
<condition id="-1">
<or_exp><and_exp></and_exp></or_exp>
</condition>

<Node id="23" bw="8" op_0_bw="8" op_1_bw="8">
<![CDATA[
:1  %p_read_2 = call i8 @_ssdm_op_Read.ap_auto.i8(i8 %p_read14)

]]></Node>
<StgValue><ssdm name="p_read_2"/></StgValue>
</operation>

<operation id="11" st_id="1" stage="1" lat="1">
<core>NULL</core>
<MemPortIdVec></MemPortIdVec>
<condition id="-1">
<or_exp><and_exp></and_exp></or_exp>
</condition>

<Node id="24" bw="8" op_0_bw="8" op_1_bw="8">
<![CDATA[
:2  %p_read_3 = call i8 @_ssdm_op_Read.ap_auto.i8(i8 %p_read13)

]]></Node>
<StgValue><ssdm name="p_read_3"/></StgValue>
</operation>

<operation id="12" st_id="1" stage="1" lat="1">
<core>NULL</core>
<MemPortIdVec></MemPortIdVec>
<condition id="-1">
<or_exp><and_exp></and_exp></or_exp>
</condition>

<Node id="25" bw="8" op_0_bw="8" op_1_bw="8">
<![CDATA[
:3  %p_read_4 = call i8 @_ssdm_op_Read.ap_auto.i8(i8 %p_read12)

]]></Node>
<StgValue><ssdm name="p_read_4"/></StgValue>
</operation>

<operation id="13" st_id="1" stage="1" lat="1">
<core>NULL</core>
<MemPortIdVec></MemPortIdVec>
<condition id="-1">
<or_exp><and_exp></and_exp></or_exp>
</condition>

<Node id="26" bw="8" op_0_bw="8" op_1_bw="8">
<![CDATA[
:4  %p_read_5 = call i8 @_ssdm_op_Read.ap_auto.i8(i8 %p_read11)

]]></Node>
<StgValue><ssdm name="p_read_5"/></StgValue>
</operation>

<operation id="14" st_id="1" stage="1" lat="1">
<core>NULL</core>
<MemPortIdVec></MemPortIdVec>
<condition id="-1">
<or_exp><and_exp></and_exp></or_exp>
</condition>

<Node id="27" bw="8" op_0_bw="8" op_1_bw="8">
<![CDATA[
:5  %p_read_6 = call i8 @_ssdm_op_Read.ap_auto.i8(i8 %p_read10)

]]></Node>
<StgValue><ssdm name="p_read_6"/></StgValue>
</operation>

<operation id="15" st_id="1" stage="1" lat="1">
<core>NULL</core>
<MemPortIdVec></MemPortIdVec>
<condition id="-1">
<or_exp><and_exp></and_exp></or_exp>
</condition>

<Node id="28" bw="8" op_0_bw="8" op_1_bw="8">
<![CDATA[
:6  %p_read_7 = call i8 @_ssdm_op_Read.ap_auto.i8(i8 %p_read9)

]]></Node>
<StgValue><ssdm name="p_read_7"/></StgValue>
</operation>

<operation id="16" st_id="1" stage="1" lat="1">
<core>NULL</core>
<MemPortIdVec></MemPortIdVec>
<condition id="-1">
<or_exp><and_exp></and_exp></or_exp>
</condition>

<Node id="29" bw="8" op_0_bw="8" op_1_bw="8">
<![CDATA[
:7  %p_read_8 = call i8 @_ssdm_op_Read.ap_auto.i8(i8 %p_read8)

]]></Node>
<StgValue><ssdm name="p_read_8"/></StgValue>
</operation>

<operation id="17" st_id="1" stage="1" lat="1">
<core>RAM</core>
<MemPortIdVec></MemPortIdVec>
<condition id="-1">
<or_exp><and_exp></and_exp></or_exp>
</condition>

<Node id="38" bw="32" op_0_bw="64">
<![CDATA[
:16  %k = alloca [44 x i32], align 16

]]></Node>
<StgValue><ssdm name="k"/><MemPortTyVec>2 2 </MemPortTyVec>
</StgValue>
</operation>

<operation id="18" st_id="1" stage="1" lat="1">
<core>NULL</core>
<MemPortIdVec></MemPortIdVec>
<condition id="-1">
<or_exp><and_exp></and_exp></or_exp>
</condition>

<Node id="39" bw="32" op_0_bw="32" op_1_bw="8" op_2_bw="8" op_3_bw="8" op_4_bw="8">
<![CDATA[
:17  %or_ln63_2 = call i32 @_ssdm_op_BitConcatenate.i32.i8.i8.i8.i8(i8 %p_read_4, i8 %p_read_3, i8 %p_read_2, i8 %p_read_1)

]]></Node>
<StgValue><ssdm name="or_ln63_2"/></StgValue>
</operation>

<operation id="19" st_id="1" stage="1" lat="1">
<core>NULL</core>
<MemPortIdVec></MemPortIdVec>
<condition id="-1">
<or_exp><and_exp></and_exp></or_exp>
</condition>

<Node id="40" bw="6" op_0_bw="32" op_1_bw="64" op_2_bw="64">
<![CDATA[
:18  %k_addr = getelementptr inbounds [44 x i32]* %k, i64 0, i64 3

]]></Node>
<StgValue><ssdm name="k_addr"/></StgValue>
</operation>

<operation id="20" st_id="1" stage="1" lat="1">
<core>RAM</core>
<MemPortIdVec>0 </MemPortIdVec>
<condition id="-1">
<or_exp><and_exp></and_exp></or_exp>
</condition>

<Node id="41" bw="0" op_0_bw="32" op_1_bw="6">
<![CDATA[
:19  store i32 %or_ln63_2, i32* %k_addr, align 4

]]></Node>
<StgValue><ssdm name="store_ln63"/></StgValue>
</operation>

<operation id="21" st_id="1" stage="1" lat="1">
<core>NULL</core>
<MemPortIdVec></MemPortIdVec>
<condition id="-1">
<or_exp><and_exp></and_exp></or_exp>
</condition>

<Node id="42" bw="32" op_0_bw="32" op_1_bw="8" op_2_bw="8" op_3_bw="8" op_4_bw="8">
<![CDATA[
:20  %or_ln64_2 = call i32 @_ssdm_op_BitConcatenate.i32.i8.i8.i8.i8(i8 %p_read_8, i8 %p_read_7, i8 %p_read_6, i8 %p_read_5)

]]></Node>
<StgValue><ssdm name="or_ln64_2"/></StgValue>
</operation>

<operation id="22" st_id="1" stage="1" lat="1">
<core>NULL</core>
<MemPortIdVec></MemPortIdVec>
<condition id="-1">
<or_exp><and_exp></and_exp></or_exp>
</condition>

<Node id="43" bw="6" op_0_bw="32" op_1_bw="64" op_2_bw="64">
<![CDATA[
:21  %k_addr_1 = getelementptr inbounds [44 x i32]* %k, i64 0, i64 2

]]></Node>
<StgValue><ssdm name="k_addr_1"/></StgValue>
</operation>

<operation id="23" st_id="1" stage="1" lat="1">
<core>RAM</core>
<MemPortIdVec>1 </MemPortIdVec>
<condition id="-1">
<or_exp><and_exp></and_exp></or_exp>
</condition>

<Node id="44" bw="0" op_0_bw="32" op_1_bw="6">
<![CDATA[
:22  store i32 %or_ln64_2, i32* %k_addr_1, align 8

]]></Node>
<StgValue><ssdm name="store_ln64"/></StgValue>
</operation>
</state>

<state id="2" st_id="2">

<operation id="24" st_id="2" stage="1" lat="1">
<core>NULL</core>
<MemPortIdVec></MemPortIdVec>
<condition id="-1">
<or_exp><and_exp></and_exp></or_exp>
</condition>

<Node id="30" bw="8" op_0_bw="8" op_1_bw="8">
<![CDATA[
:8  %p_read_9 = call i8 @_ssdm_op_Read.ap_auto.i8(i8 %p_read7)

]]></Node>
<StgValue><ssdm name="p_read_9"/></StgValue>
</operation>

<operation id="25" st_id="2" stage="1" lat="1">
<core>NULL</core>
<MemPortIdVec></MemPortIdVec>
<condition id="-1">
<or_exp><and_exp></and_exp></or_exp>
</condition>

<Node id="31" bw="8" op_0_bw="8" op_1_bw="8">
<![CDATA[
:9  %p_read_10 = call i8 @_ssdm_op_Read.ap_auto.i8(i8 %p_read6)

]]></Node>
<StgValue><ssdm name="p_read_10"/></StgValue>
</operation>

<operation id="26" st_id="2" stage="1" lat="1">
<core>NULL</core>
<MemPortIdVec></MemPortIdVec>
<condition id="-1">
<or_exp><and_exp></and_exp></or_exp>
</condition>

<Node id="32" bw="8" op_0_bw="8" op_1_bw="8">
<![CDATA[
:10  %p_read_11 = call i8 @_ssdm_op_Read.ap_auto.i8(i8 %p_read5)

]]></Node>
<StgValue><ssdm name="p_read_11"/></StgValue>
</operation>

<operation id="27" st_id="2" stage="1" lat="1">
<core>NULL</core>
<MemPortIdVec></MemPortIdVec>
<condition id="-1">
<or_exp><and_exp></and_exp></or_exp>
</condition>

<Node id="33" bw="8" op_0_bw="8" op_1_bw="8">
<![CDATA[
:11  %p_read_12 = call i8 @_ssdm_op_Read.ap_auto.i8(i8 %p_read4)

]]></Node>
<StgValue><ssdm name="p_read_12"/></StgValue>
</operation>

<operation id="28" st_id="2" stage="1" lat="1">
<core>NULL</core>
<MemPortIdVec></MemPortIdVec>
<condition id="-1">
<or_exp><and_exp></and_exp></or_exp>
</condition>

<Node id="34" bw="8" op_0_bw="8" op_1_bw="8">
<![CDATA[
:12  %p_read_13 = call i8 @_ssdm_op_Read.ap_auto.i8(i8 %p_read3)

]]></Node>
<StgValue><ssdm name="p_read_13"/></StgValue>
</operation>

<operation id="29" st_id="2" stage="1" lat="1">
<core>NULL</core>
<MemPortIdVec></MemPortIdVec>
<condition id="-1">
<or_exp><and_exp></and_exp></or_exp>
</condition>

<Node id="35" bw="8" op_0_bw="8" op_1_bw="8">
<![CDATA[
:13  %p_read_14 = call i8 @_ssdm_op_Read.ap_auto.i8(i8 %p_read2)

]]></Node>
<StgValue><ssdm name="p_read_14"/></StgValue>
</operation>

<operation id="30" st_id="2" stage="1" lat="1">
<core>NULL</core>
<MemPortIdVec></MemPortIdVec>
<condition id="-1">
<or_exp><and_exp></and_exp></or_exp>
</condition>

<Node id="36" bw="8" op_0_bw="8" op_1_bw="8">
<![CDATA[
:14  %p_read_15 = call i8 @_ssdm_op_Read.ap_auto.i8(i8 %p_read1)

]]></Node>
<StgValue><ssdm name="p_read_15"/></StgValue>
</operation>

<operation id="31" st_id="2" stage="1" lat="1">
<core>NULL</core>
<MemPortIdVec></MemPortIdVec>
<condition id="-1">
<or_exp><and_exp></and_exp></or_exp>
</condition>

<Node id="37" bw="8" op_0_bw="8" op_1_bw="8">
<![CDATA[
:15  %p_read16 = call i8 @_ssdm_op_Read.ap_auto.i8(i8 %p_read)

]]></Node>
<StgValue><ssdm name="p_read16"/></StgValue>
</operation>

<operation id="32" st_id="2" stage="1" lat="1">
<core>NULL</core>
<MemPortIdVec></MemPortIdVec>
<condition id="-1">
<or_exp><and_exp></and_exp></or_exp>
</condition>

<Node id="45" bw="32" op_0_bw="32" op_1_bw="8" op_2_bw="8" op_3_bw="8" op_4_bw="8">
<![CDATA[
:23  %or_ln65_2 = call i32 @_ssdm_op_BitConcatenate.i32.i8.i8.i8.i8(i8 %p_read_12, i8 %p_read_11, i8 %p_read_10, i8 %p_read_9)

]]></Node>
<StgValue><ssdm name="or_ln65_2"/></StgValue>
</operation>

<operation id="33" st_id="2" stage="1" lat="1">
<core>NULL</core>
<MemPortIdVec></MemPortIdVec>
<condition id="-1">
<or_exp><and_exp></and_exp></or_exp>
</condition>

<Node id="46" bw="6" op_0_bw="32" op_1_bw="64" op_2_bw="64">
<![CDATA[
:24  %k_addr_2 = getelementptr inbounds [44 x i32]* %k, i64 0, i64 1

]]></Node>
<StgValue><ssdm name="k_addr_2"/></StgValue>
</operation>

<operation id="34" st_id="2" stage="1" lat="1">
<core>RAM</core>
<MemPortIdVec>0 </MemPortIdVec>
<condition id="-1">
<or_exp><and_exp></and_exp></or_exp>
</condition>

<Node id="47" bw="0" op_0_bw="32" op_1_bw="6">
<![CDATA[
:25  store i32 %or_ln65_2, i32* %k_addr_2, align 4

]]></Node>
<StgValue><ssdm name="store_ln65"/></StgValue>
</operation>

<operation id="35" st_id="2" stage="1" lat="1">
<core>NULL</core>
<MemPortIdVec></MemPortIdVec>
<condition id="-1">
<or_exp><and_exp></and_exp></or_exp>
</condition>

<Node id="48" bw="32" op_0_bw="32" op_1_bw="8" op_2_bw="8" op_3_bw="8" op_4_bw="8">
<![CDATA[
:26  %or_ln66_2 = call i32 @_ssdm_op_BitConcatenate.i32.i8.i8.i8.i8(i8 %p_read16, i8 %p_read_15, i8 %p_read_14, i8 %p_read_13)

]]></Node>
<StgValue><ssdm name="or_ln66_2"/></StgValue>
</operation>

<operation id="36" st_id="2" stage="1" lat="1">
<core>NULL</core>
<MemPortIdVec></MemPortIdVec>
<condition id="-1">
<or_exp><and_exp></and_exp></or_exp>
</condition>

<Node id="49" bw="6" op_0_bw="32" op_1_bw="64" op_2_bw="64">
<![CDATA[
:27  %k_addr_3 = getelementptr inbounds [44 x i32]* %k, i64 0, i64 0

]]></Node>
<StgValue><ssdm name="k_addr_3"/></StgValue>
</operation>

<operation id="37" st_id="2" stage="1" lat="1">
<core>RAM</core>
<MemPortIdVec>1 </MemPortIdVec>
<condition id="-1">
<or_exp><and_exp></and_exp></or_exp>
</condition>

<Node id="50" bw="0" op_0_bw="32" op_1_bw="6">
<![CDATA[
:28  store i32 %or_ln66_2, i32* %k_addr_3, align 16

]]></Node>
<StgValue><ssdm name="store_ln66"/></StgValue>
</operation>

<operation id="38" st_id="2" stage="1" lat="1">
<core>NULL</core>
<MemPortIdVec></MemPortIdVec>
<condition id="-1">
<or_exp><and_exp></and_exp></or_exp>
</condition>

<Node id="51" bw="0" op_0_bw="0">
<![CDATA[
:29  br label %1

]]></Node>
<StgValue><ssdm name="br_ln68"/></StgValue>
</operation>
</state>

<state id="3" st_id="3">

<operation id="39" st_id="3" stage="1" lat="1">
<core>NULL</core>
<MemPortIdVec></MemPortIdVec>
<condition id="-1">
<or_exp><and_exp></and_exp></or_exp>
</condition>

<Node id="53" bw="6" op_0_bw="6" op_1_bw="0" op_2_bw="6" op_3_bw="0">
<![CDATA[
:0  %i_0 = phi i6 [ 4, %0 ], [ %i_1, %5 ]

]]></Node>
<StgValue><ssdm name="i_0"/></StgValue>
</operation>

<operation id="40" st_id="3" stage="1" lat="1">
<core>Cmp</core>
<MemPortIdVec></MemPortIdVec>
<condition id="-1">
<or_exp><and_exp></and_exp></or_exp>
</condition>

<Node id="54" bw="1" op_0_bw="6" op_1_bw="6">
<![CDATA[
:1  %icmp_ln68 = icmp eq i6 %i_0, -19

]]></Node>
<StgValue><ssdm name="icmp_ln68"/></StgValue>
</operation>

<operation id="41" st_id="3" stage="1" lat="1">
<core>NULL</core>
<MemPortIdVec></MemPortIdVec>
<condition id="-1">
<or_exp><and_exp></and_exp></or_exp>
</condition>

<Node id="55" bw="32" op_0_bw="32" op_1_bw="64" op_2_bw="64" op_3_bw="64">
<![CDATA[
:2  %empty = call i32 (...)* @_ssdm_op_SpecLoopTripCount(i64 41, i64 41, i64 41)

]]></Node>
<StgValue><ssdm name="empty"/></StgValue>
</operation>

<operation id="42" st_id="3" stage="1" lat="1">
<core>NULL</core>
<MemPortIdVec></MemPortIdVec>
<condition id="-1">
<or_exp><and_exp></and_exp></or_exp>
</condition>

<Node id="56" bw="0" op_0_bw="1" op_1_bw="0" op_2_bw="0">
<![CDATA[
:3  br i1 %icmp_ln68, label %.preheader.preheader, label %2

]]></Node>
<StgValue><ssdm name="br_ln68"/></StgValue>
</operation>

<operation id="43" st_id="3" stage="1" lat="1">
<core>AddSub</core>
<MemPortIdVec></MemPortIdVec>
<condition id="-1">
<or_exp><and_exp><literal name="icmp_ln68" val="0"/>
</and_exp></or_exp>
</condition>

<Node id="60" bw="6" op_0_bw="6" op_1_bw="6">
<![CDATA[
:2  %add_ln70 = add i6 -4, %i_0

]]></Node>
<StgValue><ssdm name="add_ln70"/></StgValue>
</operation>

<operation id="44" st_id="3" stage="1" lat="1">
<core>NULL</core>
<MemPortIdVec></MemPortIdVec>
<condition id="-1">
<or_exp><and_exp><literal name="icmp_ln68" val="0"/>
</and_exp></or_exp>
</condition>

<Node id="61" bw="64" op_0_bw="6">
<![CDATA[
:3  %zext_ln70 = zext i6 %add_ln70 to i64

]]></Node>
<StgValue><ssdm name="zext_ln70"/></StgValue>
</operation>

<operation id="45" st_id="3" stage="1" lat="1">
<core>NULL</core>
<MemPortIdVec></MemPortIdVec>
<condition id="-1">
<or_exp><and_exp><literal name="icmp_ln68" val="0"/>
</and_exp></or_exp>
</condition>

<Node id="62" bw="6" op_0_bw="32" op_1_bw="64" op_2_bw="64">
<![CDATA[
:4  %k_addr_4 = getelementptr inbounds [44 x i32]* %k, i64 0, i64 %zext_ln70

]]></Node>
<StgValue><ssdm name="k_addr_4"/></StgValue>
</operation>

<operation id="46" st_id="3" stage="2" lat="2">
<core>RAM</core>
<MemPortIdVec>0 </MemPortIdVec>
<condition id="-1">
<or_exp><and_exp><literal name="icmp_ln68" val="0"/>
</and_exp></or_exp>
</condition>

<Node id="63" bw="32" op_0_bw="6">
<![CDATA[
:5  %k_load = load i32* %k_addr_4, align 4

]]></Node>
<StgValue><ssdm name="k_load"/></StgValue>
</operation>

<operation id="47" st_id="3" stage="1" lat="1">
<core>AddSub</core>
<MemPortIdVec></MemPortIdVec>
<condition id="-1">
<or_exp><and_exp><literal name="icmp_ln68" val="0"/>
</and_exp></or_exp>
</condition>

<Node id="64" bw="6" op_0_bw="6" op_1_bw="6">
<![CDATA[
:6  %add_ln70_1 = add i6 -1, %i_0

]]></Node>
<StgValue><ssdm name="add_ln70_1"/></StgValue>
</operation>

<operation id="48" st_id="3" stage="1" lat="1">
<core>NULL</core>
<MemPortIdVec></MemPortIdVec>
<condition id="-1">
<or_exp><and_exp><literal name="icmp_ln68" val="0"/>
</and_exp></or_exp>
</condition>

<Node id="65" bw="64" op_0_bw="6">
<![CDATA[
:7  %zext_ln70_1 = zext i6 %add_ln70_1 to i64

]]></Node>
<StgValue><ssdm name="zext_ln70_1"/></StgValue>
</operation>

<operation id="49" st_id="3" stage="1" lat="1">
<core>NULL</core>
<MemPortIdVec></MemPortIdVec>
<condition id="-1">
<or_exp><and_exp><literal name="icmp_ln68" val="0"/>
</and_exp></or_exp>
</condition>

<Node id="66" bw="6" op_0_bw="32" op_1_bw="64" op_2_bw="64">
<![CDATA[
:8  %k_addr_5 = getelementptr inbounds [44 x i32]* %k, i64 0, i64 %zext_ln70_1

]]></Node>
<StgValue><ssdm name="k_addr_5"/></StgValue>
</operation>

<operation id="50" st_id="3" stage="2" lat="2">
<core>RAM</core>
<MemPortIdVec>1 </MemPortIdVec>
<condition id="-1">
<or_exp><and_exp><literal name="icmp_ln68" val="0"/>
</and_exp></or_exp>
</condition>

<Node id="67" bw="32" op_0_bw="6">
<![CDATA[
:9  %k_load_1 = load i32* %k_addr_5, align 4

]]></Node>
<StgValue><ssdm name="k_load_1"/></StgValue>
</operation>

<operation id="51" st_id="3" stage="1" lat="1">
<core>NULL</core>
<MemPortIdVec></MemPortIdVec>
<condition id="-1">
<or_exp><and_exp><literal name="icmp_ln68" val="1"/>
</and_exp></or_exp>
</condition>

<Node id="108" bw="0" op_0_bw="0">
<![CDATA[
.preheader.preheader:0  br label %.preheader

]]></Node>
<StgValue><ssdm name="br_ln79"/></StgValue>
</operation>
</state>

<state id="4" st_id="4">

<operation id="52" st_id="4" stage="1" lat="1">
<core>NULL</core>
<MemPortIdVec></MemPortIdVec>
<condition id="-1">
<or_exp><and_exp></and_exp></or_exp>
</condition>

<Node id="58" bw="2" op_0_bw="6">
<![CDATA[
:0  %trunc_ln68 = trunc i6 %i_0 to i2

]]></Node>
<StgValue><ssdm name="trunc_ln68"/></StgValue>
</operation>

<operation id="53" st_id="4" stage="1" lat="1">
<core>Cmp</core>
<MemPortIdVec></MemPortIdVec>
<condition id="-1">
<or_exp><and_exp></and_exp></or_exp>
</condition>

<Node id="59" bw="1" op_0_bw="2" op_1_bw="2">
<![CDATA[
:1  %icmp_ln69 = icmp eq i2 %trunc_ln68, 0

]]></Node>
<StgValue><ssdm name="icmp_ln69"/></StgValue>
</operation>

<operation id="54" st_id="4" stage="1" lat="2">
<core>RAM</core>
<MemPortIdVec>0 </MemPortIdVec>
<condition id="-1">
<or_exp><and_exp></and_exp></or_exp>
</condition>

<Node id="63" bw="32" op_0_bw="6">
<![CDATA[
:5  %k_load = load i32* %k_addr_4, align 4

]]></Node>
<StgValue><ssdm name="k_load"/></StgValue>
</operation>

<operation id="55" st_id="4" stage="1" lat="2">
<core>RAM</core>
<MemPortIdVec>1 </MemPortIdVec>
<condition id="-1">
<or_exp><and_exp></and_exp></or_exp>
</condition>

<Node id="67" bw="32" op_0_bw="6">
<![CDATA[
:9  %k_load_1 = load i32* %k_addr_5, align 4

]]></Node>
<StgValue><ssdm name="k_load_1"/></StgValue>
</operation>

<operation id="56" st_id="4" stage="1" lat="1">
<core>NULL</core>
<MemPortIdVec></MemPortIdVec>
<condition id="-1">
<or_exp><and_exp></and_exp></or_exp>
</condition>

<Node id="68" bw="0" op_0_bw="1" op_1_bw="0" op_2_bw="0">
<![CDATA[
:10  br i1 %icmp_ln69, label %3, label %4

]]></Node>
<StgValue><ssdm name="br_ln69"/></StgValue>
</operation>

<operation id="57" st_id="4" stage="1" lat="1">
<core>LogicGate</core>
<MemPortIdVec></MemPortIdVec>
<condition id="-1">
<or_exp><and_exp><literal name="icmp_ln69" val="0"/>
</and_exp></or_exp>
</condition>

<Node id="70" bw="32" op_0_bw="32" op_1_bw="32">
<![CDATA[
:0  %xor_ln72 = xor i32 %k_load_1, %k_load

]]></Node>
<StgValue><ssdm name="xor_ln72"/></StgValue>
</operation>

<operation id="58" st_id="4" stage="1" lat="1">
<core>NULL</core>
<MemPortIdVec></MemPortIdVec>
<condition id="-1">
<or_exp><and_exp><literal name="icmp_ln69" val="0"/>
</and_exp></or_exp>
</condition>

<Node id="71" bw="64" op_0_bw="6">
<![CDATA[
:1  %zext_ln72 = zext i6 %i_0 to i64

]]></Node>
<StgValue><ssdm name="zext_ln72"/></StgValue>
</operation>

<operation id="59" st_id="4" stage="1" lat="1">
<core>NULL</core>
<MemPortIdVec></MemPortIdVec>
<condition id="-1">
<or_exp><and_exp><literal name="icmp_ln69" val="0"/>
</and_exp></or_exp>
</condition>

<Node id="72" bw="6" op_0_bw="32" op_1_bw="64" op_2_bw="64">
<![CDATA[
:2  %k_addr_8 = getelementptr inbounds [44 x i32]* %k, i64 0, i64 %zext_ln72

]]></Node>
<StgValue><ssdm name="k_addr_8"/></StgValue>
</operation>

<operation id="60" st_id="4" stage="1" lat="1">
<core>RAM</core>
<MemPortIdVec>0 </MemPortIdVec>
<condition id="-1">
<or_exp><and_exp><literal name="icmp_ln69" val="0"/>
</and_exp></or_exp>
</condition>

<Node id="73" bw="0" op_0_bw="32" op_1_bw="6">
<![CDATA[
:3  store i32 %xor_ln72, i32* %k_addr_8, align 4

]]></Node>
<StgValue><ssdm name="store_ln72"/></StgValue>
</operation>

<operation id="61" st_id="4" stage="1" lat="1">
<core>NULL</core>
<MemPortIdVec></MemPortIdVec>
<condition id="-1">
<or_exp><and_exp><literal name="icmp_ln69" val="0"/>
</and_exp></or_exp>
</condition>

<Node id="74" bw="0" op_0_bw="0">
<![CDATA[
:4  br label %5

]]></Node>
<StgValue><ssdm name="br_ln0"/></StgValue>
</operation>

<operation id="62" st_id="4" stage="1" lat="1">
<core>NULL</core>
<MemPortIdVec></MemPortIdVec>
<condition id="-1">
<or_exp><and_exp><literal name="icmp_ln69" val="1"/>
</and_exp></or_exp>
</condition>

<Node id="76" bw="8" op_0_bw="8" op_1_bw="32" op_2_bw="32" op_3_bw="32">
<![CDATA[
:0  %a_write_assign_2 = call i8 @_ssdm_op_PartSelect.i8.i32.i32.i32(i32 %k_load_1, i32 24, i32 31)

]]></Node>
<StgValue><ssdm name="a_write_assign_2"/></StgValue>
</operation>

<operation id="63" st_id="4" stage="1" lat="1">
<core>NULL</core>
<MemPortIdVec></MemPortIdVec>
<condition id="-1">
<or_exp><and_exp><literal name="icmp_ln69" val="1"/>
</and_exp></or_exp>
</condition>

<Node id="77" bw="8" op_0_bw="8" op_1_bw="32" op_2_bw="32" op_3_bw="32">
<![CDATA[
:1  %b_write_assign_2 = call i8 @_ssdm_op_PartSelect.i8.i32.i32.i32(i32 %k_load_1, i32 16, i32 23)

]]></Node>
<StgValue><ssdm name="b_write_assign_2"/></StgValue>
</operation>

<operation id="64" st_id="4" stage="1" lat="1">
<core>NULL</core>
<MemPortIdVec></MemPortIdVec>
<condition id="-1">
<or_exp><and_exp><literal name="icmp_ln69" val="1"/>
</and_exp></or_exp>
</condition>

<Node id="78" bw="8" op_0_bw="8" op_1_bw="32" op_2_bw="32" op_3_bw="32">
<![CDATA[
:2  %tmp = call i8 @_ssdm_op_PartSelect.i8.i32.i32.i32(i32 %k_load_1, i32 8, i32 15)

]]></Node>
<StgValue><ssdm name="tmp"/></StgValue>
</operation>

<operation id="65" st_id="4" stage="1" lat="1">
<core>NULL</core>
<MemPortIdVec></MemPortIdVec>
<condition id="-1">
<or_exp><and_exp><literal name="icmp_ln69" val="1"/>
</and_exp></or_exp>
</condition>

<Node id="79" bw="8" op_0_bw="32">
<![CDATA[
:3  %trunc_ln23 = trunc i32 %k_load_1 to i8

]]></Node>
<StgValue><ssdm name="trunc_ln23"/></StgValue>
</operation>

<operation id="66" st_id="4" stage="1" lat="1">
<core>NULL</core>
<MemPortIdVec></MemPortIdVec>
<condition id="-1">
<or_exp><and_exp><literal name="icmp_ln69" val="1"/>
</and_exp></or_exp>
</condition>

<Node id="80" bw="64" op_0_bw="8">
<![CDATA[
:4  %zext_ln49 = zext i8 %b_write_assign_2 to i64

]]></Node>
<StgValue><ssdm name="zext_ln49"/></StgValue>
</operation>

<operation id="67" st_id="4" stage="1" lat="1">
<core>NULL</core>
<MemPortIdVec></MemPortIdVec>
<condition id="-1">
<or_exp><and_exp><literal name="icmp_ln69" val="1"/>
</and_exp></or_exp>
</condition>

<Node id="81" bw="8" op_0_bw="8" op_1_bw="64" op_2_bw="64">
<![CDATA[
:5  %sbox_addr = getelementptr inbounds [256 x i8]* @sbox, i64 0, i64 %zext_ln49

]]></Node>
<StgValue><ssdm name="sbox_addr"/></StgValue>
</operation>

<operation id="68" st_id="4" stage="2" lat="2">
<core>ROM_nP</core>
<MemPortIdVec>0 </MemPortIdVec>
<condition id="-1">
<or_exp><and_exp><literal name="icmp_ln69" val="1"/>
</and_exp></or_exp>
</condition>

<Node id="82" bw="8" op_0_bw="8">
<![CDATA[
:6  %sbox_load = load i8* %sbox_addr, align 1

]]></Node>
<StgValue><ssdm name="sbox_load"/></StgValue>
</operation>

<operation id="69" st_id="4" stage="1" lat="1">
<core>NULL</core>
<MemPortIdVec></MemPortIdVec>
<condition id="-1">
<or_exp><and_exp><literal name="icmp_ln69" val="1"/>
</and_exp></or_exp>
</condition>

<Node id="83" bw="64" op_0_bw="8">
<![CDATA[
:7  %zext_ln49_1 = zext i8 %tmp to i64

]]></Node>
<StgValue><ssdm name="zext_ln49_1"/></StgValue>
</operation>

<operation id="70" st_id="4" stage="1" lat="1">
<core>NULL</core>
<MemPortIdVec></MemPortIdVec>
<condition id="-1">
<or_exp><and_exp><literal name="icmp_ln69" val="1"/>
</and_exp></or_exp>
</condition>

<Node id="84" bw="8" op_0_bw="8" op_1_bw="64" op_2_bw="64">
<![CDATA[
:8  %sbox_addr_1 = getelementptr inbounds [256 x i8]* @sbox, i64 0, i64 %zext_ln49_1

]]></Node>
<StgValue><ssdm name="sbox_addr_1"/></StgValue>
</operation>

<operation id="71" st_id="4" stage="2" lat="2">
<core>ROM_nP</core>
<MemPortIdVec>1 </MemPortIdVec>
<condition id="-1">
<or_exp><and_exp><literal name="icmp_ln69" val="1"/>
</and_exp></or_exp>
</condition>

<Node id="85" bw="8" op_0_bw="8">
<![CDATA[
:9  %sbox_load_1 = load i8* %sbox_addr_1, align 1

]]></Node>
<StgValue><ssdm name="sbox_load_1"/></StgValue>
</operation>

<operation id="72" st_id="4" stage="1" lat="1">
<core>NULL</core>
<MemPortIdVec></MemPortIdVec>
<condition id="-1">
<or_exp><and_exp><literal name="icmp_ln69" val="1"/>
</and_exp></or_exp>
</condition>

<Node id="86" bw="64" op_0_bw="8">
<![CDATA[
:10  %zext_ln49_2 = zext i8 %trunc_ln23 to i64

]]></Node>
<StgValue><ssdm name="zext_ln49_2"/></StgValue>
</operation>

<operation id="73" st_id="4" stage="1" lat="1">
<core>NULL</core>
<MemPortIdVec></MemPortIdVec>
<condition id="-1">
<or_exp><and_exp><literal name="icmp_ln69" val="1"/>
</and_exp></or_exp>
</condition>

<Node id="87" bw="8" op_0_bw="8" op_1_bw="64" op_2_bw="64">
<![CDATA[
:11  %sbox_addr_2 = getelementptr inbounds [256 x i8]* @sbox, i64 0, i64 %zext_ln49_2

]]></Node>
<StgValue><ssdm name="sbox_addr_2"/></StgValue>
</operation>

<operation id="74" st_id="4" stage="2" lat="2">
<core>ROM_nP</core>
<MemPortIdVec>2 </MemPortIdVec>
<condition id="-1">
<or_exp><and_exp><literal name="icmp_ln69" val="1"/>
</and_exp></or_exp>
</condition>

<Node id="88" bw="8" op_0_bw="8">
<![CDATA[
:12  %sbox_load_2 = load i8* %sbox_addr_2, align 1

]]></Node>
<StgValue><ssdm name="sbox_load_2"/></StgValue>
</operation>

<operation id="75" st_id="4" stage="1" lat="1">
<core>NULL</core>
<MemPortIdVec></MemPortIdVec>
<condition id="-1">
<or_exp><and_exp><literal name="icmp_ln69" val="1"/>
</and_exp></or_exp>
</condition>

<Node id="89" bw="64" op_0_bw="8">
<![CDATA[
:13  %zext_ln49_3 = zext i8 %a_write_assign_2 to i64

]]></Node>
<StgValue><ssdm name="zext_ln49_3"/></StgValue>
</operation>

<operation id="76" st_id="4" stage="1" lat="1">
<core>NULL</core>
<MemPortIdVec></MemPortIdVec>
<condition id="-1">
<or_exp><and_exp><literal name="icmp_ln69" val="1"/>
</and_exp></or_exp>
</condition>

<Node id="90" bw="8" op_0_bw="8" op_1_bw="64" op_2_bw="64">
<![CDATA[
:14  %sbox_addr_3 = getelementptr inbounds [256 x i8]* @sbox, i64 0, i64 %zext_ln49_3

]]></Node>
<StgValue><ssdm name="sbox_addr_3"/></StgValue>
</operation>

<operation id="77" st_id="4" stage="2" lat="2">
<core>ROM_nP</core>
<MemPortIdVec>3 </MemPortIdVec>
<condition id="-1">
<or_exp><and_exp><literal name="icmp_ln69" val="1"/>
</and_exp></or_exp>
</condition>

<Node id="91" bw="8" op_0_bw="8">
<![CDATA[
:15  %sbox_load_3 = load i8* %sbox_addr_3, align 1

]]></Node>
<StgValue><ssdm name="sbox_load_3"/></StgValue>
</operation>

<operation id="78" st_id="4" stage="1" lat="1">
<core>NULL</core>
<MemPortIdVec></MemPortIdVec>
<condition id="-1">
<or_exp><and_exp><literal name="icmp_ln69" val="1"/>
</and_exp></or_exp>
</condition>

<Node id="93" bw="4" op_0_bw="4" op_1_bw="6" op_2_bw="32" op_3_bw="32">
<![CDATA[
:17  %trunc_ln1 = call i4 @_ssdm_op_PartSelect.i4.i6.i32.i32(i6 %i_0, i32 2, i32 5)

]]></Node>
<StgValue><ssdm name="trunc_ln1"/></StgValue>
</operation>

<operation id="79" st_id="4" stage="1" lat="1">
<core>AddSub</core>
<MemPortIdVec></MemPortIdVec>
<condition id="-1">
<or_exp><and_exp><literal name="icmp_ln69" val="1"/>
</and_exp></or_exp>
</condition>

<Node id="94" bw="4" op_0_bw="4" op_1_bw="4">
<![CDATA[
:18  %add_ln70_2 = add i4 -1, %trunc_ln1

]]></Node>
<StgValue><ssdm name="add_ln70_2"/></StgValue>
</operation>

<operation id="80" st_id="4" stage="1" lat="1">
<core>NULL</core>
<MemPortIdVec></MemPortIdVec>
<condition id="-1">
<or_exp><and_exp><literal name="icmp_ln69" val="1"/>
</and_exp></or_exp>
</condition>

<Node id="95" bw="64" op_0_bw="4">
<![CDATA[
:19  %zext_ln70_2 = zext i4 %add_ln70_2 to i64

]]></Node>
<StgValue><ssdm name="zext_ln70_2"/></StgValue>
</operation>

<operation id="81" st_id="4" stage="1" lat="1">
<core>NULL</core>
<MemPortIdVec></MemPortIdVec>
<condition id="-1">
<or_exp><and_exp><literal name="icmp_ln69" val="1"/>
</and_exp></or_exp>
</condition>

<Node id="96" bw="4" op_0_bw="32" op_1_bw="64" op_2_bw="64">
<![CDATA[
:20  %ROUND_CONSTANT_addr = getelementptr inbounds [10 x i32]* @ROUND_CONSTANT, i64 0, i64 %zext_ln70_2

]]></Node>
<StgValue><ssdm name="ROUND_CONSTANT_addr"/></StgValue>
</operation>

<operation id="82" st_id="4" stage="2" lat="2">
<core>ROM_nP</core>
<MemPortIdVec>0 </MemPortIdVec>
<condition id="-1">
<or_exp><and_exp><literal name="icmp_ln69" val="1"/>
</and_exp></or_exp>
</condition>

<Node id="97" bw="32" op_0_bw="4">
<![CDATA[
:21  %ROUND_CONSTANT_load = load i32* %ROUND_CONSTANT_addr, align 4

]]></Node>
<StgValue><ssdm name="ROUND_CONSTANT_load"/></StgValue>
</operation>
</state>

<state id="5" st_id="5">

<operation id="83" st_id="5" stage="1" lat="2">
<core>ROM_nP</core>
<MemPortIdVec>0 </MemPortIdVec>
<condition id="-1">
<or_exp><and_exp><literal name="icmp_ln69" val="1"/>
</and_exp></or_exp>
</condition>

<Node id="82" bw="8" op_0_bw="8">
<![CDATA[
:6  %sbox_load = load i8* %sbox_addr, align 1

]]></Node>
<StgValue><ssdm name="sbox_load"/></StgValue>
</operation>

<operation id="84" st_id="5" stage="1" lat="2">
<core>ROM_nP</core>
<MemPortIdVec>1 </MemPortIdVec>
<condition id="-1">
<or_exp><and_exp><literal name="icmp_ln69" val="1"/>
</and_exp></or_exp>
</condition>

<Node id="85" bw="8" op_0_bw="8">
<![CDATA[
:9  %sbox_load_1 = load i8* %sbox_addr_1, align 1

]]></Node>
<StgValue><ssdm name="sbox_load_1"/></StgValue>
</operation>

<operation id="85" st_id="5" stage="1" lat="2">
<core>ROM_nP</core>
<MemPortIdVec>2 </MemPortIdVec>
<condition id="-1">
<or_exp><and_exp><literal name="icmp_ln69" val="1"/>
</and_exp></or_exp>
</condition>

<Node id="88" bw="8" op_0_bw="8">
<![CDATA[
:12  %sbox_load_2 = load i8* %sbox_addr_2, align 1

]]></Node>
<StgValue><ssdm name="sbox_load_2"/></StgValue>
</operation>

<operation id="86" st_id="5" stage="1" lat="2">
<core>ROM_nP</core>
<MemPortIdVec>3 </MemPortIdVec>
<condition id="-1">
<or_exp><and_exp><literal name="icmp_ln69" val="1"/>
</and_exp></or_exp>
</condition>

<Node id="91" bw="8" op_0_bw="8">
<![CDATA[
:15  %sbox_load_3 = load i8* %sbox_addr_3, align 1

]]></Node>
<StgValue><ssdm name="sbox_load_3"/></StgValue>
</operation>

<operation id="87" st_id="5" stage="1" lat="1">
<core>NULL</core>
<MemPortIdVec></MemPortIdVec>
<condition id="-1">
<or_exp><and_exp><literal name="icmp_ln69" val="1"/>
</and_exp></or_exp>
</condition>

<Node id="92" bw="32" op_0_bw="32" op_1_bw="8" op_2_bw="8" op_3_bw="8" op_4_bw="8">
<![CDATA[
:16  %or_ln50_1_i = call i32 @_ssdm_op_BitConcatenate.i32.i8.i8.i8.i8(i8 %sbox_load, i8 %sbox_load_1, i8 %sbox_load_2, i8 %sbox_load_3)

]]></Node>
<StgValue><ssdm name="or_ln50_1_i"/></StgValue>
</operation>

<operation id="88" st_id="5" stage="1" lat="2">
<core>ROM_nP</core>
<MemPortIdVec>0 </MemPortIdVec>
<condition id="-1">
<or_exp><and_exp><literal name="icmp_ln69" val="1"/>
</and_exp></or_exp>
</condition>

<Node id="97" bw="32" op_0_bw="4">
<![CDATA[
:21  %ROUND_CONSTANT_load = load i32* %ROUND_CONSTANT_addr, align 4

]]></Node>
<StgValue><ssdm name="ROUND_CONSTANT_load"/></StgValue>
</operation>

<operation id="89" st_id="5" stage="1" lat="1">
<core>LogicGate</core>
<MemPortIdVec></MemPortIdVec>
<condition id="-1">
<or_exp><and_exp><literal name="icmp_ln69" val="1"/>
</and_exp></or_exp>
</condition>

<Node id="98" bw="32" op_0_bw="32" op_1_bw="32">
<![CDATA[
:22  %xor_ln70 = xor i32 %ROUND_CONSTANT_load, %or_ln50_1_i

]]></Node>
<StgValue><ssdm name="xor_ln70"/></StgValue>
</operation>

<operation id="90" st_id="5" stage="1" lat="1">
<core>LogicGate</core>
<MemPortIdVec></MemPortIdVec>
<condition id="-1">
<or_exp><and_exp><literal name="icmp_ln69" val="1"/>
</and_exp></or_exp>
</condition>

<Node id="99" bw="32" op_0_bw="32" op_1_bw="32">
<![CDATA[
:23  %xor_ln70_1 = xor i32 %xor_ln70, %k_load

]]></Node>
<StgValue><ssdm name="xor_ln70_1"/></StgValue>
</operation>

<operation id="91" st_id="5" stage="1" lat="1">
<core>NULL</core>
<MemPortIdVec></MemPortIdVec>
<condition id="-1">
<or_exp><and_exp><literal name="icmp_ln69" val="1"/>
</and_exp></or_exp>
</condition>

<Node id="100" bw="64" op_0_bw="6">
<![CDATA[
:24  %zext_ln70_3 = zext i6 %i_0 to i64

]]></Node>
<StgValue><ssdm name="zext_ln70_3"/></StgValue>
</operation>

<operation id="92" st_id="5" stage="1" lat="1">
<core>NULL</core>
<MemPortIdVec></MemPortIdVec>
<condition id="-1">
<or_exp><and_exp><literal name="icmp_ln69" val="1"/>
</and_exp></or_exp>
</condition>

<Node id="101" bw="6" op_0_bw="32" op_1_bw="64" op_2_bw="64">
<![CDATA[
:25  %k_addr_6 = getelementptr inbounds [44 x i32]* %k, i64 0, i64 %zext_ln70_3

]]></Node>
<StgValue><ssdm name="k_addr_6"/></StgValue>
</operation>

<operation id="93" st_id="5" stage="1" lat="1">
<core>RAM</core>
<MemPortIdVec>1 </MemPortIdVec>
<condition id="-1">
<or_exp><and_exp><literal name="icmp_ln69" val="1"/>
</and_exp></or_exp>
</condition>

<Node id="102" bw="0" op_0_bw="32" op_1_bw="6">
<![CDATA[
:26  store i32 %xor_ln70_1, i32* %k_addr_6, align 4

]]></Node>
<StgValue><ssdm name="store_ln70"/></StgValue>
</operation>

<operation id="94" st_id="5" stage="1" lat="1">
<core>NULL</core>
<MemPortIdVec></MemPortIdVec>
<condition id="-1">
<or_exp><and_exp><literal name="icmp_ln69" val="1"/>
</and_exp></or_exp>
</condition>

<Node id="103" bw="0" op_0_bw="0">
<![CDATA[
:27  br label %5

]]></Node>
<StgValue><ssdm name="br_ln71"/></StgValue>
</operation>

<operation id="95" st_id="5" stage="1" lat="1">
<core>AddSub</core>
<MemPortIdVec></MemPortIdVec>
<condition id="-1">
<or_exp><and_exp></and_exp></or_exp>
</condition>

<Node id="105" bw="6" op_0_bw="6" op_1_bw="6">
<![CDATA[
:0  %i_1 = add i6 %i_0, 1

]]></Node>
<StgValue><ssdm name="i_1"/></StgValue>
</operation>

<operation id="96" st_id="5" stage="1" lat="1">
<core>NULL</core>
<MemPortIdVec></MemPortIdVec>
<condition id="-1">
<or_exp><and_exp></and_exp></or_exp>
</condition>

<Node id="106" bw="0" op_0_bw="0">
<![CDATA[
:1  br label %1

]]></Node>
<StgValue><ssdm name="br_ln68"/></StgValue>
</operation>
</state>

<state id="6" st_id="6">

<operation id="97" st_id="6" stage="1" lat="1">
<core>NULL</core>
<MemPortIdVec></MemPortIdVec>
<condition id="-1">
<or_exp><and_exp></and_exp></or_exp>
</condition>

<Node id="110" bw="6" op_0_bw="6" op_1_bw="0" op_2_bw="6" op_3_bw="0">
<![CDATA[
.preheader:0  %i1_0 = phi i6 [ %i, %6 ], [ 0, %.preheader.preheader ]

]]></Node>
<StgValue><ssdm name="i1_0"/></StgValue>
</operation>

<operation id="98" st_id="6" stage="1" lat="1">
<core>Cmp</core>
<MemPortIdVec></MemPortIdVec>
<condition id="-1">
<or_exp><and_exp></and_exp></or_exp>
</condition>

<Node id="111" bw="1" op_0_bw="6" op_1_bw="6">
<![CDATA[
.preheader:1  %icmp_ln79 = icmp eq i6 %i1_0, -20

]]></Node>
<StgValue><ssdm name="icmp_ln79"/></StgValue>
</operation>

<operation id="99" st_id="6" stage="1" lat="1">
<core>NULL</core>
<MemPortIdVec></MemPortIdVec>
<condition id="-1">
<or_exp><and_exp></and_exp></or_exp>
</condition>

<Node id="112" bw="32" op_0_bw="32" op_1_bw="64" op_2_bw="64" op_3_bw="64">
<![CDATA[
.preheader:2  %empty_9 = call i32 (...)* @_ssdm_op_SpecLoopTripCount(i64 44, i64 44, i64 44)

]]></Node>
<StgValue><ssdm name="empty_9"/></StgValue>
</operation>

<operation id="100" st_id="6" stage="1" lat="1">
<core>AddSub</core>
<MemPortIdVec></MemPortIdVec>
<condition id="-1">
<or_exp><and_exp></and_exp></or_exp>
</condition>

<Node id="113" bw="6" op_0_bw="6" op_1_bw="6">
<![CDATA[
.preheader:3  %i = add i6 %i1_0, 1

]]></Node>
<StgValue><ssdm name="i"/></StgValue>
</operation>

<operation id="101" st_id="6" stage="1" lat="1">
<core>NULL</core>
<MemPortIdVec></MemPortIdVec>
<condition id="-1">
<or_exp><and_exp></and_exp></or_exp>
</condition>

<Node id="114" bw="0" op_0_bw="1" op_1_bw="0" op_2_bw="0">
<![CDATA[
.preheader:4  br i1 %icmp_ln79, label %7, label %6

]]></Node>
<StgValue><ssdm name="br_ln79"/></StgValue>
</operation>

<operation id="102" st_id="6" stage="1" lat="1">
<core>NULL</core>
<MemPortIdVec></MemPortIdVec>
<condition id="-1">
<or_exp><and_exp><literal name="icmp_ln79" val="0"/>
</and_exp></or_exp>
</condition>

<Node id="116" bw="64" op_0_bw="6">
<![CDATA[
:0  %zext_ln80 = zext i6 %i1_0 to i64

]]></Node>
<StgValue><ssdm name="zext_ln80"/></StgValue>
</operation>

<operation id="103" st_id="6" stage="1" lat="1">
<core>NULL</core>
<MemPortIdVec></MemPortIdVec>
<condition id="-1">
<or_exp><and_exp><literal name="icmp_ln79" val="0"/>
</and_exp></or_exp>
</condition>

<Node id="117" bw="6" op_0_bw="32" op_1_bw="64" op_2_bw="64">
<![CDATA[
:1  %k_addr_7 = getelementptr inbounds [44 x i32]* %k, i64 0, i64 %zext_ln80

]]></Node>
<StgValue><ssdm name="k_addr_7"/></StgValue>
</operation>

<operation id="104" st_id="6" stage="2" lat="2">
<core>RAM</core>
<MemPortIdVec>0 </MemPortIdVec>
<condition id="-1">
<or_exp><and_exp><literal name="icmp_ln79" val="0"/>
</and_exp></or_exp>
</condition>

<Node id="118" bw="32" op_0_bw="6">
<![CDATA[
:2  %k_load_2 = load i32* %k_addr_7, align 4

]]></Node>
<StgValue><ssdm name="k_load_2"/></StgValue>
</operation>

<operation id="105" st_id="6" stage="1" lat="1">
<core>NULL</core>
<MemPortIdVec></MemPortIdVec>
<condition id="-1">
<or_exp><and_exp><literal name="icmp_ln79" val="1"/>
</and_exp></or_exp>
</condition>

<Node id="141" bw="0">
<![CDATA[
:0  ret void

]]></Node>
<StgValue><ssdm name="ret_ln83"/></StgValue>
</operation>
</state>

<state id="7" st_id="7">

<operation id="106" st_id="7" stage="1" lat="2">
<core>RAM</core>
<MemPortIdVec>0 </MemPortIdVec>
<condition id="-1">
<or_exp><and_exp></and_exp></or_exp>
</condition>

<Node id="118" bw="32" op_0_bw="6">
<![CDATA[
:2  %k_load_2 = load i32* %k_addr_7, align 4

]]></Node>
<StgValue><ssdm name="k_load_2"/></StgValue>
</operation>

<operation id="107" st_id="7" stage="1" lat="1">
<core>NULL</core>
<MemPortIdVec></MemPortIdVec>
<condition id="-1">
<or_exp><and_exp></and_exp></or_exp>
</condition>

<Node id="119" bw="8" op_0_bw="8" op_1_bw="6" op_2_bw="2">
<![CDATA[
:3  %shl_ln = call i8 @_ssdm_op_BitConcatenate.i8.i6.i2(i6 %i1_0, i2 0)

]]></Node>
<StgValue><ssdm name="shl_ln"/></StgValue>
</operation>

<operation id="108" st_id="7" stage="1" lat="1">
<core>NULL</core>
<MemPortIdVec></MemPortIdVec>
<condition id="-1">
<or_exp><and_exp></and_exp></or_exp>
</condition>

<Node id="120" bw="64" op_0_bw="8">
<![CDATA[
:4  %zext_ln80_1 = zext i8 %shl_ln to i64

]]></Node>
<StgValue><ssdm name="zext_ln80_1"/></StgValue>
</operation>

<operation id="109" st_id="7" stage="1" lat="1">
<core>NULL</core>
<MemPortIdVec></MemPortIdVec>
<condition id="-1">
<or_exp><and_exp></and_exp></or_exp>
</condition>

<Node id="121" bw="8" op_0_bw="8" op_1_bw="64" op_2_bw="64">
<![CDATA[
:5  %keys_addr = getelementptr [176 x i8]* %keys, i64 0, i64 %zext_ln80_1

]]></Node>
<StgValue><ssdm name="keys_addr"/></StgValue>
</operation>

<operation id="110" st_id="7" stage="1" lat="1">
<core>NULL</core>
<MemPortIdVec></MemPortIdVec>
<condition id="-1">
<or_exp><and_exp></and_exp></or_exp>
</condition>

<Node id="122" bw="8" op_0_bw="8" op_1_bw="8">
<![CDATA[
:6  %or_ln80 = or i8 %shl_ln, 1

]]></Node>
<StgValue><ssdm name="or_ln80"/></StgValue>
</operation>

<operation id="111" st_id="7" stage="1" lat="1">
<core>NULL</core>
<MemPortIdVec></MemPortIdVec>
<condition id="-1">
<or_exp><and_exp></and_exp></or_exp>
</condition>

<Node id="123" bw="64" op_0_bw="8">
<![CDATA[
:7  %zext_ln80_2 = zext i8 %or_ln80 to i64

]]></Node>
<StgValue><ssdm name="zext_ln80_2"/></StgValue>
</operation>

<operation id="112" st_id="7" stage="1" lat="1">
<core>NULL</core>
<MemPortIdVec></MemPortIdVec>
<condition id="-1">
<or_exp><and_exp></and_exp></or_exp>
</condition>

<Node id="124" bw="8" op_0_bw="8" op_1_bw="64" op_2_bw="64">
<![CDATA[
:8  %keys_addr_1 = getelementptr [176 x i8]* %keys, i64 0, i64 %zext_ln80_2

]]></Node>
<StgValue><ssdm name="keys_addr_1"/></StgValue>
</operation>

<operation id="113" st_id="7" stage="1" lat="1">
<core>NULL</core>
<MemPortIdVec></MemPortIdVec>
<condition id="-1">
<or_exp><and_exp></and_exp></or_exp>
</condition>

<Node id="131" bw="8" op_0_bw="8" op_1_bw="32" op_2_bw="32" op_3_bw="32">
<![CDATA[
:15  %a_write_assign = call i8 @_ssdm_op_PartSelect.i8.i32.i32.i32(i32 %k_load_2, i32 24, i32 31)

]]></Node>
<StgValue><ssdm name="a_write_assign"/></StgValue>
</operation>

<operation id="114" st_id="7" stage="1" lat="1">
<core>NULL</core>
<MemPortIdVec></MemPortIdVec>
<condition id="-1">
<or_exp><and_exp></and_exp></or_exp>
</condition>

<Node id="132" bw="8" op_0_bw="8" op_1_bw="32" op_2_bw="32" op_3_bw="32">
<![CDATA[
:16  %b_write_assign = call i8 @_ssdm_op_PartSelect.i8.i32.i32.i32(i32 %k_load_2, i32 16, i32 23)

]]></Node>
<StgValue><ssdm name="b_write_assign"/></StgValue>
</operation>

<operation id="115" st_id="7" stage="1" lat="1">
<core>NULL</core>
<MemPortIdVec></MemPortIdVec>
<condition id="-1">
<or_exp><and_exp></and_exp></or_exp>
</condition>

<Node id="133" bw="8" op_0_bw="8" op_1_bw="32" op_2_bw="32" op_3_bw="32">
<![CDATA[
:17  %c_write_assign = call i8 @_ssdm_op_PartSelect.i8.i32.i32.i32(i32 %k_load_2, i32 8, i32 15)

]]></Node>
<StgValue><ssdm name="c_write_assign"/></StgValue>
</operation>

<operation id="116" st_id="7" stage="1" lat="1">
<core>NULL</core>
<MemPortIdVec></MemPortIdVec>
<condition id="-1">
<or_exp><and_exp></and_exp></or_exp>
</condition>

<Node id="134" bw="8" op_0_bw="32">
<![CDATA[
:18  %trunc_ln19 = trunc i32 %k_load_2 to i8

]]></Node>
<StgValue><ssdm name="trunc_ln19"/></StgValue>
</operation>

<operation id="117" st_id="7" stage="1" lat="1">
<core>RAM</core>
<MemPortIdVec>0 </MemPortIdVec>
<condition id="-1">
<or_exp><and_exp></and_exp></or_exp>
</condition>

<Node id="135" bw="0" op_0_bw="8" op_1_bw="8">
<![CDATA[
:19  store i8 %a_write_assign, i8* %keys_addr, align 1

]]></Node>
<StgValue><ssdm name="store_ln80"/></StgValue>
</operation>

<operation id="118" st_id="7" stage="1" lat="1">
<core>RAM</core>
<MemPortIdVec>1 </MemPortIdVec>
<condition id="-1">
<or_exp><and_exp></and_exp></or_exp>
</condition>

<Node id="136" bw="0" op_0_bw="8" op_1_bw="8">
<![CDATA[
:20  store i8 %b_write_assign, i8* %keys_addr_1, align 1

]]></Node>
<StgValue><ssdm name="store_ln80"/></StgValue>
</operation>
</state>

<state id="8" st_id="8">

<operation id="119" st_id="8" stage="1" lat="1">
<core>NULL</core>
<MemPortIdVec></MemPortIdVec>
<condition id="-1">
<or_exp><and_exp></and_exp></or_exp>
</condition>

<Node id="125" bw="8" op_0_bw="8" op_1_bw="8">
<![CDATA[
:9  %or_ln80_1 = or i8 %shl_ln, 2

]]></Node>
<StgValue><ssdm name="or_ln80_1"/></StgValue>
</operation>

<operation id="120" st_id="8" stage="1" lat="1">
<core>NULL</core>
<MemPortIdVec></MemPortIdVec>
<condition id="-1">
<or_exp><and_exp></and_exp></or_exp>
</condition>

<Node id="126" bw="64" op_0_bw="8">
<![CDATA[
:10  %zext_ln80_3 = zext i8 %or_ln80_1 to i64

]]></Node>
<StgValue><ssdm name="zext_ln80_3"/></StgValue>
</operation>

<operation id="121" st_id="8" stage="1" lat="1">
<core>NULL</core>
<MemPortIdVec></MemPortIdVec>
<condition id="-1">
<or_exp><and_exp></and_exp></or_exp>
</condition>

<Node id="127" bw="8" op_0_bw="8" op_1_bw="64" op_2_bw="64">
<![CDATA[
:11  %keys_addr_2 = getelementptr [176 x i8]* %keys, i64 0, i64 %zext_ln80_3

]]></Node>
<StgValue><ssdm name="keys_addr_2"/></StgValue>
</operation>

<operation id="122" st_id="8" stage="1" lat="1">
<core>NULL</core>
<MemPortIdVec></MemPortIdVec>
<condition id="-1">
<or_exp><and_exp></and_exp></or_exp>
</condition>

<Node id="128" bw="8" op_0_bw="8" op_1_bw="8">
<![CDATA[
:12  %or_ln80_2 = or i8 %shl_ln, 3

]]></Node>
<StgValue><ssdm name="or_ln80_2"/></StgValue>
</operation>

<operation id="123" st_id="8" stage="1" lat="1">
<core>NULL</core>
<MemPortIdVec></MemPortIdVec>
<condition id="-1">
<or_exp><and_exp></and_exp></or_exp>
</condition>

<Node id="129" bw="64" op_0_bw="8">
<![CDATA[
:13  %zext_ln80_4 = zext i8 %or_ln80_2 to i64

]]></Node>
<StgValue><ssdm name="zext_ln80_4"/></StgValue>
</operation>

<operation id="124" st_id="8" stage="1" lat="1">
<core>NULL</core>
<MemPortIdVec></MemPortIdVec>
<condition id="-1">
<or_exp><and_exp></and_exp></or_exp>
</condition>

<Node id="130" bw="8" op_0_bw="8" op_1_bw="64" op_2_bw="64">
<![CDATA[
:14  %keys_addr_3 = getelementptr [176 x i8]* %keys, i64 0, i64 %zext_ln80_4

]]></Node>
<StgValue><ssdm name="keys_addr_3"/></StgValue>
</operation>

<operation id="125" st_id="8" stage="1" lat="1">
<core>RAM</core>
<MemPortIdVec>0 </MemPortIdVec>
<condition id="-1">
<or_exp><and_exp></and_exp></or_exp>
</condition>

<Node id="137" bw="0" op_0_bw="8" op_1_bw="8">
<![CDATA[
:21  store i8 %c_write_assign, i8* %keys_addr_2, align 1

]]></Node>
<StgValue><ssdm name="store_ln80"/></StgValue>
</operation>

<operation id="126" st_id="8" stage="1" lat="1">
<core>RAM</core>
<MemPortIdVec>1 </MemPortIdVec>
<condition id="-1">
<or_exp><and_exp></and_exp></or_exp>
</condition>

<Node id="138" bw="0" op_0_bw="8" op_1_bw="8">
<![CDATA[
:22  store i8 %trunc_ln19, i8* %keys_addr_3, align 1

]]></Node>
<StgValue><ssdm name="store_ln80"/></StgValue>
</operation>

<operation id="127" st_id="8" stage="1" lat="1">
<core>NULL</core>
<MemPortIdVec></MemPortIdVec>
<condition id="-1">
<or_exp><and_exp></and_exp></or_exp>
</condition>

<Node id="139" bw="0" op_0_bw="0">
<![CDATA[
:23  br label %.preheader

]]></Node>
<StgValue><ssdm name="br_ln79"/></StgValue>
</operation>
</state>
</state_list>


<ports>
<port id="141" name="p_read" dir="0" iftype="0">
<core>NULL</core><StgValue><ssdm name="p_read"/></StgValue>
</port>
<port id="142" name="p_read1" dir="0" iftype="0">
<core>NULL</core><StgValue><ssdm name="p_read1"/></StgValue>
</port>
<port id="143" name="p_read2" dir="0" iftype="0">
<core>NULL</core><StgValue><ssdm name="p_read2"/></StgValue>
</port>
<port id="144" name="p_read3" dir="0" iftype="0">
<core>NULL</core><StgValue><ssdm name="p_read3"/></StgValue>
</port>
<port id="145" name="p_read4" dir="0" iftype="0">
<core>NULL</core><StgValue><ssdm name="p_read4"/></StgValue>
</port>
<port id="146" name="p_read5" dir="0" iftype="0">
<core>NULL</core><StgValue><ssdm name="p_read5"/></StgValue>
</port>
<port id="147" name="p_read6" dir="0" iftype="0">
<core>NULL</core><StgValue><ssdm name="p_read6"/></StgValue>
</port>
<port id="148" name="p_read7" dir="0" iftype="0">
<core>NULL</core><StgValue><ssdm name="p_read7"/></StgValue>
</port>
<port id="149" name="p_read8" dir="0" iftype="0">
<core>NULL</core><StgValue><ssdm name="p_read8"/></StgValue>
</port>
<port id="150" name="p_read9" dir="0" iftype="0">
<core>NULL</core><StgValue><ssdm name="p_read9"/></StgValue>
</port>
<port id="151" name="p_read10" dir="0" iftype="0">
<core>NULL</core><StgValue><ssdm name="p_read10"/></StgValue>
</port>
<port id="152" name="p_read11" dir="0" iftype="0">
<core>NULL</core><StgValue><ssdm name="p_read11"/></StgValue>
</port>
<port id="153" name="p_read12" dir="0" iftype="0">
<core>NULL</core><StgValue><ssdm name="p_read12"/></StgValue>
</port>
<port id="154" name="p_read13" dir="0" iftype="0">
<core>NULL</core><StgValue><ssdm name="p_read13"/></StgValue>
</port>
<port id="155" name="p_read14" dir="0" iftype="0">
<core>NULL</core><StgValue><ssdm name="p_read14"/></StgValue>
</port>
<port id="156" name="p_read15" dir="0" iftype="0">
<core>NULL</core><StgValue><ssdm name="p_read15"/></StgValue>
</port>
<port id="157" name="keys" dir="1" iftype="1">
<core>RAM</core><StgValue><ssdm name="keys"/><MemPortTyVec>0 0 </MemPortTyVec>
</StgValue>
</port>
<port id="158" name="sbox" dir="0" iftype="1">
<core>ROM_nP</core><StgValue><ssdm name="sbox"/><MemPortTyVec>1 1 1 1 </MemPortTyVec>
</StgValue>
</port>
<port id="159" name="ROUND_CONSTANT" dir="0" iftype="1">
<core>ROM_nP</core><StgValue><ssdm name="ROUND_CONSTANT"/><MemPortTyVec>1 </MemPortTyVec>
</StgValue>
</port>
</ports>


<dataflows>
<dataflow id="161" from="_ssdm_op_Read.ap_auto.i8" to="p_read_1" fromId="160" toId="9">
</dataflow>
<dataflow id="162" from="p_read15" to="p_read_1" fromId="156" toId="9">
</dataflow>
<dataflow id="163" from="_ssdm_op_Read.ap_auto.i8" to="p_read_2" fromId="160" toId="10">
</dataflow>
<dataflow id="164" from="p_read14" to="p_read_2" fromId="155" toId="10">
</dataflow>
<dataflow id="165" from="_ssdm_op_Read.ap_auto.i8" to="p_read_3" fromId="160" toId="11">
</dataflow>
<dataflow id="166" from="p_read13" to="p_read_3" fromId="154" toId="11">
</dataflow>
<dataflow id="167" from="_ssdm_op_Read.ap_auto.i8" to="p_read_4" fromId="160" toId="12">
</dataflow>
<dataflow id="168" from="p_read12" to="p_read_4" fromId="153" toId="12">
</dataflow>
<dataflow id="169" from="_ssdm_op_Read.ap_auto.i8" to="p_read_5" fromId="160" toId="13">
</dataflow>
<dataflow id="170" from="p_read11" to="p_read_5" fromId="152" toId="13">
</dataflow>
<dataflow id="171" from="_ssdm_op_Read.ap_auto.i8" to="p_read_6" fromId="160" toId="14">
</dataflow>
<dataflow id="172" from="p_read10" to="p_read_6" fromId="151" toId="14">
</dataflow>
<dataflow id="173" from="_ssdm_op_Read.ap_auto.i8" to="p_read_7" fromId="160" toId="15">
</dataflow>
<dataflow id="174" from="p_read9" to="p_read_7" fromId="150" toId="15">
</dataflow>
<dataflow id="175" from="_ssdm_op_Read.ap_auto.i8" to="p_read_8" fromId="160" toId="16">
</dataflow>
<dataflow id="176" from="p_read8" to="p_read_8" fromId="149" toId="16">
</dataflow>
<dataflow id="178" from="StgValue_177" to="k" fromId="177" toId="17">
</dataflow>
<dataflow id="180" from="_ssdm_op_BitConcatenate.i32.i8.i8.i8.i8" to="or_ln63_2" fromId="179" toId="18">
</dataflow>
<dataflow id="181" from="p_read_4" to="or_ln63_2" fromId="12" toId="18">
</dataflow>
<dataflow id="182" from="p_read_3" to="or_ln63_2" fromId="11" toId="18">
</dataflow>
<dataflow id="183" from="p_read_2" to="or_ln63_2" fromId="10" toId="18">
</dataflow>
<dataflow id="184" from="p_read_1" to="or_ln63_2" fromId="9" toId="18">
</dataflow>
<dataflow id="185" from="k" to="k_addr" fromId="17" toId="19">
</dataflow>
<dataflow id="187" from="StgValue_186" to="k_addr" fromId="186" toId="19">
</dataflow>
<dataflow id="189" from="StgValue_188" to="k_addr" fromId="188" toId="19">
</dataflow>
<dataflow id="190" from="or_ln63_2" to="store_ln63" fromId="18" toId="20">
</dataflow>
<dataflow id="191" from="k_addr" to="store_ln63" fromId="19" toId="20">
</dataflow>
<dataflow id="192" from="_ssdm_op_BitConcatenate.i32.i8.i8.i8.i8" to="or_ln64_2" fromId="179" toId="21">
</dataflow>
<dataflow id="193" from="p_read_8" to="or_ln64_2" fromId="16" toId="21">
</dataflow>
<dataflow id="194" from="p_read_7" to="or_ln64_2" fromId="15" toId="21">
</dataflow>
<dataflow id="195" from="p_read_6" to="or_ln64_2" fromId="14" toId="21">
</dataflow>
<dataflow id="196" from="p_read_5" to="or_ln64_2" fromId="13" toId="21">
</dataflow>
<dataflow id="197" from="k" to="k_addr_1" fromId="17" toId="22">
</dataflow>
<dataflow id="198" from="StgValue_186" to="k_addr_1" fromId="186" toId="22">
</dataflow>
<dataflow id="200" from="StgValue_199" to="k_addr_1" fromId="199" toId="22">
</dataflow>
<dataflow id="201" from="or_ln64_2" to="store_ln64" fromId="21" toId="23">
</dataflow>
<dataflow id="202" from="k_addr_1" to="store_ln64" fromId="22" toId="23">
</dataflow>
<dataflow id="203" from="_ssdm_op_Read.ap_auto.i8" to="p_read_9" fromId="160" toId="24">
</dataflow>
<dataflow id="204" from="p_read7" to="p_read_9" fromId="148" toId="24">
</dataflow>
<dataflow id="205" from="_ssdm_op_Read.ap_auto.i8" to="p_read_10" fromId="160" toId="25">
</dataflow>
<dataflow id="206" from="p_read6" to="p_read_10" fromId="147" toId="25">
</dataflow>
<dataflow id="207" from="_ssdm_op_Read.ap_auto.i8" to="p_read_11" fromId="160" toId="26">
</dataflow>
<dataflow id="208" from="p_read5" to="p_read_11" fromId="146" toId="26">
</dataflow>
<dataflow id="209" from="_ssdm_op_Read.ap_auto.i8" to="p_read_12" fromId="160" toId="27">
</dataflow>
<dataflow id="210" from="p_read4" to="p_read_12" fromId="145" toId="27">
</dataflow>
<dataflow id="211" from="_ssdm_op_Read.ap_auto.i8" to="p_read_13" fromId="160" toId="28">
</dataflow>
<dataflow id="212" from="p_read3" to="p_read_13" fromId="144" toId="28">
</dataflow>
<dataflow id="213" from="_ssdm_op_Read.ap_auto.i8" to="p_read_14" fromId="160" toId="29">
</dataflow>
<dataflow id="214" from="p_read2" to="p_read_14" fromId="143" toId="29">
</dataflow>
<dataflow id="215" from="_ssdm_op_Read.ap_auto.i8" to="p_read_15" fromId="160" toId="30">
</dataflow>
<dataflow id="216" from="p_read1" to="p_read_15" fromId="142" toId="30">
</dataflow>
<dataflow id="217" from="_ssdm_op_Read.ap_auto.i8" to="p_read16" fromId="160" toId="31">
</dataflow>
<dataflow id="218" from="p_read" to="p_read16" fromId="141" toId="31">
</dataflow>
<dataflow id="219" from="_ssdm_op_BitConcatenate.i32.i8.i8.i8.i8" to="or_ln65_2" fromId="179" toId="32">
</dataflow>
<dataflow id="220" from="p_read_12" to="or_ln65_2" fromId="27" toId="32">
</dataflow>
<dataflow id="221" from="p_read_11" to="or_ln65_2" fromId="26" toId="32">
</dataflow>
<dataflow id="222" from="p_read_10" to="or_ln65_2" fromId="25" toId="32">
</dataflow>
<dataflow id="223" from="p_read_9" to="or_ln65_2" fromId="24" toId="32">
</dataflow>
<dataflow id="224" from="k" to="k_addr_2" fromId="17" toId="33">
</dataflow>
<dataflow id="225" from="StgValue_186" to="k_addr_2" fromId="186" toId="33">
</dataflow>
<dataflow id="226" from="StgValue_177" to="k_addr_2" fromId="177" toId="33">
</dataflow>
<dataflow id="227" from="or_ln65_2" to="store_ln65" fromId="32" toId="34">
</dataflow>
<dataflow id="228" from="k_addr_2" to="store_ln65" fromId="33" toId="34">
</dataflow>
<dataflow id="229" from="_ssdm_op_BitConcatenate.i32.i8.i8.i8.i8" to="or_ln66_2" fromId="179" toId="35">
</dataflow>
<dataflow id="230" from="p_read16" to="or_ln66_2" fromId="31" toId="35">
</dataflow>
<dataflow id="231" from="p_read_15" to="or_ln66_2" fromId="30" toId="35">
</dataflow>
<dataflow id="232" from="p_read_14" to="or_ln66_2" fromId="29" toId="35">
</dataflow>
<dataflow id="233" from="p_read_13" to="or_ln66_2" fromId="28" toId="35">
</dataflow>
<dataflow id="234" from="k" to="k_addr_3" fromId="17" toId="36">
</dataflow>
<dataflow id="235" from="StgValue_186" to="k_addr_3" fromId="186" toId="36">
</dataflow>
<dataflow id="236" from="StgValue_186" to="k_addr_3" fromId="186" toId="36">
</dataflow>
<dataflow id="237" from="or_ln66_2" to="store_ln66" fromId="35" toId="37">
</dataflow>
<dataflow id="238" from="k_addr_3" to="store_ln66" fromId="36" toId="37">
</dataflow>
<dataflow id="240" from="StgValue_239" to="i_0" fromId="239" toId="39">
<condition id="-1">
<or_exp><and_exp></and_exp></or_exp>
</condition>
</dataflow>
<dataflow id="241" from="br_ln68" to="i_0" fromId="38" toId="39">
</dataflow>
<dataflow id="242" from="i_1" to="i_0" fromId="95" toId="39">
<BackEdge/>
<condition id="-1">
<or_exp><and_exp></and_exp></or_exp>
</condition>
</dataflow>
<dataflow id="243" from="br_ln68" to="i_0" fromId="96" toId="39">
<BackEdge/>
</dataflow>
<dataflow id="244" from="i_0" to="icmp_ln68" fromId="39" toId="40">
</dataflow>
<dataflow id="246" from="StgValue_245" to="icmp_ln68" fromId="245" toId="40">
</dataflow>
<dataflow id="248" from="_ssdm_op_SpecLoopTripCount" to="empty" fromId="247" toId="41">
</dataflow>
<dataflow id="250" from="StgValue_249" to="empty" fromId="249" toId="41">
</dataflow>
<dataflow id="251" from="StgValue_249" to="empty" fromId="249" toId="41">
</dataflow>
<dataflow id="252" from="StgValue_249" to="empty" fromId="249" toId="41">
</dataflow>
<dataflow id="253" from="icmp_ln68" to="br_ln68" fromId="40" toId="42">
</dataflow>
<dataflow id="255" from="StgValue_254" to="add_ln70" fromId="254" toId="43">
</dataflow>
<dataflow id="256" from="i_0" to="add_ln70" fromId="39" toId="43">
</dataflow>
<dataflow id="257" from="add_ln70" to="zext_ln70" fromId="43" toId="44">
</dataflow>
<dataflow id="258" from="k" to="k_addr_4" fromId="17" toId="45">
</dataflow>
<dataflow id="259" from="StgValue_186" to="k_addr_4" fromId="186" toId="45">
</dataflow>
<dataflow id="260" from="zext_ln70" to="k_addr_4" fromId="44" toId="45">
</dataflow>
<dataflow id="261" from="k_addr_4" to="k_load" fromId="45" toId="46">
</dataflow>
<dataflow id="263" from="StgValue_262" to="add_ln70_1" fromId="262" toId="47">
</dataflow>
<dataflow id="264" from="i_0" to="add_ln70_1" fromId="39" toId="47">
</dataflow>
<dataflow id="265" from="add_ln70_1" to="zext_ln70_1" fromId="47" toId="48">
</dataflow>
<dataflow id="266" from="k" to="k_addr_5" fromId="17" toId="49">
</dataflow>
<dataflow id="267" from="StgValue_186" to="k_addr_5" fromId="186" toId="49">
</dataflow>
<dataflow id="268" from="zext_ln70_1" to="k_addr_5" fromId="48" toId="49">
</dataflow>
<dataflow id="269" from="k_addr_5" to="k_load_1" fromId="49" toId="50">
</dataflow>
<dataflow id="270" from="i_0" to="trunc_ln68" fromId="39" toId="52">
</dataflow>
<dataflow id="271" from="trunc_ln68" to="icmp_ln69" fromId="52" toId="53">
</dataflow>
<dataflow id="273" from="StgValue_272" to="icmp_ln69" fromId="272" toId="53">
</dataflow>
<dataflow id="274" from="k_addr_4" to="k_load" fromId="45" toId="54">
</dataflow>
<dataflow id="275" from="k_addr_5" to="k_load_1" fromId="49" toId="55">
</dataflow>
<dataflow id="276" from="icmp_ln69" to="br_ln69" fromId="53" toId="56">
</dataflow>
<dataflow id="277" from="k_load_1" to="xor_ln72" fromId="55" toId="57">
</dataflow>
<dataflow id="278" from="k_load" to="xor_ln72" fromId="54" toId="57">
</dataflow>
<dataflow id="279" from="i_0" to="zext_ln72" fromId="39" toId="58">
</dataflow>
<dataflow id="280" from="k" to="k_addr_8" fromId="17" toId="59">
</dataflow>
<dataflow id="281" from="StgValue_186" to="k_addr_8" fromId="186" toId="59">
</dataflow>
<dataflow id="282" from="zext_ln72" to="k_addr_8" fromId="58" toId="59">
</dataflow>
<dataflow id="283" from="xor_ln72" to="store_ln72" fromId="57" toId="60">
</dataflow>
<dataflow id="284" from="k_addr_8" to="store_ln72" fromId="59" toId="60">
</dataflow>
<dataflow id="286" from="_ssdm_op_PartSelect.i8.i32.i32.i32" to="a_write_assign_2" fromId="285" toId="62">
</dataflow>
<dataflow id="287" from="k_load_1" to="a_write_assign_2" fromId="55" toId="62">
</dataflow>
<dataflow id="289" from="StgValue_288" to="a_write_assign_2" fromId="288" toId="62">
</dataflow>
<dataflow id="291" from="StgValue_290" to="a_write_assign_2" fromId="290" toId="62">
</dataflow>
<dataflow id="292" from="_ssdm_op_PartSelect.i8.i32.i32.i32" to="b_write_assign_2" fromId="285" toId="63">
</dataflow>
<dataflow id="293" from="k_load_1" to="b_write_assign_2" fromId="55" toId="63">
</dataflow>
<dataflow id="295" from="StgValue_294" to="b_write_assign_2" fromId="294" toId="63">
</dataflow>
<dataflow id="297" from="StgValue_296" to="b_write_assign_2" fromId="296" toId="63">
</dataflow>
<dataflow id="298" from="_ssdm_op_PartSelect.i8.i32.i32.i32" to="tmp" fromId="285" toId="64">
</dataflow>
<dataflow id="299" from="k_load_1" to="tmp" fromId="55" toId="64">
</dataflow>
<dataflow id="301" from="StgValue_300" to="tmp" fromId="300" toId="64">
</dataflow>
<dataflow id="303" from="StgValue_302" to="tmp" fromId="302" toId="64">
</dataflow>
<dataflow id="304" from="k_load_1" to="trunc_ln23" fromId="55" toId="65">
</dataflow>
<dataflow id="305" from="b_write_assign_2" to="zext_ln49" fromId="63" toId="66">
</dataflow>
<dataflow id="306" from="sbox" to="sbox_addr" fromId="158" toId="67">
</dataflow>
<dataflow id="307" from="StgValue_186" to="sbox_addr" fromId="186" toId="67">
</dataflow>
<dataflow id="308" from="zext_ln49" to="sbox_addr" fromId="66" toId="67">
</dataflow>
<dataflow id="309" from="sbox_addr" to="sbox_load" fromId="67" toId="68">
</dataflow>
<dataflow id="310" from="tmp" to="zext_ln49_1" fromId="64" toId="69">
</dataflow>
<dataflow id="311" from="sbox" to="sbox_addr_1" fromId="158" toId="70">
</dataflow>
<dataflow id="312" from="StgValue_186" to="sbox_addr_1" fromId="186" toId="70">
</dataflow>
<dataflow id="313" from="zext_ln49_1" to="sbox_addr_1" fromId="69" toId="70">
</dataflow>
<dataflow id="314" from="sbox_addr_1" to="sbox_load_1" fromId="70" toId="71">
</dataflow>
<dataflow id="315" from="trunc_ln23" to="zext_ln49_2" fromId="65" toId="72">
</dataflow>
<dataflow id="316" from="sbox" to="sbox_addr_2" fromId="158" toId="73">
</dataflow>
<dataflow id="317" from="StgValue_186" to="sbox_addr_2" fromId="186" toId="73">
</dataflow>
<dataflow id="318" from="zext_ln49_2" to="sbox_addr_2" fromId="72" toId="73">
</dataflow>
<dataflow id="319" from="sbox_addr_2" to="sbox_load_2" fromId="73" toId="74">
</dataflow>
<dataflow id="320" from="a_write_assign_2" to="zext_ln49_3" fromId="62" toId="75">
</dataflow>
<dataflow id="321" from="sbox" to="sbox_addr_3" fromId="158" toId="76">
</dataflow>
<dataflow id="322" from="StgValue_186" to="sbox_addr_3" fromId="186" toId="76">
</dataflow>
<dataflow id="323" from="zext_ln49_3" to="sbox_addr_3" fromId="75" toId="76">
</dataflow>
<dataflow id="324" from="sbox_addr_3" to="sbox_load_3" fromId="76" toId="77">
</dataflow>
<dataflow id="326" from="_ssdm_op_PartSelect.i4.i6.i32.i32" to="trunc_ln1" fromId="325" toId="78">
</dataflow>
<dataflow id="327" from="i_0" to="trunc_ln1" fromId="39" toId="78">
</dataflow>
<dataflow id="329" from="StgValue_328" to="trunc_ln1" fromId="328" toId="78">
</dataflow>
<dataflow id="331" from="StgValue_330" to="trunc_ln1" fromId="330" toId="78">
</dataflow>
<dataflow id="333" from="StgValue_332" to="add_ln70_2" fromId="332" toId="79">
</dataflow>
<dataflow id="334" from="trunc_ln1" to="add_ln70_2" fromId="78" toId="79">
</dataflow>
<dataflow id="335" from="add_ln70_2" to="zext_ln70_2" fromId="79" toId="80">
</dataflow>
<dataflow id="336" from="ROUND_CONSTANT" to="ROUND_CONSTANT_addr" fromId="159" toId="81">
</dataflow>
<dataflow id="337" from="StgValue_186" to="ROUND_CONSTANT_addr" fromId="186" toId="81">
</dataflow>
<dataflow id="338" from="zext_ln70_2" to="ROUND_CONSTANT_addr" fromId="80" toId="81">
</dataflow>
<dataflow id="339" from="ROUND_CONSTANT_addr" to="ROUND_CONSTANT_load" fromId="81" toId="82">
</dataflow>
<dataflow id="340" from="sbox_addr" to="sbox_load" fromId="67" toId="83">
</dataflow>
<dataflow id="341" from="sbox_addr_1" to="sbox_load_1" fromId="70" toId="84">
</dataflow>
<dataflow id="342" from="sbox_addr_2" to="sbox_load_2" fromId="73" toId="85">
</dataflow>
<dataflow id="343" from="sbox_addr_3" to="sbox_load_3" fromId="76" toId="86">
</dataflow>
<dataflow id="344" from="_ssdm_op_BitConcatenate.i32.i8.i8.i8.i8" to="or_ln50_1_i" fromId="179" toId="87">
</dataflow>
<dataflow id="345" from="sbox_load" to="or_ln50_1_i" fromId="83" toId="87">
</dataflow>
<dataflow id="346" from="sbox_load_1" to="or_ln50_1_i" fromId="84" toId="87">
</dataflow>
<dataflow id="347" from="sbox_load_2" to="or_ln50_1_i" fromId="85" toId="87">
</dataflow>
<dataflow id="348" from="sbox_load_3" to="or_ln50_1_i" fromId="86" toId="87">
</dataflow>
<dataflow id="349" from="ROUND_CONSTANT_addr" to="ROUND_CONSTANT_load" fromId="81" toId="88">
</dataflow>
<dataflow id="350" from="ROUND_CONSTANT_load" to="xor_ln70" fromId="88" toId="89">
</dataflow>
<dataflow id="351" from="or_ln50_1_i" to="xor_ln70" fromId="87" toId="89">
</dataflow>
<dataflow id="352" from="xor_ln70" to="xor_ln70_1" fromId="89" toId="90">
</dataflow>
<dataflow id="353" from="k_load" to="xor_ln70_1" fromId="54" toId="90">
</dataflow>
<dataflow id="354" from="i_0" to="zext_ln70_3" fromId="39" toId="91">
</dataflow>
<dataflow id="355" from="k" to="k_addr_6" fromId="17" toId="92">
</dataflow>
<dataflow id="356" from="StgValue_186" to="k_addr_6" fromId="186" toId="92">
</dataflow>
<dataflow id="357" from="zext_ln70_3" to="k_addr_6" fromId="91" toId="92">
</dataflow>
<dataflow id="358" from="xor_ln70_1" to="store_ln70" fromId="90" toId="93">
</dataflow>
<dataflow id="359" from="k_addr_6" to="store_ln70" fromId="92" toId="93">
</dataflow>
<dataflow id="360" from="i_0" to="i_1" fromId="39" toId="95">
</dataflow>
<dataflow id="362" from="StgValue_361" to="i_1" fromId="361" toId="95">
</dataflow>
<dataflow id="363" from="i" to="i1_0" fromId="100" toId="97">
<BackEdge/>
<condition id="-1">
<or_exp><and_exp></and_exp></or_exp>
</condition>
</dataflow>
<dataflow id="364" from="br_ln79" to="i1_0" fromId="127" toId="97">
<BackEdge/>
</dataflow>
<dataflow id="366" from="StgValue_365" to="i1_0" fromId="365" toId="97">
<condition id="-1">
<or_exp><and_exp><literal name="icmp_ln68" val="1"/>
</and_exp></or_exp>
</condition>
</dataflow>
<dataflow id="367" from="br_ln79" to="i1_0" fromId="51" toId="97">
</dataflow>
<dataflow id="368" from="i1_0" to="icmp_ln79" fromId="97" toId="98">
</dataflow>
<dataflow id="370" from="StgValue_369" to="icmp_ln79" fromId="369" toId="98">
</dataflow>
<dataflow id="371" from="_ssdm_op_SpecLoopTripCount" to="empty_9" fromId="247" toId="99">
</dataflow>
<dataflow id="373" from="StgValue_372" to="empty_9" fromId="372" toId="99">
</dataflow>
<dataflow id="374" from="StgValue_372" to="empty_9" fromId="372" toId="99">
</dataflow>
<dataflow id="375" from="StgValue_372" to="empty_9" fromId="372" toId="99">
</dataflow>
<dataflow id="376" from="i1_0" to="i" fromId="97" toId="100">
</dataflow>
<dataflow id="377" from="StgValue_361" to="i" fromId="361" toId="100">
</dataflow>
<dataflow id="378" from="icmp_ln79" to="br_ln79" fromId="98" toId="101">
</dataflow>
<dataflow id="379" from="i1_0" to="zext_ln80" fromId="97" toId="102">
</dataflow>
<dataflow id="380" from="k" to="k_addr_7" fromId="17" toId="103">
</dataflow>
<dataflow id="381" from="StgValue_186" to="k_addr_7" fromId="186" toId="103">
</dataflow>
<dataflow id="382" from="zext_ln80" to="k_addr_7" fromId="102" toId="103">
</dataflow>
<dataflow id="383" from="k_addr_7" to="k_load_2" fromId="103" toId="104">
</dataflow>
<dataflow id="384" from="k_addr_7" to="k_load_2" fromId="103" toId="106">
</dataflow>
<dataflow id="386" from="_ssdm_op_BitConcatenate.i8.i6.i2" to="shl_ln" fromId="385" toId="107">
</dataflow>
<dataflow id="387" from="i1_0" to="shl_ln" fromId="97" toId="107">
</dataflow>
<dataflow id="388" from="StgValue_272" to="shl_ln" fromId="272" toId="107">
</dataflow>
<dataflow id="389" from="shl_ln" to="zext_ln80_1" fromId="107" toId="108">
</dataflow>
<dataflow id="390" from="keys" to="keys_addr" fromId="157" toId="109">
</dataflow>
<dataflow id="391" from="StgValue_186" to="keys_addr" fromId="186" toId="109">
</dataflow>
<dataflow id="392" from="zext_ln80_1" to="keys_addr" fromId="108" toId="109">
</dataflow>
<dataflow id="393" from="shl_ln" to="or_ln80" fromId="107" toId="110">
</dataflow>
<dataflow id="395" from="StgValue_394" to="or_ln80" fromId="394" toId="110">
</dataflow>
<dataflow id="396" from="or_ln80" to="zext_ln80_2" fromId="110" toId="111">
</dataflow>
<dataflow id="397" from="keys" to="keys_addr_1" fromId="157" toId="112">
</dataflow>
<dataflow id="398" from="StgValue_186" to="keys_addr_1" fromId="186" toId="112">
</dataflow>
<dataflow id="399" from="zext_ln80_2" to="keys_addr_1" fromId="111" toId="112">
</dataflow>
<dataflow id="400" from="_ssdm_op_PartSelect.i8.i32.i32.i32" to="a_write_assign" fromId="285" toId="113">
</dataflow>
<dataflow id="401" from="k_load_2" to="a_write_assign" fromId="106" toId="113">
</dataflow>
<dataflow id="402" from="StgValue_288" to="a_write_assign" fromId="288" toId="113">
</dataflow>
<dataflow id="403" from="StgValue_290" to="a_write_assign" fromId="290" toId="113">
</dataflow>
<dataflow id="404" from="_ssdm_op_PartSelect.i8.i32.i32.i32" to="b_write_assign" fromId="285" toId="114">
</dataflow>
<dataflow id="405" from="k_load_2" to="b_write_assign" fromId="106" toId="114">
</dataflow>
<dataflow id="406" from="StgValue_294" to="b_write_assign" fromId="294" toId="114">
</dataflow>
<dataflow id="407" from="StgValue_296" to="b_write_assign" fromId="296" toId="114">
</dataflow>
<dataflow id="408" from="_ssdm_op_PartSelect.i8.i32.i32.i32" to="c_write_assign" fromId="285" toId="115">
</dataflow>
<dataflow id="409" from="k_load_2" to="c_write_assign" fromId="106" toId="115">
</dataflow>
<dataflow id="410" from="StgValue_300" to="c_write_assign" fromId="300" toId="115">
</dataflow>
<dataflow id="411" from="StgValue_302" to="c_write_assign" fromId="302" toId="115">
</dataflow>
<dataflow id="412" from="k_load_2" to="trunc_ln19" fromId="106" toId="116">
</dataflow>
<dataflow id="413" from="a_write_assign" to="store_ln80" fromId="113" toId="117">
</dataflow>
<dataflow id="414" from="keys_addr" to="store_ln80" fromId="109" toId="117">
</dataflow>
<dataflow id="415" from="b_write_assign" to="store_ln80" fromId="114" toId="118">
</dataflow>
<dataflow id="416" from="keys_addr_1" to="store_ln80" fromId="112" toId="118">
</dataflow>
<dataflow id="417" from="shl_ln" to="or_ln80_1" fromId="107" toId="119">
</dataflow>
<dataflow id="419" from="StgValue_418" to="or_ln80_1" fromId="418" toId="119">
</dataflow>
<dataflow id="420" from="or_ln80_1" to="zext_ln80_3" fromId="119" toId="120">
</dataflow>
<dataflow id="421" from="keys" to="keys_addr_2" fromId="157" toId="121">
</dataflow>
<dataflow id="422" from="StgValue_186" to="keys_addr_2" fromId="186" toId="121">
</dataflow>
<dataflow id="423" from="zext_ln80_3" to="keys_addr_2" fromId="120" toId="121">
</dataflow>
<dataflow id="424" from="shl_ln" to="or_ln80_2" fromId="107" toId="122">
</dataflow>
<dataflow id="426" from="StgValue_425" to="or_ln80_2" fromId="425" toId="122">
</dataflow>
<dataflow id="427" from="or_ln80_2" to="zext_ln80_4" fromId="122" toId="123">
</dataflow>
<dataflow id="428" from="keys" to="keys_addr_3" fromId="157" toId="124">
</dataflow>
<dataflow id="429" from="StgValue_186" to="keys_addr_3" fromId="186" toId="124">
</dataflow>
<dataflow id="430" from="zext_ln80_4" to="keys_addr_3" fromId="123" toId="124">
</dataflow>
<dataflow id="431" from="c_write_assign" to="store_ln80" fromId="115" toId="125">
</dataflow>
<dataflow id="432" from="keys_addr_2" to="store_ln80" fromId="121" toId="125">
</dataflow>
<dataflow id="433" from="trunc_ln19" to="store_ln80" fromId="116" toId="126">
</dataflow>
<dataflow id="434" from="keys_addr_3" to="store_ln80" fromId="124" toId="126">
</dataflow>
<dataflow id="435" from="icmp_ln68" to="StgValue_3" fromId="40" toId="3">
</dataflow>
<dataflow id="436" from="icmp_ln69" to="StgValue_4" fromId="53" toId="4">
</dataflow>
<dataflow id="437" from="icmp_ln69" to="StgValue_5" fromId="53" toId="5">
</dataflow>
<dataflow id="438" from="icmp_ln79" to="StgValue_6" fromId="98" toId="6">
</dataflow>
</dataflows>


</stg>
