{
  "Top": "aes_encrypt_impl",
  "RtlTop": "aes_encrypt_impl",
  "RtlPrefix": "",
  "SourceLanguage": "cpp",
  "ResetStyle": "control",
  "GenerateBdFiles": "1",
  "HostMachineBits": "64",
  "Target": {
    "Family": "zynq",
    "Device": "xc7z020",
    "Package": "-clg400",
    "Speed": "-1"
  },
  "HlsSolution": {"Config": [
      "config_export -format=ip_catalog",
      "config_export -rtl=verilog"
    ]},
  "Args": {
    "block": {
      "index": "0",
      "type": {
        "kinds": [
          "struct",
          "pointer"
        ],
        "dataType": "ap_axis<128, 1, 1, 1>",
        "structImpl": "flat-interface",
        "fields": {
          "data": {
            "order": "0",
            "dataType": "ap_int",
            "dataWidth": "128",
            "portRef": "TDATA",
            "structImpl": "interface"
          },
          "keep": {
            "order": "1",
            "dataType": "ap_uint",
            "dataWidth": "16",
            "portRef": "TDATA",
            "structImpl": "interface"
          },
          "strb": {
            "order": "2",
            "dataType": "ap_uint",
            "dataWidth": "16",
            "portRef": "TDATA",
            "structImpl": "interface"
          },
          "user": {
            "order": "3",
            "dataType": "ap_uint",
            "dataWidth": "1",
            "portRef": "TDATA",
            "structImpl": "interface"
          },
          "last": {
            "order": "4",
            "dataType": "ap_uint",
            "dataWidth": "1",
            "portRef": "TDATA",
            "structImpl": "interface"
          },
          "id": {
            "order": "5",
            "dataType": "ap_uint",
            "dataWidth": "1",
            "portRef": "TDATA",
            "structImpl": "interface"
          },
          "dest": {
            "order": "6",
            "dataType": "ap_uint",
            "dataWidth": "1",
            "portRef": "TDATA",
            "structImpl": "interface"
          }
        }
      }
    },
    "encrypted": {
      "index": "1",
      "type": {
        "kinds": [
          "struct",
          "pointer"
        ],
        "dataType": "ap_axis<128, 1, 1, 1>",
        "structImpl": "flat-field",
        "dataPack": true,
        "fields": {
          "data": {
            "order": "0",
            "dataType": "ap_int",
            "dataWidth": "128",
            "interfaceRef": "encrypted",
            "bitMap": "127:0",
            "portRef": "TDATA",
            "structImpl": "interface",
            "dataPack": true
          },
          "keep": {
            "order": "1",
            "dataType": "ap_uint",
            "dataWidth": "16",
            "interfaceRef": "encrypted",
            "bitMap": "15:0",
            "portRef": "TDATA",
            "structImpl": "interface",
            "dataPack": true
          },
          "strb": {
            "order": "2",
            "dataType": "ap_uint",
            "dataWidth": "16",
            "interfaceRef": "encrypted",
            "bitMap": "15:0",
            "portRef": "TDATA",
            "structImpl": "interface",
            "dataPack": true
          },
          "user": {
            "order": "3",
            "dataType": "ap_uint",
            "dataWidth": "1",
            "interfaceRef": "encrypted",
            "bitMap": "0:0",
            "portRef": "TDATA",
            "structImpl": "interface",
            "dataPack": true
          },
          "last": {
            "order": "4",
            "dataType": "ap_uint",
            "dataWidth": "1",
            "interfaceRef": "encrypted",
            "bitMap": "0:0",
            "portRef": "TDATA",
            "structImpl": "interface",
            "dataPack": true
          },
          "id": {
            "order": "5",
            "dataType": "ap_uint",
            "dataWidth": "1",
            "interfaceRef": "encrypted",
            "bitMap": "0:0",
            "portRef": "TDATA",
            "structImpl": "interface",
            "dataPack": true
          },
          "dest": {
            "order": "6",
            "dataType": "ap_uint",
            "dataWidth": "1",
            "interfaceRef": "encrypted",
            "bitMap": "0:0",
            "portRef": "TDATA",
            "structImpl": "interface",
            "dataPack": true
          }
        }
      }
    },
    "key_const": {
      "index": "2",
      "type": {
        "dataType": "ap_uint",
        "dataWidth": "128",
        "interfaceRef": "s_axi_AXILiteS",
        "registerRefs": [
          "key_const_V_1",
          "key_const_V_2",
          "key_const_V_3",
          "key_const_V_4"
        ]
      }
    }
  },
  "Return": {
    
  },
  "ClockInfo": {
    "ClockName": "ap_clk",
    "ClockPeriod": "10",
    "IsCombLogic": "0",
    "II": "x",
    "Latency": "1854",
    "Uncertainty": "1.25"
  },
  "Xdc": {"OocClocks": ["create_clock -name ap_clk -period 10.000 [get_ports ap_clk]"]},
  "Ipx": {
    "Vendor": "xilinx.com",
    "Library": "hls",
    "Name": "aes_encrypt_impl",
    "Version": "1.0",
    "DisplayName": "Aes_encrypt_impl",
    "Revision": "",
    "Description": "An IP generated by Vivado HLS",
    "Taxonomy": "\/VIVADO_HLS_IP",
    "AutoFamilySupport": ""
  },
  "Files": {
    "CSource": [
      "..\/..\/..\/addRoundKey.cpp",
      "..\/..\/..\/aes_key_expand.cpp",
      "..\/..\/..\/aes_main.cpp",
      "..\/..\/..\/mixcolumn.cpp",
      "..\/..\/..\/sbox.cpp",
      "..\/..\/..\/shiftrows.cpp"
    ],
    "Vhdl": [
      "impl\/vhdl\/addRoundKey.vhd",
      "impl\/vhdl\/aes_encrypt.vhd",
      "impl\/vhdl\/aes_encrypt_iencrcud.vhd",
      "impl\/vhdl\/aes_encrypt_impl_AXILiteS_s_axi.vhd",
      "impl\/vhdl\/aes_encrypt_impl_eOg.vhd",
      "impl\/vhdl\/aes_encrypt_impl_fYi.vhd",
      "impl\/vhdl\/aes_encrypt_rounddEe.vhd",
      "impl\/vhdl\/keyExpand.vhd",
      "impl\/vhdl\/keyExpand_k.vhd",
      "impl\/vhdl\/keyExpand_ROUND_Cbkb.vhd",
      "impl\/vhdl\/keyExpand_sbox.vhd",
      "impl\/vhdl\/mixColViaLUT.vhd",
      "impl\/vhdl\/mixColViaLUT_mx2.vhd",
      "impl\/vhdl\/mixColViaLUT_mx3.vhd",
      "impl\/vhdl\/regslice_core.vhd",
      "impl\/vhdl\/aes_encrypt_impl.vhd"
    ],
    "Verilog": [
      "impl\/verilog\/addRoundKey.v",
      "impl\/verilog\/aes_encrypt.v",
      "impl\/verilog\/aes_encrypt_iencrcud.v",
      "impl\/verilog\/aes_encrypt_impl_AXILiteS_s_axi.v",
      "impl\/verilog\/aes_encrypt_impl_eOg.v",
      "impl\/verilog\/aes_encrypt_impl_fYi.v",
      "impl\/verilog\/aes_encrypt_rounddEe.v",
      "impl\/verilog\/keyExpand.v",
      "impl\/verilog\/keyExpand_k.v",
      "impl\/verilog\/keyExpand_ROUND_Cbkb.v",
      "impl\/verilog\/keyExpand_ROUND_Cbkb_rom.dat",
      "impl\/verilog\/keyExpand_sbox.v",
      "impl\/verilog\/keyExpand_sbox_rom.dat",
      "impl\/verilog\/mixColViaLUT.v",
      "impl\/verilog\/mixColViaLUT_mx2.v",
      "impl\/verilog\/mixColViaLUT_mx2_rom.dat",
      "impl\/verilog\/mixColViaLUT_mx3.v",
      "impl\/verilog\/mixColViaLUT_mx3_rom.dat",
      "impl\/verilog\/regslice_core.v",
      "impl\/verilog\/aes_encrypt_impl.v"
    ],
    "SwDriver": [
      "impl\/misc\/drivers\/aes_encrypt_impl_v1_0\/data\/aes_encrypt_impl.mdd",
      "impl\/misc\/drivers\/aes_encrypt_impl_v1_0\/data\/aes_encrypt_impl.tcl",
      "impl\/misc\/drivers\/aes_encrypt_impl_v1_0\/src\/Makefile",
      "impl\/misc\/drivers\/aes_encrypt_impl_v1_0\/src\/xaes_encrypt_impl.c",
      "impl\/misc\/drivers\/aes_encrypt_impl_v1_0\/src\/xaes_encrypt_impl.h",
      "impl\/misc\/drivers\/aes_encrypt_impl_v1_0\/src\/xaes_encrypt_impl_hw.h",
      "impl\/misc\/drivers\/aes_encrypt_impl_v1_0\/src\/xaes_encrypt_impl_linux.c",
      "impl\/misc\/drivers\/aes_encrypt_impl_v1_0\/src\/xaes_encrypt_impl_sinit.c"
    ],
    "Misc": ["impl\/misc\/logo.png"],
    "DesignXml": "Z:\/EECE4632\/project\/aes_hw_impl\/aes_hw_impl_hls\/aes_hw_impl_hls\/solution2\/.autopilot\/db\/aes_encrypt_impl.design.xml",
    "DebugDir": "Z:\/EECE4632\/project\/aes_hw_impl\/aes_hw_impl_hls\/aes_hw_impl_hls\/solution2\/.debug",
    "ProtoInst": ["Z:\/EECE4632\/project\/aes_hw_impl\/aes_hw_impl_hls\/aes_hw_impl_hls\/solution2\/.debug\/aes_encrypt_impl.protoinst"]
  },
  "SubcoreInfo": {
    "HasXpmMemory": false,
    "HasClockedDsp": false,
    "IP": []
  },
  "Interfaces": {
    "ap_clk": {
      "type": "clock",
      "ctype": {"CLK": {"Type": "bool"}},
      "bundle_name": "ap_clk",
      "bundle_role": "default",
      "buses": "s_axi_AXILiteS block_r encrypted",
      "reset": "ap_rst_n"
    },
    "ap_rst_n": {
      "type": "reset",
      "polarity": "ACTIVE_LOW",
      "ctype": {"RST": {"Type": "bool"}},
      "bundle_name": "ap_rst_n",
      "bundle_role": "default"
    },
    "block_r": {
      "type": "axi4stream",
      "mode": "slave",
      "port_prefix": "block_r",
      "has_tready": "1",
      "ctype": {
        "TDATA": {
          "Type": "integer signed",
          "Width": "128"
        },
        "TVALID": {"Type": "bool"},
        "TREADY": {"Type": "bool"},
        "TDEST": {
          "Type": "integer unsigned",
          "Width": "1"
        },
        "TKEEP": {
          "Type": "integer unsigned",
          "Width": "16"
        },
        "TSTRB": {
          "Type": "integer unsigned",
          "Width": "16"
        },
        "TUSER": {
          "Type": "integer unsigned",
          "Width": "1"
        },
        "TLAST": {
          "Type": "integer unsigned",
          "Width": "1"
        },
        "TID": {
          "Type": "integer unsigned",
          "Width": "1"
        }
      },
      "port_width": {
        "TDATA": "128",
        "TDEST": "1",
        "TID": "1",
        "TKEEP": "16",
        "TLAST": "1",
        "TSTRB": "16",
        "TUSER": "1"
      }
    },
    "encrypted": {
      "type": "axi4stream",
      "mode": "master",
      "port_prefix": "encrypted",
      "has_tready": "1",
      "ctype": {
        "TDATA": {
          "Type": "integer signed",
          "Width": "128"
        },
        "TVALID": {"Type": "bool"},
        "TREADY": {"Type": "bool"},
        "TDEST": {
          "Type": "integer unsigned",
          "Width": "1"
        },
        "TKEEP": {
          "Type": "integer unsigned",
          "Width": "16"
        },
        "TSTRB": {
          "Type": "integer unsigned",
          "Width": "16"
        },
        "TUSER": {
          "Type": "integer unsigned",
          "Width": "1"
        },
        "TLAST": {
          "Type": "integer unsigned",
          "Width": "1"
        },
        "TID": {
          "Type": "integer unsigned",
          "Width": "1"
        }
      },
      "port_width": {
        "TDATA": "128",
        "TDEST": "1",
        "TID": "1",
        "TKEEP": "16",
        "TLAST": "1",
        "TSTRB": "16",
        "TUSER": "1"
      }
    },
    "s_axi_AXILiteS": {
      "type": "axi4lite",
      "is_adaptor": "true",
      "mode": "slave",
      "port_prefix": "s_axi_AXILiteS",
      "param_prefix": "C_S_AXI_AXILITES",
      "addr_bits": "6",
      "registers": [
        {
          "offset": "0x10",
          "name": "key_const_V_1",
          "access": "W",
          "reset_value": "0x0",
          "description": "Data signal of key_const_V",
          "fields": [{
              "offset": "0",
              "width": "32",
              "name": "key_const_V",
              "access": "W",
              "reset_value": "0",
              "description": "Bit 31 to 0 Data signal of key_const_V"
            }]
        },
        {
          "offset": "0x14",
          "name": "key_const_V_2",
          "access": "W",
          "reset_value": "0x0",
          "description": "Data signal of key_const_V",
          "fields": [{
              "offset": "0",
              "width": "32",
              "name": "key_const_V",
              "access": "W",
              "reset_value": "0",
              "description": "Bit 63 to 32 Data signal of key_const_V"
            }]
        },
        {
          "offset": "0x18",
          "name": "key_const_V_3",
          "access": "W",
          "reset_value": "0x0",
          "description": "Data signal of key_const_V",
          "fields": [{
              "offset": "0",
              "width": "32",
              "name": "key_const_V",
              "access": "W",
              "reset_value": "0",
              "description": "Bit 95 to 64 Data signal of key_const_V"
            }]
        },
        {
          "offset": "0x1c",
          "name": "key_const_V_4",
          "access": "W",
          "reset_value": "0x0",
          "description": "Data signal of key_const_V",
          "fields": [{
              "offset": "0",
              "width": "32",
              "name": "key_const_V",
              "access": "W",
              "reset_value": "0",
              "description": "Bit 127 to 96 Data signal of key_const_V"
            }]
        }
      ],
      "ctype": {
        "AWVALID": {"Type": "bool"},
        "AWREADY": {"Type": "bool"},
        "WVALID": {"Type": "bool"},
        "WREADY": {"Type": "bool"},
        "BVALID": {"Type": "bool"},
        "BREADY": {"Type": "bool"},
        "BRESP": {
          "Type": "integer unsigned",
          "Width": "2"
        },
        "ARVALID": {"Type": "bool"},
        "ARREADY": {"Type": "bool"},
        "RVALID": {"Type": "bool"},
        "RREADY": {"Type": "bool"},
        "RRESP": {
          "Type": "integer unsigned",
          "Width": "2"
        },
        "AWADDR": {
          "Type": "integer unsigned",
          "Width": "6"
        },
        "WDATA": {
          "Type": "integer unsigned",
          "Width": "128"
        },
        "WSTRB": {
          "Type": "integer unsigned",
          "Width": "4"
        },
        "ARADDR": {
          "Type": "integer unsigned",
          "Width": "6"
        },
        "RDATA": {
          "Type": "integer unsigned",
          "Width": "128"
        }
      },
      "data_width": "32",
      "port_width": {
        "ARADDR": "6",
        "AWADDR": "6",
        "RDATA": "32",
        "WDATA": "32",
        "WSTRB": "4"
      }
    }
  },
  "RtlPorts": {
    "s_axi_AXILiteS_AWVALID": {
      "dir": "in",
      "width": "1"
    },
    "s_axi_AXILiteS_AWREADY": {
      "dir": "out",
      "width": "1"
    },
    "s_axi_AXILiteS_AWADDR": {
      "dir": "in",
      "width": "6"
    },
    "s_axi_AXILiteS_WVALID": {
      "dir": "in",
      "width": "1"
    },
    "s_axi_AXILiteS_WREADY": {
      "dir": "out",
      "width": "1"
    },
    "s_axi_AXILiteS_WDATA": {
      "dir": "in",
      "width": "32"
    },
    "s_axi_AXILiteS_WSTRB": {
      "dir": "in",
      "width": "4"
    },
    "s_axi_AXILiteS_ARVALID": {
      "dir": "in",
      "width": "1"
    },
    "s_axi_AXILiteS_ARREADY": {
      "dir": "out",
      "width": "1"
    },
    "s_axi_AXILiteS_ARADDR": {
      "dir": "in",
      "width": "6"
    },
    "s_axi_AXILiteS_RVALID": {
      "dir": "out",
      "width": "1"
    },
    "s_axi_AXILiteS_RREADY": {
      "dir": "in",
      "width": "1"
    },
    "s_axi_AXILiteS_RDATA": {
      "dir": "out",
      "width": "32"
    },
    "s_axi_AXILiteS_RRESP": {
      "dir": "out",
      "width": "2"
    },
    "s_axi_AXILiteS_BVALID": {
      "dir": "out",
      "width": "1"
    },
    "s_axi_AXILiteS_BREADY": {
      "dir": "in",
      "width": "1"
    },
    "s_axi_AXILiteS_BRESP": {
      "dir": "out",
      "width": "2"
    },
    "ap_clk": {
      "dir": "in",
      "width": "1"
    },
    "ap_rst_n": {
      "dir": "in",
      "width": "1"
    },
    "block_r_TDATA": {
      "dir": "in",
      "width": "128"
    },
    "block_r_TVALID": {
      "dir": "in",
      "width": "1"
    },
    "block_r_TREADY": {
      "dir": "out",
      "width": "1"
    },
    "block_r_TDEST": {
      "dir": "in",
      "width": "1",
      "isVector": "true"
    },
    "block_r_TKEEP": {
      "dir": "in",
      "width": "16"
    },
    "block_r_TSTRB": {
      "dir": "in",
      "width": "16"
    },
    "block_r_TUSER": {
      "dir": "in",
      "width": "1",
      "isVector": "true"
    },
    "block_r_TLAST": {
      "dir": "in",
      "width": "1",
      "isVector": "true"
    },
    "block_r_TID": {
      "dir": "in",
      "width": "1",
      "isVector": "true"
    },
    "encrypted_TDATA": {
      "dir": "out",
      "width": "128"
    },
    "encrypted_TVALID": {
      "dir": "out",
      "width": "1"
    },
    "encrypted_TREADY": {
      "dir": "in",
      "width": "1"
    },
    "encrypted_TDEST": {
      "dir": "out",
      "width": "1",
      "isVector": "true"
    },
    "encrypted_TKEEP": {
      "dir": "out",
      "width": "16"
    },
    "encrypted_TSTRB": {
      "dir": "out",
      "width": "16"
    },
    "encrypted_TUSER": {
      "dir": "out",
      "width": "1",
      "isVector": "true"
    },
    "encrypted_TLAST": {
      "dir": "out",
      "width": "1",
      "isVector": "true"
    },
    "encrypted_TID": {
      "dir": "out",
      "width": "1",
      "isVector": "true"
    }
  },
  "ModuleInfo": {
    "Hierarchy": {
      "ModuleName": "aes_encrypt_impl",
      "Instances": [{
          "ModuleName": "aes_encrypt",
          "InstanceName": "grp_aes_encrypt_fu_236",
          "Instances": [
            {
              "ModuleName": "keyExpand",
              "InstanceName": "grp_keyExpand_fu_340"
            },
            {
              "ModuleName": "mixColViaLUT",
              "InstanceName": "grp_mixColViaLUT_fu_351"
            },
            {
              "ModuleName": "addRoundKey",
              "InstanceName": "grp_addRoundKey_fu_362"
            }
          ]
        }]
    },
    "Info": {
      "keyExpand": {
        "FunctionProtocol": "ap_ctrl_hs",
        "isTaskLevelControl": "1",
        "isPipelined": "0",
        "isCombinational": "0",
        "isOneStateSeq": "0"
      },
      "addRoundKey": {
        "FunctionProtocol": "ap_ctrl_hs",
        "isTaskLevelControl": "1",
        "isPipelined": "0",
        "isCombinational": "0",
        "isOneStateSeq": "0"
      },
      "mixColViaLUT": {
        "FunctionProtocol": "ap_ctrl_hs",
        "isTaskLevelControl": "1",
        "isPipelined": "0",
        "isCombinational": "0",
        "isOneStateSeq": "0"
      },
      "aes_encrypt": {
        "FunctionProtocol": "ap_ctrl_hs",
        "isTaskLevelControl": "1",
        "isPipelined": "0",
        "isCombinational": "0",
        "isOneStateSeq": "0"
      },
      "aes_encrypt_impl": {
        "FunctionProtocol": "ap_ctrl_none",
        "isTaskLevelControl": "1",
        "isPipelined": "0",
        "isCombinational": "0",
        "isOneStateSeq": "0"
      }
    },
    "Metrics": {
      "keyExpand": {
        "Latency": {
          "LatencyBest": "265",
          "LatencyAvg": "265",
          "LatencyWorst": "265",
          "PipelineII": "265",
          "PipelineDepth": "",
          "PipelineType": "none"
        },
        "Timing": {
          "Target": "10.00",
          "Uncertainty": "1.25",
          "Estimate": "7.501"
        },
        "Loops": [
          {
            "Name": "Loop 1",
            "TripCount": "41",
            "Latency": "123",
            "PipelineII": "",
            "PipelineDepth": "3"
          },
          {
            "Name": "Loop 2",
            "TripCount": "44",
            "Latency": "132",
            "PipelineII": "",
            "PipelineDepth": "3"
          }
        ],
        "Area": {
          "BRAM_18K": "4",
          "FF": "136",
          "LUT": "561",
          "URAM": "0",
          "DSP48E": "0"
        }
      },
      "addRoundKey": {
        "Latency": {
          "LatencyBest": "33",
          "LatencyAvg": "33",
          "LatencyWorst": "33",
          "PipelineII": "33",
          "PipelineDepth": "",
          "PipelineType": "none"
        },
        "Timing": {
          "Target": "10.00",
          "Uncertainty": "1.25",
          "Estimate": "6.566"
        },
        "Loops": [{
            "Name": "Loop 1",
            "TripCount": "16",
            "Latency": "32",
            "PipelineII": "",
            "PipelineDepth": "2"
          }],
        "Area": {
          "FF": "25",
          "LUT": "94",
          "BRAM_18K": "0",
          "DSP48E": "0",
          "URAM": "0"
        }
      },
      "mixColViaLUT": {
        "Latency": {
          "LatencyBest": "11",
          "LatencyAvg": "11",
          "LatencyWorst": "11",
          "PipelineII": "11",
          "PipelineDepth": "",
          "PipelineType": "none"
        },
        "Timing": {
          "Target": "10.00",
          "Uncertainty": "1.25",
          "Estimate": "6.566"
        },
        "Loops": [{
            "Name": "Loop 1",
            "TripCount": "4",
            "Latency": "8",
            "PipelineII": "",
            "PipelineDepth": "2"
          }],
        "Area": {
          "BRAM_18K": "4",
          "FF": "65",
          "LUT": "285",
          "DSP48E": "0",
          "URAM": "0"
        }
      },
      "aes_encrypt": {
        "Latency": {
          "LatencyBest": "1785",
          "LatencyAvg": "1785",
          "LatencyWorst": "1785",
          "PipelineII": "1785",
          "PipelineDepth": "",
          "PipelineType": "none"
        },
        "Timing": {
          "Target": "10.00",
          "Uncertainty": "1.25",
          "Estimate": "7.501"
        },
        "Loops": [
          {
            "Name": "Loop 1",
            "TripCount": "16",
            "Latency": "32",
            "PipelineII": "",
            "PipelineDepth": "2"
          },
          {
            "Name": "Loop 2",
            "TripCount": "9",
            "Latency": "1323",
            "PipelineII": "",
            "PipelineDepth": "147",
            "Loops": [
              {
                "Name": "Loop 2.1",
                "TripCount": "16",
                "Latency": "48",
                "PipelineII": "",
                "PipelineDepth": "3"
              },
              {
                "Name": "Loop 2.2",
                "TripCount": "4",
                "Latency": "52",
                "PipelineII": "",
                "PipelineDepth": "13"
              }
            ]
          },
          {
            "Name": "Loop 3",
            "TripCount": "16",
            "Latency": "48",
            "PipelineII": "",
            "PipelineDepth": "3"
          },
          {
            "Name": "Loop 4",
            "TripCount": "16",
            "Latency": "32",
            "PipelineII": "",
            "PipelineDepth": "2"
          }
        ],
        "Area": {
          "BRAM_18K": "12",
          "FF": "419",
          "LUT": "1765",
          "URAM": "0",
          "DSP48E": "0"
        }
      },
      "aes_encrypt_impl": {
        "Latency": {
          "LatencyBest": "1854",
          "LatencyAvg": "1854",
          "LatencyWorst": "1854",
          "PipelineII": "1855",
          "PipelineDepth": "",
          "PipelineType": "none"
        },
        "Timing": {
          "Target": "10.00",
          "Uncertainty": "1.25",
          "Estimate": "7.501"
        },
        "Loops": [
          {
            "Name": "Loop 1",
            "TripCount": "16",
            "Latency": "16",
            "PipelineII": "",
            "PipelineDepth": "1"
          },
          {
            "Name": "Loop 2",
            "TripCount": "16",
            "Latency": "16",
            "PipelineII": "",
            "PipelineDepth": "1"
          },
          {
            "Name": "Loop 3",
            "TripCount": "16",
            "Latency": "32",
            "PipelineII": "",
            "PipelineDepth": "2"
          }
        ],
        "Area": {
          "BRAM_18K": "12",
          "FF": "1083",
          "LUT": "3792",
          "URAM": "0",
          "DSP48E": "0"
        }
      }
    }
  },
  "Sdx": {
    "Target": "none",
    "ProfileOption": "0",
    "ProfileType": "none",
    "XO": "",
    "KernelName": "aes_encrypt_impl",
    "EnableXoSwEmu": "1"
  },
  "GenData": {
    "DataVersion": "0.2",
    "Time": "2022-04-02 16:29:24 -0400",
    "ToolName": "vivado_hls",
    "ToolVersion": "2020.1"
  }
}
